Vocab-sound-local	Sentence-expression	Sentence-meaning
sore wo hitotsu kudasai	それを一つください。	Please give me one of those.	1
sofutokuriimu wo futatsu kudasai	ソフトクリームを二つください。	Please give me two ice cream cones.	1
kareeraisu ha nanahyakuen desu	カレーライスは700円です。	The curry and rice is 700 yen.	1
kore ha kanari kane ga kakatta	これはかなり金がかかった。	This cost quite a bit of money.	1
korewokudasai。	これをください。	I'll have this please.	1
suiyoubi ha baito ga arimasu	水曜日はバイトがあります。	I have a part-time job on Wednesdays.	1
are ha nan desu ka	あれは何ですか。	What's that?	1
osakini douzo	お先にどうぞ。	Please go ahead.	1
youka kara igirisu ni ikimasu	八日からイギリスに行きます。	I go to England on the eighth.	1
soba ni ite kudasai	そばにいて下さい。	Stay with me.	1
kotchi ni kite kudasai	こっちに来て下さい。	Please come here.	1
migi no poketto ni hankachi ga haitte imasu	右のポケットにハンカチが入っています。	There's a handkerchief in my right pocket.	1
kono hon anata ni agemasu	この本、あなたにあげます。	I'll give you this book.	1
koko ni hon ga arimasu	ここに本があります。	There's a book here.	1
kono hon ha totemo omoshiroi	この本はとてもおもしろい。	This book is very interesting.	1
banana ga nanahon arimasu	バナナが七本あります。	There are seven bananas.	1
wakatta hito ha te wo agete kudasai	分かった人は手を上げてください。	Please raise your hand if you understand.	1
onaka ga sukimashita	おなかが空きました。	I'm hungry.	1
resutoran ha suite imashita	レストランは空いていました。	The restaurant was empty.	1
raigetsu no tsuitachi ha aiteimasu ka	来月の一日は空いていますか。	Are you free on the 1st of next month?	1
nichiyoubi ha umi ni ikimashita	日曜日は海に行きました。	We went to the seaside on Sunday.	1
kono ko ha kotoshi nanatsu ni narimasu	この子は今年七つになります。	Our kid's turning seven this year.	2
kono naka de dore ga suki desu ka	この中でどれが好きですか。	Which of these do you like?	1
watashi ga ikimashou	私が行きましょう。	Why don't I go.	1
watashi ha wain ga suki desu	私はワインが好きです。	I like wine.	1
watashitachi ha bideogeemu wo shita	私たちはビデオゲームをした。	We played a video game.	1
soko ni ha watashi hitori shika inakatta	そこには私一人しかいなかった。	I was the only one there.	1
watashi ni ha tomodachi ga takusan imasu	私には友達がたくさんいます。	I have a lot of friends.	1
uchi ni kaerou	家に帰ろう。	Let's go home.	1
okagesama de genki desu	おかげさまで元気です。	I'm fine, thank you.	1
kyou ha ii tenki desu ne	今日はいい天気ですね。	It's nice out today.	1
kotoshi ha ame ga sukunai desu 。	今年は雨が少ないです。	There's not much rain this year.	1
ashita ha hareru to ii desu ne	明日は晴れるといいですね。	I hope it'll be sunny tomorrow.	1
ue wo muite	上を向いて。	Look up.	1
doa wo akete kudasai	ドアを開けてください。	Please open the door.	1
sanjuunipeeji wo hiraite kudasai	32ページを開いてください。	Please open to page 32.	1
kuchi wo ookiku akete kudasai	口を大きく開けてください。	Open wide, please.	1
chanto doa wo shimeteyo	ちゃんとドアを閉めてよ。	Close the door properly.	1
ima ha jikan ga arimasen	今は時間がありません。	I don't have time now.	1
muikamae ni nihon ni kaette kimashita	六日前に日本に帰ってきました。	I came back to Japan six days ago.	1
ushiro wo muite	後ろを向いて。	Turn around.	1
tookago ni kaerimasu	十日後に帰ります。	I'll come home in ten days.	1
gozen kuji no nyuusu desu	午前9時のニュースです。	And now for the 9.00 a.m. news.	1
konban no paateii ha nanji kara desu ka	今晩のパーティーは何時からですか。	From what time is the party tonight?	1
doyoubi no yoru ha kurabu ni ikimasu	土曜日の夜はクラブに行きます。	I'm going to a club Saturday night.	1
kinyoubi no yoru ha tomodachi to dekakemasu	金曜日の夜は友達と出かけます。	I go out with my friends on Friday nights.	1
konya ha tsuki ga totemo kirei desu	今夜は月がとてもきれいです。	The moon looks so beautiful tonight.	1
kinou no yoru ha ie ni imashita	きのうの夜は家にいました。	I was at home last night.	1
kinou taikaree wo tabemashita	昨日タイカレーを食べました。	I had Thai curry yesterday.	1
yuushoku ni ha nani wo tabetai desu ka	夕食には何を食べたいですか。	What would you like for supper?	1
bangohan ha tabemashita ka	晩ご飯は食べましたか。	Have you had dinner?	1
watashi ha pan yori gohan ga suki da	私はパンよりご飯が好きだ。	I prefer rice to bread.	1
koppu wo mittsu kaimashita	コップを三つ買いました。	I bought three glasses.	1
watashi ha hiru no dorama wo mainichi mimasu	私は昼のドラマを毎日見ます。	I watch daytime dramas every day.	1
megane ga mitsukarimasen	メガネが見つかりません。	I can't find my glasses.	1
sore ha tottemo ii hanashi da	それはとってもいい話だ。	That's a really nice story.	1
otoko no hito ga watashitachi ni hanashikaketa	男の人が私たちに話しかけた。	This guy began talking to us.	1
konshuu ha nihongo no tesuto ga arimasu	今週は日本語のテストがあります。	There's a Japanese test this week.	1
kou chiisai ji ha yomenai	こう小さい字は読めない。	I can't read such small letters.	1
mata aimashou	また会いましょう。	Let's meet again.	1
getsuyoubi ni aimashou	月曜日に会いましょう。	Let's meet on Monday.	1
kinou tomodachi ni atta	昨日、友達に会った。	I met a friend yesterday.	1
ashita kaisha wo yasumimasu	明日、会社を休みます。	I'm off work tomorrow.	1
kyou ha shigoto ga arimasen	今日は仕事がありません。	I have no work today.	1
mokuyoubi ha shigoto ga yasumi desu	木曜日は仕事が休みです。	Thursday is my day off work.	1
wakaranai baai ha watashi ni kiite kudasai	分からない場合は私に聞いてください。	Please ask me if you don't understand.	1
denki wo tsukete kudasai	電気をつけてください。	Please turn on the light.	1
eki ha doko desu ka	駅はどこですか。	Where's the station?	1
hanasu no wo yamete kudasai	話すのを止めてください。	Stop talking, please.	1
eki made arukimashou	駅まで歩きましょう。	Let's walk to the station.	1
eki no chikaku de shokuji wo shita	駅の近くで食事をした。	I ate near the station.	1
motto chikaku ni kite kudasai	もっと近くに来てください。	Please come closer.	1
eki ha koko kara chikai desu	駅はここから近いです。	The station is near here.	1
watashi no ie ha eki no chikaku desu	私の家は駅の近くです。	My house is near the station.	1
sore zenbu kudasai	それ、全部ください。	I'd like all of those, please.	1
watashi no kuni ni tsuite sukoshi ohanashi shimashou	私の国について少しお話しましょう。	Let me tell you a bit about my country.	1
kanji ha chuugoku kara kimashita	漢字は中国から来ました。	Kanji came from China.	1
akai bara wo kaimashita	赤いバラを買いました。	I bought a red rose.	1
niku to sakana to dochira ga suki desu ka	肉と魚とどちらが好きですか。	Which do you prefer, meat or fish?	1
nihonjin ha okome ga daisuki desu	日本人はお米が大好きです。	Japanese people love rice.	1
koko no ryouri ha mazui	ここの料理はまずい。	The food here is bad.	1
koko ni ha nani mo nai	ここには何も無い。	There's nothing here.	1
ima asagohan wo tsukutte imasu	今、朝ご飯を作っています。	I'm making breakfast now.	1
kono pasokon wo tsukatte kudasai	このパソコンを使ってください。	Please use this computer.	1
hiruma ha denki wo keshite kudasai	昼間は電気を消してください。	Please turn the lights off during the day.	1
omise ha mou shimatte imashita	お店はもう閉まっていました。	The shop had already closed.	1
sono mise no mae de aimashou	その店の前で会いましょう。	Let's meet in front of the shop.	1
watashi ha kono mise ni yoku kimasu	私はこの店によく来ます。	I come to this store quite often.	1
watashi no heya ha nikai ni arimasu	私の部屋は2階にあります。	My room is on the second floor.	1
watashi ha natsu ga daisuki	私は夏が大好き。	I just love summer.	1
kyou ha totemo atsui	今日はとても暑い。	It's very hot today.	1
kono suupu ha totemo atsui	このスープはとても熱い。	This soup is very hot.	1
kanada no fuyu ha totemo samui desu	カナダの冬はとても寒いです。	Canada's winters are very cold.	1
samui no de naka ni haitte kudasai	寒いので中に入ってください。	It's cold so please come inside.	1
kono heya ha samui desu	この部屋は寒いです。	It's cold in this room.	1
kotoshi no haru ha atatakai ne	今年の春は暖かいね。	It's warm this spring, isn't it.	1
kono kooto ha totemo atatakai。	このコートはとても暖かい。	This coat is really warm.	1
atarashii shigoto wo mitsukemashita。	新しい仕事を見つけました。	I found a new job.	1
atarashii teeburu wo kaimashita	新しいテーブルを買いました。	I bought a new table.	1
watashi ha furui kuruma ga suki desu	私は古い車が好きです。	I like old cars.	1
tabako ha karada ni warui	たばこは体に悪い。	Cigarettes are bad for your health.	1
watashi mo sou omoimasu	私もそう思います。	I think so too.	1
watashi mo sou omoimasu	私もそう思います。	That's what I think too.	1
anata ha dou omoimasu ka	あなたはどう思いますか。	What do you think?	1
yoku kangaete kudasai	よく考えてください。	Please think carefully.	1
kikoku suru koto ni kimemashita	帰国することに決めました。	I've decided to go back to my country.	1
kore ga kono machi de ichiban takai biru desu	これがこの町で一番高いビルです。	This is the tallest building in town.	1
kyouto ni ha otera ga ooi	京都にはお寺が多い。	There are a lot of temples in Kyoto.	1
asu no gogo okyakusama ga kuru	明日の午後、お客様が来る。	A guest is coming to visit tomorrow afternoon.	1
kono kaban ha omoi desu	このかばんは重いです。	This bag is heavy.	1
kokonoka ni nimotsu ga todokimasu	九日に荷物が届きます。	The package will arrive on the ninth.	1
anata ga kuru no wo matte imasu	あなたが来るのを待っています。	I am waiting for you to come.	1
watashi ha futsuka matta	私は二日待った。	I waited two days.	1
watashi ha kuruma wo motte imasu	私は車を持っています。	I have a car.	1
kimochi no ii asa desu	気持ちのいい朝です。	It's a pleasant morning.	1
watashi ha nihongo no sensei ni naritai desu	私は日本語の先生になりたいです。	I want to become a Japanese teacher.	1
watashi ha densha de tsuugaku shite imasu	私は電車で通学しています。	I go to school by train.	1
shigatsu ni daigaku ni nyuugaku shimashita	四月に大学に入学しました。	I entered my university in April.	1
ie kara gakkou made ha tooi desu	家から学校までは遠いです。	It's a long way from my house to the school.	1
anata no namae wo oshiete kudasai	あなたの名前を教えてください。	Please tell me your name.	1
daigaku ni itte motto benkyou shitai desu	大学に行ってもっと勉強したいです。	I want to go to college and study more.	1
watashi ha nihongo wo benkyou shite imasu	私は日本語を勉強しています。	I'm studying Japanese.	1
kyou ha kaze ga tsuyoi	今日は風が強い。	There's a strong wind today.	1
sono ko ha karada ga sukoshi yowai	その子は体が少し弱い。	That child has a somewhat weak constitution.	1
kono doa ha hiite kudasai	このドアは引いてください。	Please pull this door open.	1
shitsumon no aru kata ha douzo	質問のある方はどうぞ。	Please feel free to ask any questions.	1
tesuto de ii ten wo totta	テストでいい点を取った。	I got a good grade on the test.	1
gurasu no kazu ga tarimasen	グラスの数が足りません。	There are not enough glasses.	1
sono hito ni ha ni kai atta	その人には二回会った。	I met that person twice.	1
hawai ha yonkaime desu	ハワイは四回目です。	This is my fourth trip to Hawaii.	1
ringo wo hachiko kudasai	りんごを八個ください。	Please give me eight apples.	1
kyou ha yankiisu ga katta	今日はヤンキースが勝った。	The Yankees won today.	1
watashitachi no chiimu ha sono shiai de maketa	私たちのチームはその試合で負けた。	Our team lost the game.	1
anata ga hontouni suki desu	あなたが本当に好きです。	I really like you.	1
hoka ni houhou ga arimasen	他に方法がありません。	There's no other way.	1
tokei wo mitara choudo sanji datta	時計を見たらちょうど3時だった。	I looked at the clock and it was exactly three.	1
ano ie ni ha tokei ga yattsu arimasu	あの家には時計が八つあります。	There are eight clocks in that house.	1
watashi ga haraimashou	私が払いましょう。	Let me pay for that.	1
senen kashite kudasai	千円貸してください。	Please lend me 1000 yen.	1
shingakki ha raigetsu no yokka kara desu	新学期は来月の四日からです。	The new school term starts on the fourth of next month.	1
yuubinkyoku de kitte wo kaimashita	郵便局で切手を買いました。	I bought a stamp at the post office.	1
sono ko ha yubi de juu kazoemashita	その子は指で十数えました。	The child counted to ten on her fingers.	1
yoyaku ha irimasen	予約は要りません。	Reservations are not required.	1
yakusoku wo wasurenai de kudasai	約束を忘れないでください。	Please don't forget your promise.	1
eki karaha takushii ni notte kudasai	駅からはタクシーに乗ってください。	Please take a taxi from the station.	1
kyou ha suutsu wo kite imasu	今日はスーツを着ています。	I'm wearing a suit today.	1
soko ni suwatte kudasai	そこに座ってください。	Please sit there.	1
tsugi ha itsu aimashou ka	次はいつ会いましょうか。	When shall we meet again?	1
sono tsugi no shuu ha aitemasu ka	その次の週は空いてますか。	Are you free the following week?	1
ugokanai de	動かないで。	Freeze!	1
kesa ha hayaku ie wo demashita	今朝は早く家を出ました。	I left the house early this morning.	1
mada gakkou he iku ni ha hayai jikan desu	まだ学校へ行くには早い時間です。	It's still too early to go to school.	1
toki no tatsu no ha hayai	時の経つのは早い。	Time passes by quickly.	1
mae no kuruma ha totemo osoi	前の車はとても遅い。	The car in front is very slow.	1
tesuto wo hajimete kudasai	テストを始めてください。	Please start the test.	1
gakkou ha hachijihan ni hajimarimasu	学校は8時半に始まります。	School starts at 8:30.	1
ichi kara hajimemashou	一から始めましょう。	Let's start from the beginning.	1
atarashii toshi ga hajimarimashita	新しい年が始まりました。	A new year has started.	1
atarashii shigoto ga hajimarimashita	新しい仕事が始まりました。	My new job started.	1
asa 9 ji kara miiteingu ga hajimatta	朝9時からミーティングが始まった。	The meeting started at 9 a.m.	1
natsuyasumi mo mou owari da	夏休みももう終わりだ。	Summer vacation's already over.	1
watashi ha kyonen furansu he itta	私は去年フランスへ行った。	I went to France last year.	1
kono kami wo hanbun ni kitte kudasai	この紙を半分に切ってください。	Please cut this paper in half.	1
tegami ga todoku no ni mikka kakarimashita	手紙が届くのに三日かかりました。	It took three days for the letter to arrive.	1
watashi ha e wo miru no ga suki desu	私は絵を見るのが好きです。	I like looking at pictures.	1
kyou ha hitori no jikan wo tanoshimitai	今日は一人の時間を楽しみたい。	Today I would like to enjoy some time to myself.	1
nani ka nomimono ga hoshii na 。	何か飲み物が欲しいな。	I could really use something to drink.	1
shigoto no ato eiga wo mita	仕事の後、映画を見た。	I saw a movie after work.	1
sono shashin wo misete kudasai	その写真を見せてください。	Please show me those pictures.	1
suteki na iro no seetaa desu ne	すてきな色のセーターですね。	That sweater is a wonderful color.	1
sugu ikimasu	直ぐ行きます。	I'll go right away.	1
kono shorui wo kakinaoshite kudasai	この書類を書き直してください。	Please rewrite this document.	1
kuuraa ha mada naorimasen	クーラーはまだ直りません。	The air conditioner hasn't been repaired yet.	1
kono michi wo massugu iku to eki desu	この道を真っ直ぐ行くと駅です。	Go straight along this road to get to the station.	1
akai sen wo ni hon hiite kudasai	赤い線を2本引いて下さい。	Please draw two red lines.	1
soko wo hidari ni magatte kudasai	そこを左に曲がってください。	Please turn left there.	1
soko wo hidari ni magatte kudasai	そこを左に曲がってください。	Please turn left there.	1
youbi wo machigaemashita	曜日を間違えました。	I got the day of the week wrong.	1
kotoshi ha itaria ni ryokou shitai	今年はイタリアに旅行したい。	I want to travel to Italy this year.	1
gonin de ryokou ni ikimashita	五人で旅行に行きました。	Five of us went on a trip.	1
nichiyoubi ha toshokan ni ikimasu	日曜日は図書館に行きます。	I go to the library on Sundays.	1
toshokan de ryouri no hon wo karita	図書館で料理の本を借りた。	I borrowed a cookbook from the library.	1
shukudai ha mada owatte imasen	宿題は未だ終わっていません。	I haven't finished my homework yet.	1
watashi ha tomodachi no tokoro ni tomatta	私は友達のところに泊まった。	I stayed at my friend's place for the night.	1
kyou ha kono hoteru ni tomarimasu	今日はこのホテルに泊まります。	I'm staying at this hotel today.	1
uchi ni asobi ni kite kudasai	家に遊びに来てください。	Please come over to my house.	1
kono fuku ha totemo yasukatta	この服はとても安かった。	These clothes were very cheap.	1
kinou atarashii fuku wo katta	昨日、新しい服を買った。	I bought some new clothes yesterday.	1
mado wo akete kudasai	窓を開けてください。	Please open the window.	1
otousan ha kaishain desu	お父さんは会社員です。	My father's a company employee.	1
watashi ha chichi ga daisuki desu	私は父が大好きです。	I love my father.	1
haha to denwa de hanashimashita	母と電話で話しました。	I spoke to my mother on the phone.	1
kinou haha to hanashi wo shimashita	昨日、母と話をしました。	I talked to my mother yesterday.	1
ane ha ginkou de hataraiteimasu。	姉は銀行で働いています。	My big sister works at a bank.	1
ane ha daigakusei desu	姉は大学生です。	My big sister's a college student.	1
ane ha daigakusei desu	姉は大学生です。	My big sister's a college student.	1
kinou anata no oneesan ni atta yo	昨日、あなたのお姉さんに会ったよ。	I met your older sister yesterday.	1
imouto ha uta ga jouzu desu	妹は歌が上手です。	My little sister can sing.	1
watashi no imouto ha shougakusei desu	私の妹は小学生です。	My little sister goes to elementary school.	1
anata no oniisan ha nansai	あなたのお兄さんは何歳?	How old's your big brother?	1
otouto ga kuruma wo katta	弟が車を買った。	My younger brother bought a car.	1
watashi no otouto ha koukousei desu	私の弟は高校生です。	My little brother's a high school student.	1
watashi no musume ha amerika ni imasu	私の娘はアメリカにいます。	My daughter is in the United States.	1
musume ha asu kokonotsu ni narimasu	娘は明日九つになります。	My daughter's turning nine tomorrow.	1
uchi no musuko ha daigaku ichinensei desu	うちの息子は大学1年生です。	My son's a college freshman.	1
musuko ha muttsu ni narimashita	息子は六つになりました。	My son turned six.	1
ten'in ha wakai onna no hito deshita	店員は若い女の人でした。	The salesclerk was a young woman.	1
kare no kuruma ha atarashii	彼の車は新しい。	His car is new.	1
kare ha ima benkyou shite imasu	彼は今、勉強しています。	He's studying now.	1
kare ha mou kaerimashita 。	彼はもう帰りました。	He's already gone home.	1
kare ha majime na gakusei desu	彼は真面目な学生です。	He's a serious student.	1
kanojo ha yoku ryokou ni ikimasu	彼女はよく旅行に行きます。	She often goes on holiday.	1
kanojo ha ooeru desu	彼女はOLです。	She's an office worker.	1
kanojo ha rajio wo kiite imasu	彼女はラジオを聞いています。	She's listening to the radio.	1
kare ha mada wakai desu	彼はまだ若いです。	He's still young.	1
kare ha kanari eigo ga jouzu desu	彼はかなり英語が上手です。	He's pretty good at English.	1
kare ha kaisha no chikaku ni sunde iru	彼は会社の近くに住んでいる。	He lives near his office.	1
kare ha suteeji ni tatta	彼はステージに立った。	He stood on stage.	1
kare no kimochi ga wakaranai	彼の気持ちが分からない。	I don't understand his feelings.	1
kare no ie ha totemo hiroi	彼の家はとても広い。	His house is very big.	1
kare ha maiban sankiro hashitte imasu	彼は毎晩3キロ走っています。	Every night he runs three kilometers.	1
kare ha ie wo utta	彼は家を売った。	He sold the house.	1
kare ha suugaku wo oshiete imasu	彼は数学を教えています。	He teaches mathematics.	1
kare no ie ni nimotsu wo okurimashita	彼の家に荷物を送りました。	I sent a package to his house.	1
kare ni tegami wo kakimashita	彼に手紙を書きました。	I wrote him a letter.	1
kanojo kara purezento wo moraimashita	彼女からプレゼントをもらいました。	I got a present from her.	1
kare ha ashi ga nagai	彼は足が長い。	He has long legs.	1
kanojo ha itariago ga dekimasu	彼女はイタリア語が出来ます。	She knows Italian.	1
kare ha ashi ga mijikai	彼は足が短い。	His legs are short.	1
kanojo ha itsumo genki da	彼女はいつも元気だ。	She's always full of energy.	1
kanojo ha zasshi wo yonde imasu	彼女は雑誌を読んでいます。	She's reading the magazine.	1
kare ha hashiru no ga hayai	彼は走るのが速い。	He runs fast.	1
kanojo ha mimi ga yoku kikoemasen	彼女は耳がよく聞こえません。	Her hearing isn't very good.	1
kare ha nimotsu wo amidana ni ageta	彼は荷物をあみだなに上げた。	He put the luggage on the luggage rack.	1
kare ha totemo tanoshii hito desu	彼はとても楽しい人です。	He's very fun to be with.	1
kanojo ha yoku shaberu ne	彼女はよくしゃべるね。	She really likes to chat, doesn't she?	1
kanojo ha sannin no kodomo no hahaoya da	彼女は三人の子供の母親だ。	She's the mother of three children.	1
kare ha hirusugi ni kimasu	彼は昼過ぎに来ます。	He'll come after lunch.	1
kanojo ha ii tomodachi desu	彼女は良い友達です。	She's a good friend.	1
kare ha watashi no hou wo mimashita	彼は私の方を見ました。	He looked at me.	1
kanojo ha aoi me wo shite imasu	彼女は青い目をしています。	She has blue eyes.	1
kare ni ha kodomo ga rokunin imasu	彼には子供が六人います。	He has six children.	1
kanojo ha aki ni kekkon shimasu	彼女は秋に結婚します。	She'll get married this fall.	1
kanojo ha raigetsu kekkon shimasu	彼女は来月結婚します。	She's getting married next month.	1
watashitachi ha sengetsu juuichi nichi ni kekkon shimashita	私たちは先月11日に結婚しました。	We got married last month on the 11th.	1
mainichi eki made jitensha de ikimasu	毎日、駅まで自転車で行きます。	I go to the station by bike every day.	1
shukudai ha jibun de yarinasai	宿題は自分でやりなさい。	Do your homework by yourself.	1
goshujin ha ogenki desu ka	ご主人はお元気ですか。	How is your husband?	1
kaigi ha yoji ni owarimasu	会議は4時に終わります。	The conference ends at four o'clock.	1
kayoubi ni kaigi ga arimasu	火曜日に会議があります。	There's a meeting on Tuesday.	1
kotae ga chigaimasu	答えが違います。	That's the wrong answer.	1
watashi no shitsumon ni kotaete kudasai	私の質問に答えてください。	Please answer my question.	1
betsu no hon mo misete kudasai	別の本も見せてください。	Please show me another book.	1
kare ha isha ni narimashita	彼は医者になりました。	He became a doctor.	1
kore ha isha no tame no saito desu	これは医者のためのサイトです。	This is a site for doctors.	1
kare ha ha ga shiroi	彼は歯が白い。	His teeth are white.	1
kyoukasho wo tojite kudasai	教科書を閉じてください。	Please close your textbooks.	1
kare ha kaban kara kyoukasho wo dashita	彼はかばんから教科書を出した。	He took the textbook out of his bag.	1
sangatsu ha shigoto ga isogashii	3月は仕事が忙しい。	I have a lot of work in March.	1
kongetsu ha totemo isogashii	今月はとても忙しい。	I'm very busy this month.	1
sukoshi tsukaremashita	少し疲れました。	I'm a little tired.	1
kanojo ha sake ni tsuyoi	彼女は酒に強い。	She holds her liquor well.	1
tomodachi to osake wo nonde imasu	友達とお酒を飲んでいます。	I'm drinking sake with a friend.	1
osake ha otona ni natte kara	お酒は大人になってから。	You can drink alcohol when you're an adult.	1
mizu wo ippai kudasai	水を一杯ください。	Please give me a glass of water.	1
puuru ha hito de ippai desu	プールは人で一杯です。	The pool is packed.	1
kare ha igai ni ki ga chiisai	彼は意外に気が小さい。	He's unexpectedly timid.	1
shitsumon no imi ha wakarimashita ka	質問の意味は分かりましたか。	Did you understand the meaning of the question?	1
kodomotachi ga kouen de asonde iru	子供たちが公園で遊んでいる。	The children are playing in the park.	1
musuko ha hikouki no omocha ga suki desu	息子は飛行機のおもちゃが好きです。	My son likes toy airplanes.	1
onegai ga arimasu	お願いがあります。	I have a favor to ask.	1
kouji ha sangatsu made tsuzukimasu	工事は3月まで続きます。	Construction will continue until March.	1
kirin no kubi ha nagai	きりんの首は長い。	Giraffes' necks are long.	1
kesa kara atama ga itai	今朝から頭が痛い。	I've had a headache since this morning.	1
kyou ha atama ga itai desu	今日は頭が痛いです。	I have a headache today.	1
kare ha yuubinkyoku wo sagashite imashita	彼は郵便局を探していました。	He was looking for the post office.	1
otearai ha doko desu ka	お手洗いはどこですか。	Where's the bathroom?	1
tsumetai nomimono wo kudasai	冷たい飲み物をください。	Please give me a cold drink.	1
kare no heya ha totemo kitanai	彼の部屋はとても汚い。	His room is very dirty.	1
kanojo ha ashi ga futoi	彼女は足が太い。	She has fat legs.	1
yakyuu ha kyuunin de hitochiimu desu	野球は九人で1チームです。	In baseball there are nine people on one team.	1
otouto ha yakyuu ga suki desu	弟は野球が好きです。	My little brother likes baseball.	1
kare ha kami wo shinjite iru	彼は神を信じている。	He believes in God.	1
watashitachi ha rainen ie wo tatemasu	私たちは来年、家を建てます。	We're building a house next year.	1
ano ookii tatemono ha nan desu ka	あの大きい建物は何ですか。	What's that big building?	1
kare no nihongo no reberu ha watashi to onaji kurai da	彼の日本語のレベルは私と同じ位だ。	His Japanese level is about the same as mine.	1
ano hon wo doko ni okimashita ka	あの本をどこに置きましたか。	Where did you put that book?	1
kare ha kaban wo isu no ue ni okimashita	彼はかばんをいすの上に置きました。	He put the bag on the chair.	2
asoko ni basutei ga arimasu	あそこにバス停があります。	There's a bus stop over there.	1
kare ha konohen ni sunde imasu	彼はこの辺に住んでいます。	He lives around here.	1
kanojo ni kiiroi bara wo kaimashita	彼女に黄色いバラを買いました。	I bought her a yellow rose.	1
tomodachi to issho ni shukudai wo shita	友達と一緒に宿題をした。	I did my homework with a friend.	1
isshoni kaerimashou	一緒に帰りましょう。	Let's go home together.	1
rainen issho ni ryokou shimashou	来年一緒に旅行しましょう。	Let's travel together next year.	1
kono machi ni ha midori ga takusan arimasu	この町には緑がたくさんあります。	There's a lot of greenery in this town.	1
kono mondai ha kanari yasashii desu	この問題はかなり易しいです。	This problem is pretty easy.	1
kare ha ryuugakusei desu	彼は留学生です。	He's a foreign student.	1
ima kaisha ni modorimasu	今、会社に戻ります。	I'm going back to the office now.	1
watashi ha maiasa rokuji ni okimasu	私は毎朝6時に起きます。	I get up at six o'clock every morning.	1
machi de daijiken ga okorimashita	町で大事件が起こりました。	There was a major incident in town.	1
asu rokuji ni okoshite kudasai	明日、6時に起こしてください。	Please wake me up tomorrow at six o'clock.	1
kinjo de tounan jiken ga okimashita	近所で盗難事件が起きました。	Some burglaries occurred in the neighborhood.	1
mou neyou	もう寝よう。	Let's go to bed.	1
kanojo ha tabun ie de nete imasu	彼女は多分家で寝ています。	She's probably sleeping at home.	1
watashi ha madogawa no seki ni suwatta	私は窓側の席に座った。	I sat in a window seat.	1
hon wo issatsu kaimashita	本を１冊買いました。	I bought one book.	1
kanojo ha yubi ga hosoi desu ne	彼女は指が細いですね。	Her fingers are thin.	1
watashi ha mainichi nikki wo tsukete imasu	私は毎日、日記を付けています。	I keep a diary every day.	1
kare ha tokidoki chikoku shimasu	彼は時々遅刻します。	He's sometimes late.	1
kare ha shiitoberuto wo shimeta	彼はシートベルトを締めた。	He fastened his seat belt.	1
kono ichigo ha amai	このイチゴは甘い。	This strawberry is sweet.	1
kare ha karai mono ga suki desu	彼は辛いものが好きです。	He likes spicy food.	1
ryokou no nittei wo kaemashita	旅行の日程を変えました。	I changed our travel schedule.	1
ryokou no nittei ga kimarimashita	旅行の日程が決まりました。	I've decided on my travel schedule.	1
kare ha totemo yasashii hito desu	彼はとても優しい人です。	He's a very kind person.	1
kare ha yasashii hito desu	彼は優しい人です。	He's a nice guy.	1
watashi no otto ha sarariiman desu	私の夫はサラリーマンです。	My husband is a company employee.	1
dare mo sono hanashi wo shiranai	誰もその話を知らない。	No one knows that story.	1
dare to atte mitai desu ka	誰と会ってみたいですか。	Who would you like to meet one day?	1
oya no ai ha arigatai	親の愛は有り難い。	We're grateful for our parents' love.	1
watashi ha kazoku wo aishite imasu	私は家族を愛しています。	I love my family.	1
tomodachi ga tanjoubi purezento wo kureta	友達が誕生日プレゼントをくれた。	My friend gave me a birthday present.	1
raigetsu no hatsuka ha otouto no tanjoubi desu	来月の二十日は弟の誕生日です。	The 20th of next month is my little brother's birthday.	1
kyou ha tsuma no tanjoubi da	今日は妻の誕生日だ。	It's my wife's birthday today.	1
gogatsu itsuka ha shukujitsu desu	五月五日は祝日です	May 5th is a holiday.	1
doushite naite iru no	どうして泣いているの。	Why are you crying?	1
koko kara fujisan ga yoku miemasu	ここから富士山がよく見えます。	You can see Mount Fuji well from here.	1
ani ha suiei ga tokui desu	兄は水泳が得意です。	My big brother is good at swimming.	1
kono budou ha suppai desu	このぶどうは酸っぱいです。	These grapes are sour.	1
chiisai hana ga saite imasu	小さい花が咲いています。	Small flowers are blooming.	1
kono kotoba no imi ga wakarimasen	この言葉の意味が分かりません。	I don't understand the meaning of this word.	1
kono keeki ha oishii ne	このケーキはおいしいね。	This cake is yummy.	1
ueitaa wo yobimashou	ウェイターを呼びましょう。	Let's call the waiter.	1
mune ni sukoshi itami ga arimasu	胸に少し痛みがあります。	I have a slight pain in my chest.	1
kinou kara koshi ga itai	昨日から腰が痛い。	I've had a pain in my lower back since yesterday.	1
sara ni keeki wo nosemashita。	皿にケーキを載せました。	I put the cake on the plate.	1
kare ha se ga hikui	彼は背が低い。	He's short.	1
kare ha kurasu de ichiban se ga takai	彼はクラスで一番背が高い。	He's the tallest in class.	1
kanojo ha se ga takai	彼女は背が高い。	She's tall.	1
soko ni ooki na en wo kaite	そこに大きな円を描いて。	Draw a big circle there.	1
imouto ha hiragana wo zenbu oboemashita	妹は平仮名を全部覚えました。	My little sister learned all the hiragana.	1
onamae wo katakana de kaite kudasai	お名前を片仮名で書いてください。	Please write your name in katakana.	1
watashi ha hiragana wo zenbu yomemasu	私は平仮名を全部読めます。	I can read all the hiragana.	1
sono eiga ha totemo kanashikatta	その映画はとても悲しかった。	That movie was very sad.	1
kono e ha utsukushii desu	この絵は美しいです。	This picture is beautiful.	1
nippon no tabemono ha totemo oishii desu	日本の食べ物はとても美味しいです。	Japanese food is very delicious.	1
joushi ga ippai nomou to itta	上司が「一杯、飲もう。」と言った。	"My boss said: ""Let's have a drink."""	1
kare ha watashi no joushi desu	彼は私の上司です。	He's my senior.	1
kyou ha nihongo no jugyou ga arimasu	今日は日本語の授業があります。	There's going to be a Japanese class today.	1
okaasan ni yoroshiku otsutae kudasai	お母さんによろしくお伝えください。	Please give my best to your mother.	1
watashi ga tetsudaimashou	私が手伝いましょう。	Can I help you?	1
tori ga tonde imasu	鳥が飛んでいます。	A bird is flying.	1
watashitachi ha ooki na koe de utaimashita	私たちは大きな声で歌いました。	We sang loudly.	1
inu ga byouki de shinimashita。	犬が病気で死にました。	Our dog got sick and died.	1
watashi ha inu ga daisuki da	私は犬が大好きだ。	I love dogs.	1
densha de kodomo ga sawaide ita	電車で子供が騒いでいた。	Kids were making a racket in the train.	1
watashi no heya ha semai desu	私の部屋は狭いです。	My room is small.	1
e ni sawaranai de kudasai	絵に触らないでください。	Please don't touch the painting.	1
watashi ha tabako ga kirai desu	私はタバコが嫌いです。	I hate cigarettes.	1
sengetsu no nanoka ni mago ga umaremashita	先月の七日に孫が生まれました。	My grandchild was born on the seventh of last month.	1
watashi no tsukue no ue ni shorui ga takusan arimasu	私の机の上に書類がたくさん有ります。	There are a lot of documents on my desk.	1
watashi ha asa shawaa wo abimasu	私は朝、シャワーを浴びます。	I take a shower in the morning.	1
minna isshoukenmei ikite iru	皆一生懸命生きている。	They're all living their lives the best way that they can.	1
kanojo no kami ha totemo nagai	彼女の髪はとても長い。	Her hair is very long.	1
kaminoke ga nobita ne	髪の毛が伸びたね。	Your hair's longer, isn't it?	1
hana ga kayui desu	鼻がかゆいです。	My nose itches.	1
kare no ude ha futoi	彼の腕は太い。	He has big arms.	1
watashi ha udedokei wo yottsu motte imasu	私は腕時計を四つ持っています。	I have four wristwatches.	1
minna ni okashi wo agemashou	みんなにお菓子をあげましょう。	Let's give everyone some sweets.	1
akanbou ga waratte imasu	赤ん坊が笑っています。	The baby is laughing.	1
kami to enpitsu ha arimasu ka	紙と鉛筆はありますか。	Do you have paper and pencil?	1
saifu ha tsukue no shita ni atta	財布は机の下にあった。	My purse was under the desk.	1
kare ha kaban ni techou wo ireta	彼はかばんに手帳を入れた。	He put the appointment book in his bag.	1
kanojo ha nemui you desu	彼女は眠いようです。	It looks like she's sleepy.	1
otto no fuku wo hangaa ni kaketa	夫の服をハンガーに掛けた。	I put my husband's clothes on a hanger.	1
kata ga korimashita	肩が凝りました。	My shoulders are stiff.	1
boku ha gakusei desu	僕は学生です。	I'm a student.	1
asu ha hirugoro kara kumoru deshou	明日は昼頃から曇るでしょう。	It'll probably get cloudy around noon tomorrow.	1
kare ha dame na otoko da	彼は駄目な男だ。	He's a loser.	1
neko ga yane ni nobotte iru	猫が屋根に上っている。	The cat's up on the roof.	1
saru mo ki kara ochiru	猿も木から落ちる。	Monkeys also fall from trees.	1
watashi ha karada ga joubu da	私は体が丈夫だ。	I'm physically strong.	1
daijoubu desu ka	大丈夫ですか。	Are you OK?	1
sofu ga byouki ni natta	祖父が病気になった。	My grandfather got sick.	1
watashi no sobo ha hyakusai desu	私の祖母は百才です。	My grandmother is 100 years old.	1
watashi ha kaze wo hikimashita 。	私は風邪を引きました。	I caught a cold.	1
momo wo itsutsu kudasai	桃を五つください。	I'd like five peaches, please.	1
kare ha taoru de kao wo fukimashita	彼はタオルで顔を拭きました。	He wiped his face with a towel.	1
kono kutsu ha totemo karui	この靴はとても軽い。	These shoes are very light.	1
kanojo ha chairo no kutsu wo haite imasu	彼女は茶色の靴を履いています。	She's wearing brown shoes.	1
boku ha atarashii kutsu ga hoshii desu	僕は新しい靴が欲しいです。	I want new shoes.	1
kono kutsu ha ichimanen desu	この靴は1万円です。	These shoes are ten thousand yen.	1
kanojo ha totemo kirei da	彼女はとても奇麗だ。	She's very beautiful.	1
nodo ga kawakimashita	喉が渇きました。	I'm thirsty.	1
kare ni aete ureshikatta	彼に会えて嬉しかった。	I was glad to meet him.	1
hiza ni itami wo kanjimasu	膝に痛みを感じます。	I feel a pain in my knee.	1
kakinoki ni mi ga takusan natte imasu	柿の木に実がたくさんなっています。	A lot of fruit is ripening on the persimmon tree.	1
ringo wo hitotsu kudasai	りんごを一つください。	Please give me one of the apples.	1
okane ga hotondo arimasen	お金がほとんどありません。	There's hardly any money.	1
okane ha mada juubun arimasu	お金はまだ十分あります。	We still have plenty of money.	1
kono keeki ha anata no bun desu	このケーキはあなたの分です。	This is your share of the cake.	1
anata ha nanika supootsu wo shite imasu ka	あなたは何かスポーツをしていますか。	Which sport do you play?	1
imamade doko ni ita no desu ka	今までどこにいたのですか。	Where were you until now?	1
kyou ha gomi no hi da	今日はごみの日だ。	Today is garbage day.	1
naze konakatta no	なぜ来なかったの。	Why didn't you come?	1
itsudemo uchi ni kite kudasai	いつでもうちに来てください。	Please come to my house any time.	1
basu de ikou	バスで行こう。	Let's go by bus.	1
kyou ha pikunikku ni ikimashou	今日はピクニックに行きましょう。	Let's go on a picnic today.	1
achira ni itte miyou	あちらに行ってみよう。	Let's go that way.	1
shounentachi ga sakkaa wo shite iru	少年たちがサッカーをしている。	The boys are playing soccer.	1
kono shatsu ha sukoshi kitsui desu	このシャツは少しきついです。	This shirt is a little tight.	1
kyasshukaado de okane wo oroshita	キャッシュカードでお金を下ろした。	I took out some money with my cash card.	1
annani ii hito ha imasen	あんなにいい人はいません。	There could never be such a good person.	1
mizu wo ichikappu irete kudasai	水を1カップ入れてください。	Please put in one cup of water.	1
hairu toki ha doa wo nokku shite kudasai	入る時はドアをノックしてください。	Please knock before entering.	1
suutsu wo kuriiningu ni dashimashita	スーツをクリーニングに出しました。	I sent the suit to the cleaners.	1
kono hon anata ni agemasu	この本、あなたにあげます。	I'll give you this book.	1
nippon he youkoso	日本へようこそ。	Welcome to Japan.	1
sokode shibaraku yasunde imasu	そこでしばらく休んでいます。	He's resting over there for a while.	1
deguchi ha asoko desu	出口はあそこです。	The exit's over there.	1
daibu piano ga umaku narimashita	大分ピアノが上手くなりました。	You've gotten pretty good at the piano.	1
hankachi de te wo fukimashita	ハンカチで手をふきました。	I wiped my hands with my handkerchief.	1
senshuu ha umi ni itta	先週は海に行った。	I went to the beach last week.	1
otokonokotachi ga sakkaa wo shite iru	男の子たちがサッカーをしている。	The boys are playing soccer.	1
ano ko ha oshare da ne	あの子はおしゃれだね。	That girl is trendy.	1
kodomo ha kareeraisu ga suki desu	子供はカレーライスが好きです。	Children like curry and rice.	1
sono ko ha itazura ga daisuki da	その子はいたずらが大好きだ。	That kid loves playing tricks.	1
watashi ha ishi ni tsumazuita	私は石につまづいた。	I tripped on a stone.	1
watashitachi ha hayashi no naka ni haitte itta	私たちは林の中に入っていった。	We entered the woods.	1
watashi ha budou ga suki desu	私はぶどうが好きです。	I like grapes.	1
watashi ha orenji ga suki desu	私はオレンジが好きです。	I like oranges.	1
watashi ha tomato ga daisuki desu	私はトマトが大好きです。	I love tomatoes.	1
watashi ha anaunsaa ni naritai	私はアナウンサーになりたい。	I want to become an announcer.	1
watashi no booifurendo ha hansamuna kata deshita	私のボーイフレンドはハンサムな方でした。	My boyfriend was a handsome man.	1
watashi ha onaka ga pekopeko desu	私はおなかがぺこぺこです。	I'm very hungry.	1
watashi no shaapupenshiru ga arimasen	私のシャープペンシルがありません。	My mechanical pencil is missing.	1
watashi ha ebi no tenpura ga suki desu	私はえびのてんぷらが好きです。	I like shrimp tempura.	1
tomodachi to kyanpu ni itta	友達とキャンプに行った。	I went camping with a friend.	1
koko ga watashi no ie desu	ここが私の家です。	This is my house.	1
koko ha kuuki ga kirei desu	ここは空気がきれいです。	The air here is clean.	1
kono bando ha totemo ninki ga aru yo	このバンドはとても人気があるよ。	That band is very popular.	1
yama no kuuki ha kirei da	山の空気はきれいだ。	The mountain air is clean.	2
koko no umi ha totemo aoi	ここの海はとても青い。	The sea here is very blue.	1
asu no tenki ha hare desu	明日の天気は晴れです。	Tomorrow's weather will be sunny.	1
ashita mata kimasu	明日、また来ます。	I'll come again tomorrow.	1
kinou ha yuujin to haikingu ni ikimashita	昨日は友人とハイキングに行きました。	I went hiking with a friend yesterday.	1
higashi no sora ga kurai desu	東の空が暗いです。	The eastern sky is dark.	1
higashi no sora ga kurai desu	東の空が暗いです。	The eastern sky is dark.	1
roshia ha nippon no kita ni arimasu	ロシアは日本の北にあります。	Russia is north of Japan.	1
tomodachi ha mukou ni imasu	友達は向こうにいます。	My friend is over there.	1
kotchi wo muite kudasai	こっちを向いてください。	Please turn this way.	1
iriguchi ha mukou desu	入り口は向こうです。	The entrance is over there.	1
ashita uchi de paateii wo hirakimasu	明日、うちでパーティーを開きます。	Tomorrow I'm having a party at my house.	1
sanjuunipeeji wo hiraite kudasai	32ページを開いてください。	Please open to page 32.	1
nooto wo hiraite kudasai	ノートを開いてください。	Please open your notebook.	1
fusuma wo shimete kudasai	ふすまを閉めてください。	Please close the sliding door.	1
ano suutsu ha sonnani takaku nai	あのスーツはそんなに高くない。	That suit is reasonably priced.	1
hajime ha umaku dekimasen deshita 。	初めは上手くできませんでした。	I couldn't do it well at first.	1
asatte ha kyuujitsu desu 。	明後日は休日です。	The day after tomorrow's a holiday.	1
nippon ni kite hantoshi ni narimasu	日本に来て半年になります。	It has been half a year since I came to Japan.	1
hantsukimae ni nihon ni kimashita	半月前に日本に来ました。	I came to Japan half a month ago.	1
asa kaaten wo aketa	朝、カーテンを開けた。	I opened the curtains in the morning.	1
watashi ha maiasa jogingu wo shimasu	私は毎朝ジョギングをします。	I jog every morning.	1
kyou no ohiru ha sandoitchi desu	今日のお昼はサンドイッチです。	We're having sandwiches for lunch.	1
konya ha tsuki ga totemo kirei desu	今夜は月がとてもきれいです。	The moon is very beautiful tonight.	1
kinou no yuugata tomodachi to pinpon wo shita	昨日の夕方、友達とピンポンをした。	I played ping-pong with a friend last night.	1
kurisumasu ni ha keeki wo tabemasu	クリスマスにはケーキを食べます。	We eat cake at Christmas.	1
watashi ha maiasa banana wo tabemasu	私は毎朝バナナを食べます。	I eat a banana every morning.	1
pan ni bataa wo nutte tabemashita	パンにバターをぬって食べました。	I spread some butter on the bread and ate it.	1
sarada wo takusan tabemashita	サラダをたくさん食べました。	I ate a lot of salad.	1
yuushoku ni raamen wo tabemashita	夕食にラーメンを食べました。	I ate ramen for supper.	1
watashi ha ohiru ni udon wo tabemashita	私はお昼にうどんを食べました。	I ate udon noodles for lunch.	1
kareeraisu ha supuun de tabemasu	カレーライスはスプーンで食べます。	You eat curry and rice with a spoon.	1
ohiru ni soba wo tabeta	お昼にそばを食べた。	I ate buckwheat noodles for lunch.	1
kyou no yuushoku ha watashi ga gochisou shimasu	今日の夕食は私がごちそうします。	I'll treat you to dinner tonight.	1
yuushoku ha shichiji desu	夕食は7時です。	Dinner's at seven o'clock.	1
wain wo sukoshi nomimashita	ワインを少し飲みました。	I drank a little wine.	1
watashi ha maiasa koohii wo nomimasu	私は毎朝コーヒーを飲みます。	I drink coffee every morning.	1
asagohan ni ha itsumo pan wo taberu	朝ご飯にはいつもパンを食べる。	I always eat bread for breakfast.	1
kyou no hirugohan ha hanbaagaa deshita	今日の昼ご飯はハンバーガーでした。	I had a hamburger for lunch today.	1
bangohan no okazu ha nani	晩ご飯のおかずは何?	What are we having for dinner?	1
okane ga tarinakute kaenakatta	お金が足りなくて買えなかった。	I couldn't buy it because I didn't have enough money.	1
tenisu no raketto wo kaimashita	テニスのラケットを買いました。	I bought a tennis racket.	1
purintaa no inku wo katta	プリンターのインクを買った。	I bought some printer ink.	1
watashi ha terebi wo amari mimasen	私はテレビをあまり見ません。	I don't watch much TV.	1
gopeeji no saisho wo mite kudasai	5ページの最初を見てください。	Please look at the beginning of page 5.	1
kyou ha yama ga hakkiri mieru	今日は山がはっきり見える。	You can see the mountains clearly today.	1
yoru no nyuusu wo mimashita ka	夜のニュースを見ましたか。	Did you see the evening news?	1
kyuujitsu ha ie de yoku terebi wo mimasu	休日は家でよくテレビを見ます。	I often watch television at home on my days off.	1
watashi ha dorama wo miru no ga suki desu	私はドラマを見るのが好きです。	I like to watch TV dramas.	1
pasupooto ga mitsukaranai	パスポートが見つからない。	I can't find my passport.	1
tomodachi to hanami wo shimashita	友達と花見をしました。	I went cherry blossom-viewing with a friend.	1
sonna iikata wo shite ha ikemasen	そんな言い方をしてはいけません。	You mustn't talk like that.	1
motto yukkuri hanashite kudasai	もっとゆっくり話してください。	Please speak more slowly.	1
tekisuto wo yonde kudasai	テキストを読んでください。	Please read the textbook.	1
konya ha ooini katarimashou	今夜は大いに語りましょう。	Let's talk about everything tonight.	1
sono ko ha nihongo ga wakaranai	その子は日本語が分からない。	That kid doesn't understand Japanese.	1
anata ha eigo ga hanasemasu ka	あなたは英語が話せますか。	Can you speak English?	1
watashi ha migite de ji wo kakimasu	私は右手で字を書きます。	I write right-handed.	1
motto ookiku ji wo kaite kudasai	もっと大きく字を書いてください。	Please write the letters larger.	1
kesa ha rokuji ni me ga sameta	今朝は6時に目が覚めた。	I woke up at six o'clock this morning.	1
kodomo ga me wo samashita	子供が目を覚ました。	The child woke up.	1
izure mata oai shimashou	いずれまたお会いしましょう。	Let's meet again sometime.	1
kinou ojisan ni aimashita	昨日おじさんに会いました。	I met my uncle yesterday.	1
watashitachi ha yoku hanashiaimashita	私たちはよく話し合いました。	We often talked to each other.	1
sono kaisha ha raigetsu kyanpeen wo okonau	その会社は来月、キャンペーンを行う。	That company is going to run a campaign next month.	1
ima kaisha ni mukatte imasu	今、会社に向かっています。	I'm heading for the office right now.	1
ashita kaisha wo yasumimasu	明日、会社を休みます。	I'm off work tomorrow.	1
fairu no daunroodo no shikata ga wakarimasen	ファイルのダウンロードの仕方が分かりません。	I don't know how to download the file.	1
mokuyoubi ha shigoto ga yasumi desu	木曜日は仕事が休みです。	Thursday is my day off work.	1
shigoto no kaeri ni biiru wo nonda	仕事の帰りにビールを飲んだ。	I had a beer on the way home from work.	1
okarada wo odaiji ni	お体をお大事に。	Take care of yourself.	1
kyou ha hannichi dake shigoto da	今日は半日だけ仕事だ。	I'm working only a half-day today.	1
denki ga tsuita mama desu yo	電気がついたままですよ。	The light is still on.	1
atode denwa shimasu	あとで電話します。	I will call you later.	1
denki wotsuketekudasai	電気をつけてください。	Please turn on the light.	1
yonaka ni denwa ga arimashita	夜中に電話がありました。	I got a telephone call in the middle of the night.	1
densha no doa ga akimashita	電車のドアが開きました。	The train door opened.	1
mousugu kono hoomu ni densha ga kimasu	もうすぐこのホームに電車が来ます。	The train will arrive on this platform soon.	1
kore ha nobori densha desu	これは上り電車です。	This is the train going downtown.	1
ekiin ni kikimashou	駅員に聞きましょう。	Let's ask the station employee.	1
koko ha ippou tsuukou desu	ここは一方通行です。	This is a one-way street.	1
kono toori ha nigiyaka desu ne	この通りはにぎやかですね。	This street is lively, isn't it?	1
watashi ha jimu ni kayotte imasu	私はジムに通っています。	I go to a gym.	1
kyou no koutsuu jiko ha zero desu	今日の交通事故はゼロです。	Today there were zero traffic accidents.	1
kono michi ha kuruma ga ooi	この道は車が多い。	There are many cars on this road.	1
mainichi kono michi wo toorimasu	毎日、この道を通ります。	I take this road every day.	1
kono douro ha sannenmae ni dekimashita	この道路は3年前にできました。	This road was completed three years ago.	1
chizu wo mite kite kudasai	地図を見て来てください。	Please look at the map to get here.	1
nao ame no baai ha chuushi desu	なお、雨の場合は中止です。	Moreover, it will be canceled in the event of rain.	1
ashita kara tabako wo yameru tsumori desu	明日からタバコを止めるつもりです。	I'll stop smoking as of tomorrow.	1
kuruma wo tomete	車を止めて。	Stop the car.	1
kesa jiko de densha ga tomarimashita	今朝、事故で電車が止まりました。	The train stopped this morning due to an accident.	1
ame ga yamimashita	雨が止みました。	The rain stopped.	1
watashi ha mori wo aruku no ga suki desu	私は森を歩くのが好きです。	I like to walk in the forest.	1
hodou wo arukimashou	歩道を歩きましょう。	Let's walk on the pavement.	1
chiisa na kawa wo watarimashita	小さな川を渡りました。	I crossed a stream.	1
kondo ha doko ni ikitai desu ka	今度はどこに行きたいですか。	Where do you want to go this time?	1
ichido ni sonnani takusan ha dekinai	一度にそんなにたくさんはできない。	You can't do that much at one time.	1
kono chikaku ni gasorinsutando ha arimasu ka	この近くにガソリンスタンドはありますか。	Is there a gas station nearby?	1
oba ha chiisa na kaisha no shachou desu	おばは小さな会社の社長です。	My aunt is the president of a small firm.	1
kono keeburu no nagasa ha ichimeetoru desu	このケーブルの長さは1メートルです。	The length of this cable is one meter.	1
umi ha hiroku te ookii	海は広くて大きい。	The sea is vast and wide.	1
watashi ni ha mattaku wakarimasen	私には全く分かりません。	I don't understand at all.	1
sono guruupu no menbaa ha zenbu de shichinin da	そのグループのメンバーは全部で七人だ。	There are seven members of the group in all.	1
sono kuni no jinkou ha dono kurai desu ka	その国の人口はどのくらいですか。	What's the population of that country?	1
sekai jinkou ha rokujuugookunin da	世界人口は65億人だ。	The world's population is 6.5 billion people.	1
kuro no boorupen ha arimasu ka	黒のボールペンはありますか。	Do you have a black pen?	1
akachan ni miruku wo ageta	赤ちゃんにミルクをあげた。	I fed the baby some milk.	1
ginkou ha sanji made aite imasu	銀行は3時まで開いています。	The bank is open until three o'clock.	1
yuushoku ni gyuuniku wo katta	夕食に牛肉を買った。	I bought beef for dinner.	1
hikiniku wo nihyakuguramu kudasai	ひき肉を200グラムください。	Please give me 200 grams of ground (beef, chicken, etc.)	1
niku to sakana to dochira ga suki desu ka	肉と魚とどちらが好きですか。	Which do you prefer, meat or fish?	1
watashi ha mainichi takusan yasai wo tabemasu	私は毎日たくさん野菜を食べます。	I eat a lot of vegetables every day.	1
ekimae ni honya ga arimasu	駅前に本屋があります。	There's a bookstore in front of the station.	1
yaoya de mikan wo kaimashita	八百屋でみかんを買いました。	I bought a tangerine at the grocery store.	1
sotchi ga watashi no heya desu	そっちが私の部屋です。	That's my room over there.	1
hiru ha sobaya ni ikimashita 。	昼はそば屋に行きました。	I went to a noodle shop for lunch.	1
watashi ha tabakoya de raitaa wo katta	私はたばこ屋でライターを買った。	I bought a lighter from the cigarette shop.	2
heya no denki ga tsuite imasu	部屋の電気がついています。	The room light is on.	1
watashitachi ha mainichi ocha wo nomimasu	私たちは毎日お茶を飲みます。	We drink tea every day.	1
ocha wo iremashou ka	お茶を入れましょうか。	Shall I make tea?	1
chawan ni gohan wo yosoimashita	茶わんにご飯をよそいました。	I put some rice into the rice bowl.	1
shuumatsu ha uchi de yukkuri shimasu	週末は家でゆっくりします。	On the weekend I relax at home.	1
resutoran de indo ryouri wo tabemashita	レストランでインド料理を食べました。	I ate Indian food at the restaurant.	1
goji made ni ie ni kaeru no ha muri desu	5時までに家に帰るのは無理です。	I can't possibly get home by five o'clock.	1
mou okane ga nakunarimashita	もうお金が無くなりました。	I've run out of money already.	1
nihongo de sakubun wo kakimashita	日本語で作文を書きました。	I wrote an essay in Japanese.	1
kono ichigo de jamu wo tsukurimashou	このイチゴでジャムを作りましょう。	Let's make jam from these strawberries.	1
poteto sarada wo tsukuru kara jagaimo wo katte kite	ポテトサラダを作るから、ジャガイモを買ってきて。	I'm going to make potato salad, so go and buy some potatoes.	1
uchi de ha mada sutoobu wo tsukatte imasu	うちではまだストーブを使っています。	We still use a heating stove at my house.	1
kaisha made no koutsuuhi ha ikkagetsu hassen'en desu	会社までの交通費は一ヶ月8,000円です。	Transportation to the company costs 8,000 yen a month.	1
hi wo keshite	火を消して。	Put the fire out.	1
kutsuuriba ha doko desu ka	くつ売り場はどこですか。	Where is the shoe department?	1
kono mise ha saabisu ga ii 。	この店はサービスがいい。	The service in this store is good.	1
ano mise ni ha nando mo ikimashita	あの店には何度も行きました。	I've been to that shop many times.	1
kono shouhin ha yoku urete iru	この商品はよく売れている。	This product is selling well.	1
watashitachi ha nikai ni agatta	私たちは２階に上がった。	We went up to the second floor.	1
watashi no kaisha ha ano biru no hachikai desu	私の会社はあのビルの8階です。	My company's on the eighth floor of that building.	1
sankai made esukareetaa de ikimashou	3階までエスカレーターで行きましょう。	Let's take the escalator up to the third floor.	1
watashitachi ha eki no kaidan wo kakeagatta	私たちは駅の階段をかけ上がった。	We ran up the station steps.	1
soko no kaidan wo orite kudasai	そこの階段を下りてください。	Please go down those stairs.	1
kono beruto no nedan ha nisengohyakuen deshita	このベルトの値段は2500円でした。	The price of this belt was 2,500 yen.	1
nedan ha choudo sanman'en desu	値段はちょうど3万円です。	The price is exactly 30,000 yen.	1
gasorin no kakaku ga dondon agatte iru	ガソリンの価格がどんどん上がっている。	The price of gasoline keeps going up fast.	1
kyou ga natsuyasumi saigo no hi da	今日が夏休み最後の日だ。	Today's the last day of summer vacation.	1
kotoshi no natsu ha kuuraa ga yoku ureta	今年の夏はクーラーがよく売れた。	Air conditioners sold well this summer.	1
kyou ga natsuyasumi saigo no hi da	今日が夏休み最後の日だ。	Today's the last day of summer vacation.	1
watashi ha natsuyasumi ni puuru ni itta	私は夏休みにプールに行った。	I went to the pool during summer vacation.	1
natsu ha hi ga nagai	夏は日が長い。	The days are long in summer.	1
fuyu ha yoku sukii ni ikimasu	冬はよくスキーに行きます。	We go skiing a lot in winter.	1
nihon ni ha shiki ga aru	日本には四季がある。	We have four seasons in Japan.	1
atsui no de kuuraa wo tsukemashita	暑いのでクーラーをつけました。	I turned on the air conditioning because it was hot.	1
atsui no de aisu wo tabemashita	暑いのでアイスを食べました。	I ate ice cream because it was hot.	1
soto ha atsuiyo	外は暑いよ。	It's hot outside.	1
kinou no yoru netsu ga demashita	昨日の夜、熱が出ました。	I had a fever last night.	1
yatto netsu ga sagatta	やっと熱が下がった。	His fever finally went down.	1
kono uuru no seetaa ha atatakai	このウールのセーターは暖かい。	This wool sweater is warm.	1
ima kuruma wo atatameteimasu	今、車を暖めています。	I'm warming up the car now.	1
mada heya ga atatamaranai。	まだ部屋が暖まらない。	The room hasn't warmed up yet.	1
kion ha sanjuugodo ni tasshita	気温は35度に達した。	The temperature reached 35 degrees.	1
ima heya no ondo ha nijuugodo da	今、部屋の温度は25度だ。	This room's temperature is currently 25 degrees.	1
kyou no kion ha nijuurokudo desu	今日の気温は26度です。	Today's temperature is 26 degrees.	1
taifuu ga chikazuite iru	台風が近づいている。	The typhoon's getting closer.	1
anata no jijou ha yoku wakarimashita	あなたの事情はよく分かりました。	I understand your situation well.	1
atarashii konpyuutaa wo katta	新しいコンピューターを買った。	I bought a new computer.	1
atarashii kooto de tenisu wo shimashita	新しいコートでテニスをしました。	I played tennis on the new court.	1
shinnen akemashite omedetou gozaimasu	新年明けましておめでとうございます。	Happy new year.	1
asoko ni furui otera ga arimasu	あそこに古いお寺があります。	There's an old temple there.	1
mukashi ha kasettoteepu wo tsukatteimashita 。	昔はカセットテープを使っていました。	I used to use cassette tapes a long time ago.	1
soko ni choudo ii dai ga aru	そこにちょうど良い台がある。	There's a table that's just right.	1
anata ha sukoshimo waruku nai	あなたは少しも悪くない。	It's not your fault at all.	1
sore wo kiite anshin shimashita	それを聞いて安心しました。	I was relieved to hear that.	1
handobaggu wo wasuremashita	ハンドバッグを忘れました。	I forgot my handbag.	1
mise ni raitaa wo wasuremashita	店にライターを忘れました。	I forgot my lighter at the shop.	1
sore ha ii kangae desu	それは良い考えです。	That's a good idea.	1
toraburu ga yatto kaiketsu shita	トラブルがやっと解決した。	The problem has finally been solved.	1
tsumari anata ha nani mo shiranai no desu ne	つまり、あなたは何も知らないのですね。	So, basically, you don't know anything.	1
ano onnanoko wo shitte imasu ka	あの女の子を知っていますか。	Do you know that girl?	1
nijukkiro no daietto ha kanou da to omoimasu ka	20キロのダイエットは可能だと思いますか。	Do you think it's possible to go on a twenty kilogram diet?	1
watashi no ie ha eki kara tooku te fuben desu	私の家は駅から遠くて不便です。	My house is inconveniently located far from the station.	1
yuubinyasan ha mou kimashita ka	郵便屋さんはもう来ましたか。	Has the postman already come?	1
yuubinkyoku ha atchi desu	郵便局はあっちです。	The post office is that way.	1
kaji desu hyakujuukyuuban ni denwa shite kudasai	火事です。119番に電話してください。	There's a fire. Please call 119.	1
asoko no kouban de michi wo kikimashou	あそこの交番で道を聞きましょう。	Let's ask for directions at that police box.	1
kono bangou ni denwa shite kudasai	この番号に電話してください。	Please call this number.	1
kinjo ni kanadajin ga sunde iru	近所にカナダ人が住んでいる。	A Canadian lives in my neighborhood.	1
kono juusho ni itte kudasai	この住所に行ってください。	Please go to this address.	1
asa kinjo wo burabura shita	朝、近所をぶらぶらした。	I wandered around the neighborhood this morning.	1
benjo ha soko desu	便所はそこです。	The bathroom is there.	1
boorupen de namae wo kaite kudasai	ボールペンで名前を書いてください。	Please write your name with a ballpoint pen.	1
anata no myouji ha nan desu ka	あなたの名字は何ですか。	What's your surname?	1
roomaji de namae wo kaite kudasai	ローマ字で名前を書いてください。	Please write your name using Roman letters.	1
koko ni juusho to shimei wo kaite kudasai	ここに住所と氏名を書いてください。	Please write your name and address here.	1
kono machi ni ha gaijin ga sukunai	この町には外人が少ない。	There are few foreigners in this town.	1
watashi no ie ha machi no minami ni arimasu	私の家は町の南にあります。	My house is in the south of the town.	1
toukyou ni kuru no ha hajimete desu 。	東京に来るのは初めてです。	It's the first time I've been to Tokyo.	1
toukyou ha suidou no mizu ga mazui	東京は水道の水が不味い。	Tap water in Tokyo doesn't taste good.	1
toukyou ha nihon'ichi ooki na toshi desu	東京は日本一大きな都市です。	Tokyo is the largest city in Japan.	1
kyou ha tsugou ga warukute ikemasen	今日は都合が悪くて行けません。	I can't go today because it's not convenient for me.	1
shichiji ni asagohan wo tabemashita	七時に朝御飯を食べました。	I ate breakfast at seven o'clock.	1
asu no purezenteeshon ga shinpai da	明日のプレゼンテーションが心配だ。	I'm worried about tomorrow's presentation.	1
eki ni yuujin no miokuri ni ikimashita	駅に友人の見送りに行きました。	I went to the station to see off a friend.	1
watashi ha nihongo koosu wo totte imasu	私は日本語コースを取っています。	I'm taking a Japanese course.	1
memo wo totte kudasai	メモを取ってください。	Please take notes.	1
shatsu no botan ga toreta	シャツのボタンが取れた。	My shirt button came off.	1
teisshu wo totte kudasai	ティッシュを取ってください。	Please pass me the tissues.	1
itsugoro natsuyasumi wo torimasu ka	いつごろ夏休みを取りますか。	About when are you going on summer vacation?	1
hanashi no pointo wo kakitotta	話しのポイントを書き取った。	I wrote down the main points of what was said.	1
nimotsu ga nakanaka todokimasen	荷物がなかなか届きません。	The parcel still hasn't arrived.	1
sakki yuubin ga todokimashita	さっき郵便が届きました。	The mail has just arrived.	1
sonomama omachi kudasai	そのままお待ちください。	Please just wait a bit.	1
kono kuruma ha yoku motte iru ne	この車はよく持っているね。	This car has lasted a long time.	1
watashi ha kuroi baggu wo motte imasu	私は黒いバッグを持っています。	I have a black bag.	1
matchi wo motte imasu ka	マッチを持っていますか。	Do you have a match?	1
watashi ha bideoteepu wo sanjuppon motte imasu	私はビデオテープを30本持っています。	I have 30 videotapes.	1
mizu wo motteikimashou	水を持って行きましょう。	Let's take some water with us.	1
sono isu wo motte kite kudasai	そのいすを持って来てください。	Please bring that chair.	1
kono sofaa ha kimochi ga ii	このソファーは気持ちがいい。	This sofa is very comfortable.	1
booru wo kotchi ni nagete kudasai	ボールをこっちに投げてください。	Please throw the ball over here.	1
sono paateii ni josei ha nannin kimasu ka	そのパーティーに女性は何人来ますか。	How many women are coming to that party?	1
borudoo ha wain no seisan de yuumei da	ボルドーはワインの生産で有名だ。	Bordeau is famous for wine production.	1
borudoo ha wain no seisan de yuumei da	ボルドーはワインの生産で有名だ。	Bordeau is famous for wine production.	1
kono kurasu no seito ha sanjuunin desu	このクラスの生徒は30人です。	There are 30 students in this class.	1
mise ni gakusei no guruupu ga kita	店に学生のグループが来た。	A group of students came to the shop.	1
raigetsu kara daigakusei ni narimasu	来月から大学生になります。	I'll be a college student beginning next month.	1
kyou koujou no kengaku ni ikimashita	今日、工場の見学に行きました。	We went on a field trip to a factory today.	1
maiasa tsuugaku ni ichijikan kakaru	毎朝、通学に1時間かかる。	It takes me an hour to go to school every morning.	1
gakusei biza wo motte imasu	学生ビザを持っています。	He has a student visa.	1
kono arubaito ha gakusei ka desu ne	このアルバイトは「学生可」ですね。	So, students can apply for this part-time job, right?	1
ie no chikaku ni shougakkou ga arimasu	家の近くに小学校があります。	There's an elementary school near my house.	1
kono gakkou ha 1 kurasu 30 nin desu 。	この学校は1クラス30人です。	In this school there are 30 people per class.	1
ano hito ha koukou no kouchou da	あの人は高校の校長だ。	That person is a high school principal.	1
gakkou ha konshuu ha kyuukou desu	学校は今週は休校です。	School is closed this week.	1
gakkou ni wasuremono wo shimashita	学校に忘れ物をしました。	I left something behind at school.	1
kaisha no basho wo oshiete kudasai	会社の場所を教えてください。	Please tell me where the office is.	1
kono kanji no yomikata wo oshiete kudasai	この漢字の読み方を教えてください。	Please tell me how to read this Chinese character.	1
yasai ga yoku sodatte iru	野菜がよく育っている。	The vegetables are growing well.	1
kono sofuto de nihongo wo benkyou suru koto ga dekimasu	このソフトで日本語を勉強することができます。	You can study Japanese with this software.	1
kyou ha kaze ga tsuyoi desu	今日は風が強いです。	The wind is strong today.	1
kono uisukii ha tsuyoi yo	このウィスキーは強いよ。	This whisky is strong.	1
watashitachi ha chuugoku no kaisha to torihiki shite imasu	私たちは中国の会社と取引しています。	We're dealing with a Chinese company.	1
botan wo oshite kudasai	ボタンを押してください。	Please press the button.	1
doa wo osaete kudasai	ドアを押さえてください。	Please hold the door.	1
mukashi piano wo naratte imashita	昔、ピアノを習っていました。	I used to learn the piano.	1
atarashii ie ni ha mou naremashita ka	新しい家にはもう慣れましたか。	Have you gotten used to the new house yet?	1
maiasa koohii wo nomu no ga shuukan desu	毎朝コーヒーを飲むのが習慣です。	I'm in the habit of drinking coffee every morning.	1
shitsumon ha nan desu ka	質問は何ですか。	What's the question?	1
mondai ga hitotsu arimasu	問題が一つあります。	There's one problem.	1
sore ha saikin wadai no hon desu ne	それは最近話題の本ですね。	That's the book that people have been talking about lately.	1
kore ha ooki na shakai mondai ni natte iru	これは大きな社会問題になっている。	This is a major social issue.	1
kono bubun ha mondai nai desu	この部分は問題ないです。	There's no problem with this part.	1
kyou ha korera no mondai ni tsuite hanashiaimasu	今日はこれらの問題について話し合います。	We will discuss these issues today.	1
kono ryouri ha totemo kantan desu	この料理はとても簡単です。	This dish is very easy to make.	1
kono puroguramu ha totemo fukuzatsu desu	このプログラムはとても複雑です。	This program is very complicated.	1
ningen no kokoro ha fukuzatsu desu	人間の心は複雑です。	Man's mind is complex.	1
gaikokugo wo narau no ha muzukashii	外国語を習うのは難しい。	Learning foreign languages is hard.	1
isu no kazu wo kazoete kudasai	いすの数を数えてください。	Please count the number of chairs.	1
neji ha hidari ni mawasu to hazuremasu	ねじは左に回すと外れます。	If you turn the screw to the left it will come undone.	1
watashi ha seerusu wo tantou shite imasu	私はセールスを担当しています。	I'm in charge of sales.	1
sono hanashi ha hontou desu ka	その話は本当ですか。	Is the story true?	1
ii houhou wo omoitsukimashita	いい方法を思いつきました。	We hit on a good method.	1
atarashii houritsu ga dekita	新しい法律ができた。	A new law has been passed.	1
kyou no shiai ha ii keiken ni narimashita	今日の試合はいい経験になりました。	Today's game was a good experience.	1
are kara juuyonen ga tachimashita	あれから14年が経ちました。	Fourteen years have passed since then.	1
daigaku de keizai wo benkyou shimashita	大学で経済を勉強しました。	I studied economics in college.	1
soko ha kougyou toshi da	そこは工業都市だ。	That's an industrial city.	1
intaanetto ha totemo benri desu	インターネットはとても便利です。	The Internet is very convenient.	1
kono koujou de ha eakon wo seizou shite imasu	この工場ではエアコンを製造しています。	This factory manufactures air conditioning units.	1
watashi ni ha takusan no okane ga hitsuyou da	私にはたくさんのお金が必要だ。	I need a lot of money.	1
sagyou suru ni ha motto hiroi supeesu ga hitsuyou da	作業するにはもっと広いスペースが必要だ。	I need a bigger space to work.	1
kono purojiekuto ni ha minna no kyouryoku ga hitsuyou desu	このプロジェクトにはみんなの協力が必要です。	This project requires everyone's cooperation.	1
kono shatsu ha airon ga hitsuyou da	このシャツはアイロンが必要だ。	This shirt needs ironing.	1
kono nimotsu no omosa wo hakatte kudasai	この荷物の重さを計ってください。	Please weigh this luggage.	1
warizan ha shougakkou de naraimasu	割り算は小学校で習います。	Division is learned in elementary school.	1
ryouri ga takusan nokorimashita	料理がたくさん残りました。	A lot of food was left over.	1
pen wo kashite kudasai	ペンを貸してください。	Please lend me the pen.	1
sono hon ha kashidashichuu desu	その本は貸し出し中です。	That book is currently on loan.	1
keshigomu wo kashite kudasai	消しゴムを貸して下さい。	Please lend me your eraser.	1
densha ga konde iru	電車が込んでいる。	The train is crowded.	1
minna watashitachi ni kitai shite imasu	みんな私たちに期待しています。	Everyone has high expectations of us.	1
tesuto kikan ha tooka kara juugonichi made da	テスト期間は10日から15日までだ。	The test period is from the 10th to the 15th.	1
ima ha anata ni totte daiji na jiki desu	今はあなたにとって大事な時期です。	It's an important time for you now.	1
kono saabisu ha shuumatsu ni kagirimasu	このサービスは週末に限ります	This service is limited to weekends.	1
watashitachi ha eki he isogimashita	私たちは駅へ急ぎました。	We hurried to the station.	1
kyuuni youji wo omoidashita	急に用事を思い出した。	I suddenly remembered I have something to do.	1
choudo kyuukou densha ga kita	ちょうど急行電車が来た。	The express train just came.	1
taisetsu na youji wo omoidashimashita	大切な用事を思い出しました。	I just remembered something important I need to take care of.	1
kono hasami ha yoku kiremasu ne	このはさみはよく切れますね。	These scissors cut well.	1
yuubinkyokude kitte wo kaimashita	郵便局で切手を買いました。	I bought a stamp at the post office.	1
naifu de te wo kitta	ナイフで手を切った。	I cut my hand with a knife.	1
yuubinkyoku de kitte wo kaimashita	郵便局で切手を買いました。	I bought a stamp at the post office.	1
chiizu wo hitokire tabemashita	チーズを一切れ食べました。	I ate a slice of cheese.	1
chiketto ha mou urikire datte	チケットはもう売り切れだって。	The tickets have sold out already.	1
toukyou made no kippu wo katta	東京までの切符を買った。	I bought a ticket to Tokyo.	1
nyuujouken ha sanzen'en desu	入場券は3000円です。	The admission ticket is 3,000 yen.	1
koko no yachin ha juuniman'en desu	ここの家賃は12万円です。	The rent here is 120,000 yen.	1
ima ha benrisa to supiido no jidai da	今は便利さとスピードの時代だ。	This is the age of convenience and speed.	1
teikiken ha ichimannisen'en deshita	定期券は1万2千円でした。	The commuter pass was 1,2000 yen.	1
kyou no yotei wo oshiete kudasai	今日の予定を教えてください。	Please tell me what your schedule is for today.	1
ashita no tenkiyohou ha ame desu	明日の天気予報は雨です。	Rain is forecast for tomorrow.	1
karendaa ni yotei wo kaita	カレンダーに予定を書いた。	I wrote my schedule on the calendar.	1
ashita no yoshuu wo shimashou	明日の予習をしましょう。	Let's prepare for tomorrow.	1
watashi ha kugatsu ni iku yotei desu	私は九月に行く予定です。	I plan to go in September.	1
resutoran wo yoyaku shimashita	レストランを予約しました。	I made a reservation at the restaurant.	1
terebi no channeru wo kaete kudasai	テレビのチャンネルを変えてください。	Please change the TV channel.	1
kotoshi ha henka no ooi toshi deshita	今年は変化の多い年でした。	There was a lot of change this year.	1
kuni ha kokugo kyouiku wo kyouka shite imasu	国は国語教育を強化しています。	Our government is strengthening its program in native language education.	1
watashi ha kono kuni no bunka wo benkyou shite imasu	私はこの国の文化を勉強しています。	I'm studying this country's culture.	1
kono machi ha jinkou ga fueta	この町は人口が増えた。	The population has increased in this town.	1
nihon ni sumu gaikokujin ga fuete imasu	日本に住む外国人が増えています。	The number of foreigners living in Japan is increasing.	1
taijuu ga kanari herimashita	体重がかなり減りました。	I've lost a lot of weight.	1
saikin shokuji wo herashite imasu	最近、食事を減らしています。	I've been eating less recently.	1
ame ga futte imasu	雨が降っています。	It's raining.	1
kurisumasu ni yuki ga furimashita	クリスマスに雪が降りました。	It snowed at Christmas.	1
moshi ame ga futtara ikimasen	もし雨が降ったら、行きません。	I won't go if it rains.	1
erebeetaa de shita ni orimashou	エレベーターで下に降りましょう。	Let's take the elevator down.	1
ashita ha kitto ame ga furimasu	明日はきっと雨が降ります。	I'm sure it'll rain tomorrow.	1
ame ga zaazaa futte iru	雨がざあざあ降っている。	It's pouring.	1
ima hoteru ni tsukimashita	今ホテルに着きました。	I arrived at the hotel just now.	1
kanarazu shiitoberuto wo tsukete kudasai	必ずシートベルトを着けて下さい。	Always wear your seat belt.	1
yuugata sochira ni tsukimasu	夕方そちらに着きます。	I'll arrive there in the evening.	1
samukatta no de kooto wo kita	寒かったのでコートを着た。	I put on a coat because it was cold.	1
kono pajama wo kite	このパジャマを着て。	Put on these pajamas.	1
yuugata sochira ni tsukimasu	夕方そちらに着きます。	I'll arrive there in the evening.	1
ame na no de reinkooto wo kimashita	雨なのでレインコートを着ました。	I put on my raincoat because it was raining.	1
atsui no de uwagi wo nugimashita	暑いので上着を脱ぎました。	I took my jacket off because it was hot.	1
watashi ha hitobito no yakunitachitai to omotte imasu	私は人々の役に立ちたいと思っています。	I want to be of service to others.	1
kono seki aitemasu ka	この席、空いてますか。	Is this seat free?	1
ushiro no seki ga aite imasu	後ろの席が空いています。	The rear seat is empty.	1
shachou ni kaete buchou wo shusseki sasemasu	社長に代えて部長を出席させます。	I'll have the department manager attend in place of the president.	1
tsugi ha zenkoku no otenki desu	次は全国のお天気です。	And now for the nation's weather.	1
tsugi no eki de orimasu。	次の駅で降ります。	I get off at the next station.	1
jinan ha ima kaigai ni imasu	次男は今、海外にいます。	My second son is abroad now.	1
uchi no jijo ha haru kara chuugakusei desu	うちの次女は春から中学生です。	Our second daughter is going into junior high this spring.	1
tsugi no kata douzo	次の方、どうぞ。	Next please.	1
isu wo nikai ni hakonde kudasai	いすを二階に運んでください。	Please carry the chair to the second floor.	1
ueetaa ga mizu wo hakonde kimashita	ウェーターが水を運んできました。	The waiter brought some water.	1
koronde hiza wo uchimashita	転んでひざを打ちました。	I fell down and hit my knee.	1
torakku wo unten dekimasu ka	トラックを運転できますか。	Can you drive a truck?	1
watashi ha doubutsu ga daisuki desu	私は動物が大好きです。	I love animals.	1
narubeku hayaku kite kudasai	なるべく早く来て下さい。	Please come as early as possible.	1
kore wo sokutatsu de okuritai no desu ga	これを速達で送りたいのですが。	I want to send this by express delivery.	1
undoukai ha kuji kaishi desu	運動会は9時開始です。	The athletic meet begins at nine o'clock.	1
rainen kara atarashii seido ga hajimarimasu	来年から新しい制度が始まります。	A new system will start from next year.	1
saikin kabu wo hajimemashita	最近株を始めました。	I recently started investing in stocks.	1
tesuto wo hajimete kudasai	テストを始めてください。	Please start the test.	1
sorosoro hajimemashou ka	そろそろ始めましょうか。	It's about time to begin.	1
shadou no kouji ga hajimarimashita	車道の工事が始まりました。	The construction of the roadway started.	1
hajimeni suupu ga demasu	始めにスープが出ます。	Soup is served first.	1
shigoto ga hobo owarimashita	仕事がほぼ終わりました。	My work is almost finished.	1
yatto shigoto ga owarimashita	やっと仕事が終わりました。	Finally, I finished my work.	1
genzai no kion ha sanjuudo desu	現在の気温は30度です。	The current temperature is 30 degrees.	1
genzai supesharukyanpeen wo jisshichuu desu	現在、スペシャルキャンペーンを実施中です。	A special campaign is now under way.	1
sore ha subete jijitsu desu ka	それは全て事実ですか。	Is it all true?	1
tsugi no eki ha tsuuka shimasu	次の駅は通過します。	This train will not stop at the next station.	1
toki ga sugiru no ha hayai 。	時が過ぎるのは速い。	Time passes quickly.	1
sore ha kako no hanashi da	それは過去の話だ。	That's in the past now.	1
kousaten de jiko ga hassei shita	交差点で事故が発生した。	There was an accident at the intersection.	1
ato juugofun de shuppatsu desu	あと15分で出発です。	Departure will be in fifteen minutes.	1
basu ga hassha shimasu	バスが発車します。	The bus is leaving.	1
mousugu kudari no densha ga hassha shimasu	もうすぐ下りの電車が発車します。	The train out of the city leaves soon.	1
omoteni hito ga kite imasu	表に人が来ています。	Someone has come to the door.	1
kono hyou wo mite kudasai	この表を見てください。	Please look at this chart.	1
yuujin kara tegami wo moraimashita	友人から手紙をもらいました。	I got a letter from a friend.	1
tegami wo posuto ni iremashita	手紙をポストに入れました。	I put the letter in the mailbox.	1
tegami no henji wo dashimashita	手紙の返事を出しました。	I sent a reply to the letter.	1
kono e ha gohho no sakuhin da	この絵はゴッホの作品だ。	This painting is one of van Gogh's works.	1
kono zasshi ha yoku urete imasu	この雑誌はよく売れています。	This magazine sells well.	1
eki no baiten de zasshi wo katta	駅の売店で雑誌を買った。	I bought a magazine at a shop in the station.	1
ame no oto ga kikoeru	雨の音が聞こえる。	I can hear the sound of rain.	1
kouji no oto ga urusai	工事の音がうるさい。	The construction site is noisy.	1
sukoshi onryou wo sagete kudasai	少し音量を下げてください。	Please turn the volume down a little.	1
ookina oto ni bikkuri shimashita	大きな音にびっくりしました。	I was startled by a sudden sound.	1
kono toori ha kuruma no oto ga urusai	この通りは車の音がうるさい。	Traffic is noisy on this street.	1
hen na oto ga kikoemasu	変な音が聞こえます。	I hear a strange sound.	1
kono piano ha oto ga amari yoku nai	このピアノは音があまり良くない。	That piano's sound isn't very good.	1
nihon de no seikatsu ha tanoshii desu	日本での生活は楽しいです。	Life in Japan is fun.	1
watashi ha ongaku wo kiku no ga suki da	私は音楽を聞くのが好きだ。	I like to listen to music.	1
dandan shigoto ga tanoshiku natte kimashita	段々仕事が楽しくなってきました。	My work has gradually become more enjoyable.	1
kono kusuri wo kanarazu nonde kudasai	この薬を必ず飲んでください。	Please be sure to take this medicine.	1
watashi ha sono uta wo shiranakatta 。	私はその歌を知らなかった。	I didn't know that song.	1
sono kashu ha uta ga heta da	その歌手は歌が下手だ。	That singer's terrible.	1
watashi ha uta ga heta da	私は歌が下手だ。	I'm a terrible singer.	1
kodomo ga juusu wo hoshigatte imasu	子供がジュースを欲しがっています。	My kid wants some juice.	1
keikaku wo ichibu henkou shimashou	計画を一部変更しましょう。	Let's change part of the plan.	1
kore ha yuumei na gaka no e desu	これは有名な画家の絵です。	This is a painting by a famous painter.	1
kyou ha hitoride eiga wo mimasu	今日は一人で映画を見ます。	I saw a movie by myself today.	1
anata no hanashi ha omoshiroi ne	あなたの話は面白いね。	Your story's interesting.	1
kono hon ha zenzen omoshiroku nakatta	この本は全然面白くなかった。	This book wasn't interesting at all.	1
kono hon ha zenzen omoshiroku nakatta	この本は全然面白くなかった。	This book wasn't interesting at all.	1
konnani omoshiroi hon ha hajimete yonda	こんなに面白い本は初めて読んだ。	I've never read such an interesting book before.	1
kono kamera ha yoku utsurimasu yo	このカメラはよく写りますよ。	This camera takes good pictures.	1
shashin ha ii omoide ni narimasu	写真は良い思い出になります。	Photographs make a good souvenir.	1
michi no mannaka ni hito ga tatte iru	道の真ん中に人が立っている。	Someone is standing in the middle of the road.	1
soto ha yuki de masshiro datta	外は雪で真っ白だった。	Everything outside was white with snow.	1
soto ha makkura desu	外は真っ暗です。	It's pitch-dark outside.	1
inku de te ga makkuro ni natta	インクで手が真っ黒になった	My hands got all black with ink.	1
sora ga massao desu	空が真っ青です。	The sky is bright blue.	1
sora ga massao desu	空が真っ青です。	The sky is bright blue.	1
sono mise ha iroiro na shinamono wo utte iru	その店は色々な品物を売っている。	The shop sells a lot of products.	1
watashi no suki na iro ha ao desu	私の好きな色は青です。	My favorite color is blue.	1
dotchi no iro ga suki desu ka 。	どっちの色が好きですか。	Which color do you like?	1
shiro ha yuki no iro desu	白は雪の色です。	White is the color of snow.	1
oogata no terebi wo katta	大型のテレビを買った。	We bought a large television.	1
kore ha juuyou na shorui desu	これは重要な書類です。	This is an important document.	1
bara ni ha iroiro na shurui ga arimasu	バラには色々な種類があります。	There are many varieties of rose.	1
watashi ga sore wo naoshimashita	私がそれを直しました。	I mended it.	1
kono michi wo massugu itte kudasai	この道を真っ直ぐ行ってください。	Please go straight along this road.	1
sono hon ha sugu urikireta	その本は直ぐ売り切れた。	The book sold out quickly.	1
kami wo sankaku ni kirimashita	紙を三角に切りました。	I cut the paper into a triangle.	1
kami wo shikaku ni kitte kudasai	紙を四角に切ってください。	Please cut the paper into a square.	1
kotchi no shikakui teeburu wo kaouyo	こっちの四角いテーブルを買おうよ。	Let's buy this square table over here.	1
watashi ha kono kyoku ga daisuki desu	私はこの曲が大好きです。	I love this song.	1
hiza wo magete kudasai	ひざを曲げてください。	Please bend your knees.	1
tsugi no kousaten wo hidari ni magatte kudasai	次の交差点を左に曲がってください。	Please turn left at the next intersection.	1
tsugi no kado de hidari ni magatte kudasai	次の角で左に曲がってください。	Please turn left at the next corner.	1
asoko no yotsukado wo hidari ni magatte kudasai	あそこの四つ角を左に曲がってください。	Please turn left at that crossroad up there.	1
posuto ha soko no magarikado ni arimasu	ポストはそこの曲がり角にあります。	There's a post box on that corner.	1
sono keisan ha machigatte iru	その計算は間違っている。	That calculation is wrong.	1
uriage ha nendo ni yotte chigaimasu	売り上げは年度によって違います。	Sales differ by fiscal year.	1
kono bun ni ha machigai ga arimasu	この文には間違いがあります。	There's a mistake in this sentence.	1
denwa bangou wo machigaemashita	電話番号を間違えました。	I called the wrong number.	1
anata ha machigatte iru	あなたは間違っている。	You're mistaken.	1
watashi ha sekai ryokou wo shitai	私は世界旅行をしたい。	I want to travel around the world.	1
maitoshi ooku no hito ga kaigai he ryokou suru	毎年多くの人が海外へ旅行する。	A lot of people travel abroad every year.	1
watashi ha maitoshi kaigai ryokou ni ikimasu	私は毎年、海外旅行に行きます。	I travel abroad every year.	1
ryokou no tame ni takusan firumu wo katta	旅行のためにたくさんフィルムを買った。	I bought a lot of film for the trip.	1
ryokou de tanoshii omoide ga dekimashita	旅行で楽しい思い出ができました。	I made wonderful memories during my trip.	1
ototoshi hajimete kyouto he ryokou shimashita	一昨年初めて京都へ旅行しました。	I first traveled to Kyoto the year before last.	1
yappari tabi ga daisuki da	やっぱり旅が大好きだ。	I just love to travel.	1
watashi ha yoku toshokan wo riyou shimasu	私はよく図書館を利用します。	I often use the library.	1
toshokan ni hon wo kaeshita	図書館に本を返した。	I returned the book to the library.	1
eigakan ha garagara deshita	映画館はがらがらでした。	The movie theater was empty.	1
kyouto de ha ryokan ni tomarimashita	京都では旅館に泊まりました。	I stayed at an inn in Kyoto.	1
tomodachi wo uchi ni tomete agemashita	友達をうちに泊めてあげました。	I put my friend up at my house.	1
tomodachi to toranpu wo shite asobimashita	友達とトランプをして遊びました。	I played cards with a friend.	1
obasan ikka ga asobi ni kimashita	おばさん一家が遊びに来ました。	My aunt and her family came to visit.	1
kono fuku ha sanbyakudoru shimashita	この服は300ドルしました。	These clothes cost 300 dollars.	1
kyou ha youfuku wo kai ni ikimasu	今日は洋服を買いに行きます。	I'm going to buy some clothes today.	1
watashi no kyoushitsu ha sangai ni arimasu	私の教室は3階にあります。	My classroom is on the third floor.	1
toshoshitsu de benkyou shita	図書室で勉強した。	I studied at the library.	1
maeuriken ha madoguchi de hanbai shite imasu	前売券は窓口で販売しています。	Advance tickets are being sold at the ticket window.	1
mado wo akete kudasai	窓を開けてください。	Please open the window.	1
koko ha chichi no tochi desu	ここは父の土地です。	This is my father's land.	1
kinou chichi kara tegami ga todoita	昨日、父から手紙が届いた。	I got a letter from my father yesterday.	1
chichi ha yasumi no hi ha zutto terebi wo mite iru	父は休みの日はずっとテレビを見ている。	My father spends his days off watching television all the time.	1
chichi ha anzen unten da	父は安全運転だ。	My father drives safely.	1
chichi ha sarariiman desu	父はサラリーマンです。	My father's a company employee.	1
chichinohi ni nekutai wo purezento shita	父の日にネクタイをプレゼントした。	I gave him a tie on Father's Day.	1
chichi ha hige wo hayashite imasu	父はひげをはやしています。	My father's growing a beard.	1
chichi ga akubi wo shita	父があくびをした。	My father yawned.	1
watashi no chichi ha fudousanya desu	私の父は不動産屋です。	My father's a real estate agent.	1
haha ha mada gaikoku ni itta koto ga arimasen	母はまだ外国に行ったことがありません。	My mother hasn't been abroad yet.	1
haha ha kaimono ni dekakete imasu	母は買い物に出かけています。	My mother's gone shopping.	1
okaasan ha daidokoro ni imasu	お母さんは台所にいます。	Mother's in the kitchen.	1
watashi ha maishuu haha ni denwa wo shimasu	私は毎週母に電話をします。	I call my mother every week.	1
haha ni yomikaki wo naraimashita	母に読み書きを習いました。	I learned reading and writing from my mother.	1
haha ga koonsuupu wo tsukutte iru	母がコーンスープを作っている。	My mother made some corn chowder.	1
haha ha furui taipuraitaa wo motte imasu	母は古いタイプライターを持っています。	My mother has an old typewriter.	1
jazu no rekoodo wo kakemashita	ジャズのレコードをかけました。	I put on a jazz record.	1
watashi ha haha ni nite imasu	私は母に似ています。	I look like my mother.	1
doa wo dondon to tataita	ドアをどんどんとたたいた。	I banged on the door.	1
shinsetsu ni shite kudasatte doumo arigatou gozaimasu	親切にしてくださってどうもありがとうございます。	Thank you for being so kind to me.	1
ano ten'in ha totemo shinsetsu desu	あの店員はとても親切です。	That shop clerk is very kind.	1
oyako no kaiwa ha taisetsu desu	親子の会話は大切です。	Conversation between parents and children is important.	1
sono ten'in ha fushinsetsu datta	その店員は不親切だった。	That store clerk was unkind.	1
ano mura no hitobito ha totemo shinsetsu desu	あの村の人々はとても親切です。	People in that village are very kind.	1
uchi ha gonin kazoku desu	うちは五人家族です。	We're a family of five.	1
katta banzai	勝った、万歳!	We won--hurray!	1
uchi no choujo ha jussai desu	うちの長女は10歳です。	Our oldest daughter is ten.	1
neesan gomen ne	姉さん、ごめんね。	I'm sorry sis.	1
imouto ha koukou ni kayotte imasu	妹は高校に通っています。	My little sister goes to high school.	1
imouto ha kugatsu ni amerika no daigaku ni nyuugaku shimasu	妹は九月にアメリカの大学に入学します。	My little sister's entering college in the United States in September.	1
imouto ha totemo oshaberi desu	妹はとてもおしゃべりです。	My little sister's very talkative.	1
imouto ha chokoreeto ga daisuki desu	妹はチョコレートが大好きです。	My little sister loves chocolate.	1
imouto ha rainen hatachi ni narimasu	妹は来年、二十歳になります。	My little sister will be 20 next year.	1
ani ha suugaku no sensei desu	兄は数学の先生です。	My big brother's a math teacher.	1
ani ha gorufu wo hajimemashita	兄はゴルフを始めました。	My older brother started playing golf.	1
ani ha arubaito wo shite imasu	兄はアルバイトをしています。	My big brother works part-time.	1
ani ha baiku ga daisuki desu	兄はバイクが大好きです。	My older brother loves motorcycles.	1
watashi no ani ha koora ga suki da	私の兄はコーラが好きだ。	My older brother likes cola.	1
ani ha nikai ni imasu	兄は二階にいます。	My elder brother is on the second floor.	1
niisan omedetou	兄さん、おめでとう。	Congratulations, big brother.	1
otouto ha aisukuriimu ga daisuki desu	弟はアイスクリームが大好きです。	My little brother loves ice cream.	1
anzen ga daiichi desu	安全が第一です。	Safety comes first.	1
musume ga nyuugaku shiken ni goukaku shimashita	娘が入学試験に合格しました。	My daughter passed the university entrance exam.	1
musume ha ima baiorin wo renshuu shite imasu	娘は今、バイオリンを練習しています。	My daughter is practicing the violin now.	1
musume ga pinku no doresu wo kite iru	娘がピンクのドレスを着ている。	My daughter's wearing a pink dress.	1
musume ha gakkou de hikizan wo naratte iru	娘は学校で引き算を習っている。	My daughter's learning subtraction at school.	1
musume ha gakkou de tashizan wo naratta	娘は学校で足し算を習った。	My daughter learned addition in school.	1
musuko ha chuugaku ni kayotte imasu	息子は中学に通っています。	My son goes to junior high.	1
musuko ha chuugakusei desu	息子は中学生です。	My son is a junior high school student.	1
musuko no chuugakkou ha ie kara gofun desu	息子の中学校は家から5分です。	My son's junior high is five minutes from our house.	1
uchi no musuko ha rainen shougakusei ni narimasu	うちの息子は来年、小学生になります。	Our son will start primary school next year.	1
sono mise ha wakai kyaku ga ooi desu	その店は若い客が多いです。	That shop has a lot of young customers.	1
goukakusha ga happyou sareta	合格者が発表された。	Those who passed were announced.	1
saikin no wakamono ha hon wo yomanai	最近の若者は本を読まない。	Young people these days don't read books.	1
kanojo ha amerika no kigyou de hataraite imasu	彼女はアメリカの企業で働いています。	She works in an American company.	1
kare ha hitoritabi no keikaku wo tateta	彼は一人旅の計画を立てた。	He planned a journey alone.	1
kare ha robotto no kenkyuu wo shiteimasu 。	彼はロボットの研究をしています。	He is doing research on robots.	1
kare ha pasokon wo nidai motte imasu	彼はパソコンを2台持っています。	He has two personal computers.	1
akiraka ni kare ga warui	明らかに彼が悪い。	It's clearly his fault.	1
kare ha shokuhin koujou de hataraite imasu	彼は食品工場で働いています。	He's working at the food factory.	1
kare ga kurasu no daihyou da	彼がクラスの代表だ。	He's the class representative.	1
kare ha nouryoku no aru shain desu	彼は能力のある社員です。	He's a resourceful employee.	1
kare ha motto undou shita hou ga ii	彼はもっと運動した方がいい。	He should exercise more.	1
kare ha watashi no youkyuu ni kotaeta	彼は私の要求にこたえた。	He answered my demands.	1
kare ha sono keikaku wo jikkou shita	彼はその計画を実行した。	He executed the plan.	1
kanojo ha nimotsu wo matomete dete itta	彼女は荷物をまとめて出て行った。	She packed her luggage and left.	1
kanojo ha messeeji wo nokoshimashita	彼女はメッセージを残しました。	She left a message.	1
kare ha ajia no gengo wo kenkyuu shite iru	彼はアジアの言語を研究している。	He's doing research in Asian languages.	1
kare ha kaigai de kyouiku wo ukemashita	彼は海外で教育を受けました。	He received his education abroad.	1
watashitachi ha kare wo kazoku douyou ni omotte iru	私たちは彼を家族同様に思っている。	We think of him just like family.	1
kanojo ha touji mada sansai datta	彼女は当時、まだ3才だった。	She was only three years old at the time.	1
kare ha kaigai de no seikatsu ga nagai desu	彼は海外での生活が長いです。	He's lived abroad for a long time.	1
kare ha yoku eiga wo mimasu	彼はよく映画を見ます。	He often watches movies.	1
kare ha kikoku shimashita	彼は帰国しました。	He returned to his country.	1
kesa kanojo ha gakkou ni okuremashita	今朝彼女は学校に遅れました。	She was late for school this morning.	1
kanojo ha atarashii kaisha ni utsutta	彼女は新しい会社に移った。	She moved to a new company.	1
kanojo ha ryokou ga suki desu	彼女は旅行が好きです。	She likes traveling.	1
kare ha manshon ni sunde imasu	彼はマンションに住んでいます。	He lives in an apartment.	1
kanojo ha sannin no ko wo sodatemashita	彼女は三人の子を育てました。	She raised three children.	1
kanojo ha akarui seikaku desu	彼女は明るい性格です。	She has a cheerful personality.	1
kare ni bideo wo karimashita	彼にビデオを借りました。	I borrowed a video from him.	1
kare ha keeki ni rousoku wo tateta	彼はケーキにろうそくを立てた。	He stuck the candles into the cake.	1
kare ha apaato ni sunde imasu	彼はアパートに住んでいます。	He lives in an apartment.	1
kare no chounan ha hassai desu	彼の長男は8才です。	His oldest son is eight years old.	1
kanojo ha kuroi doresu wo kite imasu	彼女は黒いドレスを着ています。	She's wearing a black dress.	1
kare kara meeru wo uketorimashita	彼からメールを受け取りました。	I got an email from him.	1
kare ni tegami wo watashimashita	彼に手紙を渡しました。	I handed him the letter.	1
kare ha uriage wo gurafu ni shita	彼は売上をグラフにした。	He made a chart of the sales figures.	1
kanojo ha rajio wo kiite imasu	彼女はラジオを聞いています。	She's listening to the radio.	1
kare ha sannin kyoudai desu	彼は3人兄弟です。	He has two siblings.	1
kare ha takushii no untenshu desu	彼はタクシーの運転手です。	He's a taxi driver.	1
kare ga gaikoku ni iku no wo miokurimashita	彼が外国に行くのを見送りました。	I saw him off on his trip overseas.	1
kare no yousu ga okashii	彼の様子がおかしい。	He's acting strange.	1
kare no ie ni nimotsu wo okurimashita	彼の家に荷物を送りました。	I sent a package to his house.	1
watashi ha kare ni hon wo kashite imasu	私は彼に本を貸しています。	I'm lending him the book.	1
kanojo ha ningyou wo takusan motte imasu	彼女は人形をたくさん持っています。	She has a lot of dolls.	1
kare ha ginmedaru wo totta	彼は銀メダルを取った。	He got the silver medal.	1
kore wo kare ni todokete kudasai	これを彼に届けてください。	Please send this to him.	1
kare ha kanemochi desu	彼は金持ちです。	He's rich.	1
kare ha booru wo nageta	彼はボールを投げた。	He threw the ball.	1
kare ha ootobai ni notte iru	彼はオートバイに乗っている。	He rides a motorcycle.	1
kare ha karate wo naratte imasu	彼は空手を習っています。	He's learning karate.	1
kanojo ha hidarite de ji wo kaku	彼女は左手で字を書く。	She writes left-handed.	1
kanojo ha kimono ga yoku niaimasu	彼女は着物がよく似合います。	She looks good in a kimono.	1
kare to chikaku no eigakan ni ikimashita	彼と近くの映画館に行きました。	I went to a nearby movie theater with him.	1
kare ha kaarajio no suitchi wo ireta	彼はカーラジオのスイッチを入れた。	He hit the switch on his car radio.	1
karera ha yoku tenisu wo shite imasu	彼らはよくテニスをしています。	They often play tennis.	1
kare no hanashi ha okashikatta	彼の話はおかしかった。	His story was funny.	1
kare ha majime na hito desu	彼は真面目な人です。	He's a serious-minded person.	1
kanojo ha sono seminaa ni moushikonda	彼女はそのセミナーに申し込んだ。	She registered for that workshop.	1
kanojo ha baiorin wo naratte imasu	彼女はバイオリンを習っています。	She's learning the violin.	1
kare ha shinbun haitatsu wo shite iru	彼は新聞配達をしている。	He's delivering newspapers.	1
watashi ha kare no arubamu wo mita	私は彼のアルバムを見た。	I saw his album.	1
kanojo ha amari sukaato ha hakanai	彼女はあまりスカートははかない。	She doesn't wear skirts very often.	1
kanojo no ie ni ha mono ga takusan arimasu	彼女の家には物がたくさんあります。	There are a lot of things in her house.	1
konoaida kanojo ni atta	この間彼女に会った。	I met her the other day.	1
kanojo ha dansu ga daisuki desu	彼女はダンスが大好きです。	She loves to dance.	1
kare ha mainichi pachinko wo shite imasu	彼は毎日パチンコをしています。	He plays pachinko every day.	1
kare no hanashi ha tsumaranai desu ne	彼の話はつまらないですね。	What he's talking about is boring.	1
kare ha sono kanji no kakikata ga wakaranai	彼はその漢字の書き方が分からない。	He doesn't know how to write that Chinese character.	1
kanojo ha suchuwaadesu ni natta	彼女はスチュワーデスになった。	She's become a flight attendant.	1
kare ha shiroi waishatsu wo kite iru	彼は白いワイシャツを着ている。	He's wearing a white shirt.	1
kanojo ha shiroi burausu wo kite iru	彼女は白いブラウスを着ている。	She's wearing a white blouse.	1
kare ha sutereo de ongaku wo kiita	彼はステレオで音楽を聞いた。	He's listening to music on the stereo.	1
kanojo ha hayakuchi da	彼女は早口だ。	She talks quickly.	1
kare ha iroiro na koto wo shitte iru	彼は色々なことを知っている。	He knows about a lot of things.	1
kare ha kuruma kara nimotsu wo oroshita	彼は車から荷物を降ろした。	He unloaded the luggage from the car.	1
kanojo ha itsumo nikoniko shite imasu	彼女はいつもにこにこしています。	She's always smiling.	1
kanojo ha shatsu ni airon wo kaketa	彼女はシャツにアイロンをかけた。	She ironed the shirt.	1
kanojo ha suteki na iyaringu wo shite iru	彼女はすてきなイヤリングをしている。	She's wearing wonderful earrings.	1
mukashi ha kanojo no koto wo gaarufurendo to itte imashita	昔は彼女のことをガールフレンドと言っていました。	"We used to call girlfriends ""garufurendo."""	1
kanojo ni au to dokidoki shimasu	彼女に会うとどきどきします。	I feel nervous when I meet her.	1
ototoi kare kara denwa ga arimashita	一昨日彼から電話がありました。	There was a phone call from him the day before yesterday.	1
kanojo ha doitsugo ga perapera desu	彼女はドイツ語がぺらぺらです。	She speaks German fluently.	1
kare ni eameeru wo okurimashita	彼にエアメールを送りました。	I sent him a letter by airmail.	1
kare ha te ni yakedo wo shimashita	彼は手にやけどをしました。	He burned his hand.	1
watashi no kanojo ha totemo otonashii desu	私の彼女はとても大人しいです。	My girlfriend's very quiet.	1
kare ha hitomae da to agatte shimau	彼は人前だと上がってしまう。	He gets nervous in front of other people.	1
kare ha karate wo naratte imasu	彼は空手を習っています。	He's learning karate.	1
kanojo ha kin no nekkuresu wo shite imasu	彼女は金のネックレスをしています。	She's wearing a gold necklace.	1
kare ha watashi yori toshiue desu	彼は私より年上です。	He's older than me.	1
kare ha hirusugi ni kimasu	彼は昼過ぎに来ます。	He'll come after lunch.	1
fairu wo ketsugou shite hitotsu ni shimashita	ファイルを結合して1つにしました。	I consolidated the files into just one.	1
watashitachi ha raigetsu kekkon shimasu 。	私たちは来月結婚します。	We will get married next month.	1
watashitachi ha kyoukai de kekkonshiki wo shimashita	私たちは教会で結婚式をしました。	We had our wedding in a church.	1
sengetsu tomodachi no kekkonshiki ga atta	先月、友達の結婚式があった。	My friend's wedding was held last month.	1
shiai no kekka wo hayaku shiritai	試合の結果を早く知りたい。	I want to know soon the results of the game.	1
dezaato ni kudamono wo tabemashou	デザートに果物を食べましょう。	Let's have fruit for dessert.	1
natsuyasumi no kadai ha nan desu ka	夏休みの課題は何ですか。	What's our summer assignment?	1
ima kara ka no miiteingu ga aru	今から課のミーティングがある。	Our division is going to have a meeting now.	1
kare ha uta de jibun no kimochi wo hyougen shita	彼は歌で自分の気持ちを表現した。	He expressed his feelings in song.	1
kanojo ha jibun no tachiba wo wakatte inai	彼女は自分の立場を分かっていない。	She doesn't understand her position.	2
akachan ga jidousha no omocha de asonde iru	赤ちゃんが自動車のおもちゃで遊んでいる。	The baby's playing with the toy car.	1
jitensha ha benri na norimono desu	自転車は便利な乗り物です。	Bicycles are a convenient form of transport.	1
asu ha jishuu no jikan ga aru	明日は自習の時間がある。	I have study time tomorrow.	1
okureta riyuu wo oshiete kudasai	遅れた理由を教えてください。	Please tell me why you were late.	1
kyou ha jiyuu na jikan ga ooi	今日は自由な時間が多い。	I have a lot of free time today.	1
shingou ga ao ni kawarimashita。	信号が青に変わりました。	The traffic light turned green.	1
kare ha kirisuto wo shinjite iru	彼はキリストを信じている。	He believes in Christ.	1
shingou ga ao ni natta	信号が青になった。	The traffic light turned green.	1
shingou ga aka ni kawarimashita	信号が赤に変わりました。	The traffic light changed to red.	1
watashi ha hanbaagaa wo tanomimashita	私はハンバーガーを頼みました。	I ordered a hamburger.	1
shimin no anzen ha taisetsu da	市民の安全は大切だ。	The citizens' safety is important.	1
kaigi de juuyou na kettei ga arimashita	会議で重要な決定がありました。	An important decision was made at the conference.	1
kinou no kaigi ni tsuite houkoku ga arimasu	昨日の会議について報告があります。	There's a report about yesterday's conference.	1
kare ha kokkai giin desu	彼は国会議員です。	He's a congressman.	1
kyou no gogo daiji na kaigi ga arimasu	今日の午後、大事な会議があります。	There's an important meeting this afternoon.	1
kaigi de zen'in ga hatsugen shita	会議で全員が発言した。	Everyone spoke at the conference.	1
gogo ha kaigi ni shusseki shimasu	午後は会議に出席します。	I'll attend a meeting in the afternoon.	1
kaigi de shorui no kopii wo kubatta	会議で書類のコピーを配った。	I handed out copies of the document at the meeting.	1
kaigi de shorui wo kubatta	会議で書類を配った。	I handed out the document at the meeting.	1
hirumae ni kaigi ga atta	昼前に会議があった。	There was a meeting in the morning.	1
damu no kaihatsu ni juumin ha hantai shite imasu	ダムの開発に住民は反対しています。	The residents are against the development of the dam.	1
sono nisha ha tairitsu shite imasu	その2社は対立しています。	The two companies are against each other.	1
kare ni taisuru mikata ga kawarimashita	彼に対する見方が変わりました。	My view of him has changed.	1
watashi ha hantai desu	私は反対です。	I'm against it.	1
sono shitsumon ni taisuru kotae ga mitsukaranakatta	その質問に対する答えが見つからなかった。	I couldn't find an answer to that question.	1
yoku kotae ga wakarimashita ne	よく答えが分かりましたね。	You did well in coming up with the answer.	1
kare ha tomodachi no kotae wo utsushita	彼は友達の答えを写した。	He copied down his friend's answers.	1
kare ha sono mondai no kotae ga wakaranai	彼はその問題の答えが分からない。	He doesn't know the answer to the problem.	1
tokuni shitsumon ha arimasen	特に質問はありません。	I don't particularly have any questions.	1
toukyou made tokkyuu de sanjikan kakarimasu	東京まで特急で3時間かかります。	It takes three hours to Tokyo by special express.	1
anata ha watashi ni totte tokubetsu na hito desu	あなたは私にとって特別な人です。	You're special to me.	1
betsubetsu ni haraimashou	別々に払いましょう。	Let's get separate checks.	1
eki de tomodachi to wakaremashita	駅で友だちと別れました。	I parted with my friend at the station.	1
ippan no kata ha kochira no seki he douzo	一般の方はこちらの席へどうぞ。	General seating is over here.	1
kare ga kita mokuteki ga wakarimasen	彼が来た目的が分かりません。	I don't know the purpose of his visit.	1
nihon no jidousha sangyou ha sekaiteki ni yuumei da	日本の自動車産業は世界的に有名だ。	The Japanese auto industry is famous worldwide.	1
kanojo ha futsuu no onna no ko da	彼女は普通の女の子だ。	She's just a normal girl.	1
koko ni narande kudasai	ここに並んでください。	Please line up here.	1
watashi ha ryouri wo teeburu ni narabeta	私は料理をテーブルに並べた。	I arranged the food on the table.	1
teeburu no ue ni gochisou ga narande iru	テーブルの上にごちそうが並んでいる。	There are some delicious treats lined up on the table.	1
kono kuni ha heiwa desu	この国は平和です。	This country is peaceful.	1
byouin ha doko desu ka	病院はどこですか。	Where is the hospital?	1
kinou haha ga nyuuin shimashita	昨日、母が入院しました。	My mother was hospitalized yesterday.	1
netsu ga aru no de oishasan ni itta	熱があるのでお医者さんに行った。	I went to the doctor because I had a fever.	1
atarashii haburashi ga hitsuyou da	新しい歯ブラシが必要だ。	I need a new toothbrush.	1
nihongo no kyoukasho wo wasureta	日本語の教科書を忘れた。	I forgot my Japanese textbook.	1
ototoi mukashi no yuujin ga nakunatta	おととい、昔の友人が亡くなった。	An old friend died the day before yesterday.	1
hiruma ha shigoto de isogashii desu	昼間は仕事で忙しいです。	I'm busy with work in the daytime.	1
watashi ha tsukarete furafura desu	私は疲れてふらふらです。	I'm tired and feel dizzy.	1
watashi ha tsukarete furafura desu	私は疲れてふらふらです。	I'm tired and feel dizzy.	1
kare ha ima kin'en shite imasu	彼は今、禁煙しています。	He's stopped smoking now.	1
kare ha tada no yopparai desu	彼はただの酔っ払いです。	He's nothing but a drunk.	1
yuube ha yopparaimashita	昨夜は酔っ払いました。	I got drunk last night.	1
koohii wo mou ippai kudasai	コーヒーをもう一杯ください。	Please give me another cup of coffee.	1
watashi ha maiasa koppu ippai no mizu wo nomu	私は毎朝コップ一杯の水を飲む。	I drink a glass of water every morning.	1
sono michi ha kuruma ga ookute abunai	その道は車が多くて危ない。	There are many cars on that road, so it's dangerous.	1
kono kappu ha purasuchikku desu	このカップはプラスチックです。	This cup is plastic.	1
watashitachi ha sono kaisha ni chuumoku shite iru	私たちはその会社に注目している。	We have our eyes on that company.	1
resutoran de piza wo chuumon shimashita	レストランでピザを注文しました。	I ordered pizza at the restaurant.	1
sore ha douiu imi desu ka	それはどういう意味ですか。	What does that mean?	1
anata no iken ga kikitai desu	あなたの意見が聞きたいです。	I want to hear your opinion.	1
kore ha watashi kojin no iken desu	これは私個人の意見です。	This is my personal opinion.	1
kuruma ni chuui shite kudasai	車に注意してください。	Please watch out for traffic.	1
shokuji no youi ga dekimashita	食事の用意ができました。	The meal is ready.	1
guruupu no naka de iken ga wakaremashita	グループの中で意見が分かれました。	Opinion was divided within the group.	1
mou ichido yoyaku wo kakunin shita	もう一度、予約を確認した。	I confirmed my reservation one more time.	1
kono sofuto ni ha iroirona kinou ga arimasu	このソフトにはいろいろな機能があります。	This software has a lot of various features.	1
sarada no zairyou wo soroemashita	サラダの材料をそろえました。	I have all the ingredients for the salad.	1
heya no kagu wo ugokashimashita	部屋の家具を動かしました。	I moved the furniture in the room.	1
kono hanashi ha shinjitsu ni motozuite imasu	この話は真実に基づいています。	This story is based on truth.	1
ima jazu dansu no kihon wo naratte imasu	今、ジャズダンスの基本を習っています。	We're learning the basics of jazz dance at the moment.	1
asu no kaigi no junbi wo shita	明日の会議の準備をした。	I prepared for tomorrow's meeting.	1
sono hoteru ni ha rejaa shisetsu ga takusan aru	そのホテルにはレジャー施設がたくさんある。	There are a lot of leisure facilities in the hotel.	1
kono tango no imi wo setsumei shite kudasai	この単語の意味を説明してください。	Please tell me the meaning of this word.	1
sono eiga ha kyou koukai saremasu	その映画は今日、公開されます。	The movie opens to the public today.	1
kodomotachi ga kouen de asonde iru	子供たちが公園で遊んでいる。	The children are playing in the park.	1
kinou kodomotachi to doubutsuen ni ikimashita	昨日子供たちと動物園に行きました。	I went to the zoo with my kids yesterday.	1
kono yuuenchi no chiketto ha sanzen'en desu	この遊園地のチケットは3000円です。	The tickets for this amusement park are 3000 yen.	1
deeto de yuuenchi ni ikimashita	デートで遊園地に行きました。	I went on a date to an amusement park.	1
hiruyasumi ni kouen ni itta	昼休みに公園に行った。	I went to the park at lunchtime.	1
kanojo ha matsuri ga daisuki desu 。	彼女は祭りが大好きです。	She loves festivals.	1
koko de kokusai kaigi ga hirakaremasu	ここで国際会議が開かれます。	An international conference is going to be held here.	1
hikouki ga ichijikan ijou okureta	飛行機が1時間以上遅れた。	The plane arrived over an hour late.	1
basu ga hikoujou ni tsukimashita	バスが飛行場に着きました。	The bus arrived at the airport.	1
jiettoki ga tonde iru	ジェット機が飛んでいる。	The jet plane is flying.	1
koukuubin de shorui ga todokimashita	航空便で書類が届きました。	The document reached me by airmail.	1
kore ha sekai saidai no fune desu	これは世界最大の船です。	This is the world's largest ship.	1
ani ha fune no sekkei wo shite imasu	兄は船の設計をしています。	My big brother is designing a ship.	1
tooku ni fune ga miemasu	遠くに船が見えます。	I can see a ship in the distance.	1
chiisa na fune ga kawa wo kudatte imasu	小さな船が川を下っています。	A small ship is going down the river.	1
amerika no yuujin kara funabin ga todoita	アメリカの友人から船便が届いた。	Something arrived by surface mail from my friend in the United States.	1
watashitachi ha fune ni notta	私たちは船に乗った。	We got on the ship.	1
kuukou made rimujin basu de itta	空港までリムジンバスで行った。	I went to the airport by shuttle bus.	1
minato ni fune ga tsukimashita	港に船が着きました。	The ship arrived at the port.	1
nippon ha shimaguni desu	日本は島国です。	Japan is an island nation.	1
atarashii hoomupeeji ga kansei shita	新しいホームページが完成した。	We finished our new home page.	1
zentai no hachijuppaasento ga kansei shimashita	全体の80パーセントが完成しました。	80 percent of the total was completed.	1
kanojo ha heisei sannen umare desu	彼女は平成3年生まれです。	She was born in Heisei Year 3 (1991).	1
tsuini jikken ga seikou shita	ついに実験が成功した。	The experiment finally succeeded.	1
konojiko no gen'in ha nan desu ka	この事故の原因は何ですか。	What's the cause of the accident?	1
watashi ha yottsu no kaisha ni toushi shite imasu	私は4つの会社に投資しています。	I'm investing in four companies.	1
moushikomu ni ha ittei no shikaku ga iru	申し込むには一定の資格が要る。	You need certain qualifications to apply.	1
kongo tomo yoroshiku onegai shimasu	今後ともよろしくお願いします。	I look forward to working with you in the future.	1
kare ga genki ni naru you negatte imasu	彼が元気になるよう願っています。	We're praying that he gets well.	1
kare ni chokusetsu onegai shinasai	彼に直接お願いしなさい。	Ask him directly.	1
shiharai ha kaado de onegai shimasu	支払いはカードでお願いします。	Please pay by card.	1
yoroshiku onegai shimasu	よろしくお願いします。	My best regards.	1
kare no keisan ha seikaku desu	彼の計算は正確です。	His calculation is accurate.	1
sore ha tadashii kotae desu	それは正しい答えです。	That's the correct answer.	1
oshougatsu ni ha iroiro na asobi wo shimasu	お正月には色々な遊びをします。	We play a lot of games at New Year's.	1
kanojo ha totemo shoujiki da	彼女はとても正直だ。	She's very honest.	1
kare to watashi ha itsumo iken ga kotonaru	彼と私はいつも意見が異なる。	He and I always have different opinions.	1
tsuujou ha yoru hachiji made eigyou shite imasu	通常は夜8時まで営業しています。	We're usually open until eight o'clock at night.	1
kare ha hijou ni takai gijutsu wo motte iru	彼は非常に高い技術を持っている。	He has very advanced skills.	1
kore ha hijou ni juuyou desu	これは非常に重要です。	This is very important.	1
kare ha yoi tokoro dake wo kyouchou shita	彼は良いところだけを強調した。	He only emphasized the strong points.	1
kare ha yoi tokoro dake wo kyouchou shita	彼は良いところだけを強調した。	He only emphasized the strong points.	1
watashi no ichiban suki na kisetsu ha haru desu	私の一番好きな季節は春です。	My favorite season is spring.	1
watashitachi ga sono mondai wo chousa shite imasu	私たちがその問題を調査しています。	We're investigating that problem.	1
kare ga paateii kaijou wo teikyou shite kuremashita	彼がパーティー会場を提供してくれました。	He provided us with the venue for the party.	1
sono aidea ha kare no teian desu	そのアイデアは彼の提案です。	He's the one who proposed that idea.	1
watashi ga naka wo goannai shimasu	私が中をご案内します。	I'll show you around inside.	1
watashi mo tsurete itte kudasai	私も連れて行ってください。	Please take me along.	1
musuko ga tomodachi wo tsurete kimashita	息子が友達を連れて来ました。	My son brought a friend.	1
shigoto wo tsuzukete kudasai	仕事を続けてください。	Please continue working.	1
sakki no hanashi wo tsuzukemashou	さっきの話を続けましょう。	Let's continue the conversation we had earlier.	1
tsuzuki ha raishuu yarimashou	続きは来週やりましょう。	Let's continue next week.	1
mazu aite no ugoki wo mimashou	まず相手の動きを見ましょう。	First, watch your opponent's moves.	1
soudan shitai koto ga arimasu	相談したいことがあります。	I'd like to get your advice on something.	1
watashi ha isha ni soudan shita	私は医者に相談した。	I consulted the doctor.	1
kare ha shinbun kisha desu	彼は新聞記者です。	He's a newspaper journalist.	1
ane ha maiban nikki wo kaite imasu	姉は毎晩日記を書いています。	My older sister writes in her diary every evening.	1
marason de sekai kiroku ga deta	マラソンで世界記録が出た。	There was a new world record in the marathon.	1
kanojo ha sono kaiwa wo teepu ni rokuon shita	彼女はその会話をテープに録音した。	She recorded the conversation on tape.	1
sono mondai ni kansuru kiji wo yomimashita	その問題に関する記事を読みました。	I read an article about the problem.	1
kanren no sekushon he renraku shita	関連のセクションへ連絡した。	I contacted the related sections.	1
kono joukyou de ha shuppatsu ha muzukashii desu	この状況では出発は難しいです。	It will be difficult to depart in these conditions.	1
koko ha michi no joutai ga totemo warui desu	ここは道の状態がとても悪いです。	The road is in a very bad state here.	1
kega ha mou naorimashita ka	けがはもう治りましたか。	Is your injury better yet?	1
watashi ha seiji ni kanshin ga aru	私は政治に関心がある。	I'm interested in politics.	1
sono demo ni tsuite seifu ha nanimo shinakatta	そのデモについて政府は何もしなかった。	The government didn't do anything about the demonstration.	1
tou no daihyou ga shitsumon ni kotaemashita	党の代表が質問に答えました。	The party spokesman answered the question.	1
atarashii seisaku ha amari ii to ha omoemasen	新しい政策はあまり良いとは思えません。	I don't think the new policy is very good.	1
yoi ie wo erabu no ha muzukashii	良い家を選ぶのは難しい。	It's difficult to choose a good house.	1
kare ha puro no sakkaa senshu da	彼はプロのサッカー選手だ。	He's a professional soccer player.	1
karera ha basuketto no senshu desu	彼らはバスケットの選手です。	They're basketball players.	1
kare ha sakkaa no senshu desu	彼はサッカーの選手です。	He's a soccer player.	1
ane ha basukettobooru no senshu desu	姉はバスケットボールの選手です。	My big sister's a basketball player.	1
kare ha senkyo ni deru tsumori da	彼は選挙に出るつもりだ。	He intends to run in the election.	1
kaichou no kouho ha sannin imasu	会長の候補は3人います。	There are three candidates for chairman.	1
ima no shushou ha amari chikara ga nai	今の首相はあまり力がない。	The current Prime Minister doesn't have much power.	1
toukyou ha nippon no shuto desu	東京は日本の首都です。	Tokyo is the capital of Japan.	1
kanojo ha kubi ni mafuraa wo maite ita	彼女は首にマフラーをまいていた。	She was wearing a scarf around her neck.	1
booru ga kare no atama ni atatta	ボールが彼の頭に当たった。	The ball hit him on the head.	1
kesa kara atama ga itai	今朝から頭が痛い。	I've had a headache since this morning.	1
kare no kao ha makka deshita	彼の顔は真っ赤でした。	His face was red.	1
watashi ha taoru de kao wo fuita	私はタオルで顔をふいた。	I wiped my face with a towel.	1
kare ha gyousei wo kaikaku shitai to omotte iru	彼は行政を改革したいと思っている。	He wants to reform the administration.	1
kawa no beruto wo kaimashita	革のベルトを買いました。	I bought a leather belt.	1
watashi ha kono bangumi ga suki desu	私はこの番組が好きです。	I like this show.	1
sono rajio bangumi ha mou rokuon shimashita	そのラジオ番組はもう録音しました。	I've already recorded that radio show.	1
kare ha aru soshiki no riidaa da	彼はある組織のリーダーだ。	He's the leader of a certain organization.	1
mae ni susunde kudasai	前に進んでください。	Please move forward.	1
kagaku ha tsuneni shinpo shite iru	科学は常に進歩している。	Science is always advancing.	1
kanojo ha rainen daigaku ni shingaku suru	彼女は来年、大学に進学する。	She'll enter college next year.	1
kare ha daigakuin ni susumimashita	彼は大学院に進みました。	He's gone on to graduate school.	1
kono zu wo kakudai kopii shite kudasai	この図を拡大コピーしてください。	Please make an enlargement of this chart.	1
kono tango no imi wo jisho de shirabemashou	この単語の意味を辞書で調べましょう。	Let's look up the meaning of this word in the dictionary.	1
kare ha shippai no sekinin wo totte kaisha wo yameta	彼は失敗の責任を取って、会社を辞めた。	He took responsibility for the mistake and resigned from the company.	1
kare ha kaisha wo yamemasu	彼は会社を辞めます。	He's leaving the company.	1
kanojo ha jisho wo yoku tsukaimasu	彼女は辞書をよく使います。	She often uses the dictionary.	1
kare ha chiisa na kaisha ni tsutomete imasu	彼は小さな会社に勤めています。	He's working for a small business firm.	1
kare ha taishikan ni tsutomete imasu	彼は大使館に勤めています。	He's working for the embassy.	1
watashi ha chikatetsu de tsuukin shite imasu	私は地下鉄で通勤しています。	I commute to work by subway.	1
maiasa tsuukin ni sanjuppun kakarimasu	毎朝、通勤に30分かかります。	It takes thirty minutes to commute every morning.	1
oji ha ginkou ni tsutomete imasu	おじは銀行に勤めています。	My uncle works for a bank.	1
watashi ha ginkou ni tsutomete imasu	私は銀行に勤めています。	I'm working for a bank.	1
atode jimusho ni kite kudasai	後で事務所に来てください。	Please come to the office later.	1
jimushitsu de kopii wo totte kimasu	事務室でコピーを取って来ます。	I'm going to make copies in the office.	1
kono purintaa ha juurai no mono yori hayai	このプリンターは従来のものより速い。	This printer prints faster than previous models.	1
kanojo ha meirei ni shitagawanakatta	彼女は命令に従わなかった。	She did not obey orders.	1
itoko to watashi ha onaji toshi desu	従兄弟と私は同じ年です。	My cousin and I are the same age.	1
seiseki ga agarimashita	成績が上がりました。	His grades went up.	1
kare no seiseki ha maamaa desu	彼の成績はまあまあです。	His results are so-so.	1
gakuseitachi ha intaanetto de iroirona jouhou wo atsumeta	学生たちはインターネットでいろいろな情報を集めた。	The students gathered all kinds of information on the Internet.	2
otouto ha kitte wo atsumete imasu	弟は切手を集めています。	My little brother collects stamps.	1
ekimae ni hito ga atsumatte imasu	駅前に人が集まっています。	Lots of people are gathered in front of the station.	1
kakkoku no daihyou ga nyuuyooku ni atsumatta	各国の代表がニューヨークに集まった。	Each country's representatives assembled in New York.	1
oshougatsu ni ha taitei kazoku ga atsumaru	お正月にはたいてい、家族が集まる。	Our family usually gets together for the new year.	1
sono kaisha ha josei wo ooku saiyou shite iru	その会社は女性を多く採用している。	This company employs many women.	1
rainen kara kyuuryou ga agarimasu	来年から給料が上がります。	I'm getting a pay raise as of next year.	1
mainen kyuuryou ga agaru	毎年給料が上がる。	My salary goes up every year.	1
watashi ha kyonen daigaku wo sotsugyou shita	私は去年、大学を卒業した。	I graduated from university last year.	1
otouto ga koutougakkou wo sotsugyou shimashita	弟が高等学校を卒業しました。	My little brother graduated from high school.	1
kare ha shuushoku shiken wo uketa	彼は就職試験を受けた。	He took an exam to apply for a job.	1
kare ha jidousha gaisha ni shuushoku shita	彼は自動車会社に就職した。	He got a job at a car company.	1
saikin wakai hitotachi no shuushoku ga muzukashiku natte imasu	最近、若い人たちの就職が難しくなっています。	It's been hard for young people to find jobs recently.	1
haha ga kyou taiin shimasu	母が今日退院します。	My mother is being discharged from the hospital today.	1
sono senshu ha atarashii chiimu to keiyaku shita	その選手は新しいチームと契約した。	That player signed a contract with a new team.	1
ima nedan wo koushou shite imasu	今、値段を交渉しています。	We're currently negotiating the price.	1
kare ha sono jiken ni kankei ga nai	彼はその事件に関係がない。	He has nothing to do with that incident.	1
suupaamaaketto de ninjin wo katta	スーパーマーケットで人参を買った。	I bought carrots at the supermarket.	2
asu ha shimin marason ni sanka shimasu	明日は市民マラソンに参加します。	I'll participate in the citizens' marathon tomorrow.	1
shima no jinkou ha nennen zouka shite imasu	島の人口は年々増加しています。	The population of the island increases every year.	1
kono koujou de ha sakana wo kakou shite iru	この工場では魚を加工している。	This factory processes fish.	1
okagen ha ikaga desu ka	お加減はいかがですか。	How are you feeling?	1
kongetsu to sengetsu no uriage wo kurabeta	今月と先月の売上を比べた。	I compared this month's sales with last month's.	1
saikin kare no hyouka ga agatta	最近、彼の評価が上がった。	He's been receiving more recognition lately.	1
kono ankeeto ha daigakusei ga taishou desu	このアンケートは大学生が対象です。	This questionnaire targets university students.	1
kuruma wo shuuri ni dashita	車を修理に出した。	I took the car in for repair.	1
tsugi no eki de chikatetsu ni norikaemasu	次の駅で地下鉄に乗り換えます。	I'm transfering to the subway at the next station.	1
toirettopeepaa wo koukan shimashita	トイレットペーパーを交換しました。	I changed the toilet paper.	1
tsugi no eki de norikae desu	次の駅で乗り換えです。	I'm transfering at the next station.	1
kuruma no taiya wo kaeta	車のタイヤを換えた。	I changed the tires on the car.	1
kare ha kirei na fuku ni kigaeta	彼はきれいな服に着替えた。	He changed into clean clothes.	1
saigai ni sonaete tairyou no mizu wo kaikonda	災害に備えて大量の水を買い込んだ。	I bought large quantities of water to prepare for disasters.	1
kare ha yakusoku wo yabutta	彼は約束を破った。	He broke his promise.	1
shatsu ga yaburete iru	シャツが破れている。	My shirt got torn.	1
atarashii kikai ga kowareta	新しい機械が壊れた。	The new machine broke.	1
kamera ga kowareta	カメラが壊れた。	The camera broke.	1
kanojo ga watashi no keetai wo kowashita	彼女が私のケータイを壊した。	She destroyed my cell phone.	1
kaisha no pasokon ga kowareta	会社のパソコンが壊れた。	The company computer broke down.	1
kare ha rippa na hito desu	彼は立派な人です。	He's a fine man.	1
kanojo ga watashi no sukejuuru wo kanri shite iru	彼女が私のスケジュールを管理している。	She manages my schedule.	1
sono jiken no hannin ha mada tsukamatte inai	その事件の犯人はまだ捕まっていない。	The perpetrator of the incident hasn't been caught yet.	1
nigete ita hannin ga taiho saremashita	逃げていた犯人が逮捕されました。	They arrested that criminal who escaped.	1
nisensannen ni iraku de sensou ga atta	2003年にイラクで戦争があった。	There was a war in Iraq in 2003.	1
gomi wo sutete kudasai	ゴミを捨ててください。	Please throw away the garbage.	1
mizuumi de sukeeto wo shita	湖でスケートをした。	We went skating on the lake.	1
ike de booto ni norimashita	池でボートに乗りました。	I got on the boat at the pond.	1
atarashii denchi wo iremashou	新しい電池を入れましょう。	Let's put in a new battery.	1
ano ike ha totemo fukai	あの池はとても深い。	That pond is very deep.	1
kono puuru no fukasa ha nimeetoru desu	このプールの深さは2メートルです。	This pool is two meters deep.	1
kono kawa ha asai desu	この川は浅いです。	This river is shallow.	1
michi ni nanika ochite imasu	道に何か落ちています。	Something has fallen on the road.	1
koppu ga ochite wareta	コップが落ちて割れた。	The glass fell and broke.	1
kanojo ha daietto no tame ni oyoide iru	彼女はダイエットのために泳いでいる。	She swims to lose weight.	1
kinou ha takusan oyogimashita	昨日はたくさん泳ぎました。	I swam a lot yesterday.	1
kyonen ha suniikaa ga hayarimashita	去年はスニーカーが流行りました。	Sneakers were popular last year.	1
kaettara mazu te wo araimashou 。	帰ったら先ず手を洗いましょう。	When you get home, wash your hands first.	1
hayaku kao wo arainasai	早く顔を洗いなさい。	Hurry up and wash your face.	1
watashi ha shitagi wo te de arau	私は下着を手で洗う。	I wash my underwear by hand.	1
senmenjo de kao wo aratta	洗面所で顔を洗った。	She washed her face in the lavatory.	1
mizu to abura ha mazaranai	水と油は混ざらない。	Oil and water don't mix.	1
booto ga kawa ni shizunda	ボートが川に沈んだ。	The boat sank in the river.	1
ashita hisashiburi ni tomodachi ni aimasu	明日、久しぶりに友達に会います。	Tomorrow I'm meeting a friend I haven't seen for a long time.	1
gurasu ni koori wo irete kudasai	グラスに氷を入れてください。	Please put some ice in my glass.	1
kuuraa de karada ga hieta	クーラーで体が冷えた。	The air conditioner's given me the chills.	1
atama wo hiyashinasai	頭を冷やしなさい。	Cool your head.	1
kare he no kimochi ga sameta	彼への気持ちが冷めた。	My feelings for him have died down.	1
samui asa ha douro ga koorimasu	寒い朝は道路が凍ります。	The roads freeze on cold mornings.	1
reizouko ga koshou shimashita	冷蔵庫が故障しました。	The refrigerator broke down.	1
kono seetaa ha uuru da	このセーターはウールだ。	This sweater is made of wool.	1
nomimono ha reizouko ni arimasu	飲み物は冷蔵庫にあります。	Drinks are in the refrigerator.	1
yuugata ha suzushiku narimasu yo	夕方は涼しくなりますよ。	It gets cooler in the evening.	1
zubon ga yogoreta	ズボンが汚れた。	My trousers got dirty.	1
kare ha fuku wo yogoshita	彼は服を汚した。	He got his clothes dirty.	1
epuron wo shinai to fuku ga yogoremasu	エプロンをしないと服が汚れます。	Your clothes will get dirty if you don't wear an apron.	1
koko ha keshiki ga kirei desu ne	ここは景色がきれいですね。	The scenery here is beautiful.	1
watashi ha kare kara ooki na eikyou wo ukemashita	私は彼から大きな影響を受けました。	I was deeply influenced by him.	1
nami ga kirakira hikatte imashita	波がきらきら光っていました。	The waves sparkled brilliantly.	1
watashi no ane ha sugu futorimasu	私の姉はすぐ太ります。	My big sister puts on weight easily.	1
kare ha yubi ga futoi	彼は指が太い。	His fingers are fat.	1
taiyou ha nishi ni shizumimasu	太陽は西に沈みます。	The sun sets in the west.	1
taiyou ga giragira shite iru	太陽がぎらぎらしている。	The sun is glaring.	1
uchuujin ha sonzai suru to omoimasu ka	宇宙人は存在すると思いますか。	Do you think that aliens exist?	1
atarashii hoshi ga hakken sareta	新しい星が発見された。	A new star was discovered.	1
hoshi ga kirakira hikatte iru	星がきらきら光っている。	The stars are shining brightly.	1
konya ha hoshi ga yoku miemasu	今夜は星がよく見えます。	You can see the stars clearly tonight.	1
yuube nagareboshi wo mimashita	昨夜、流れ星を見ました。	I saw some shooting stars last night.	1
tsuki ha chikyuu no mawari wo mawatte imasu	月は地球のまわりを回っています。	The moon spins around the earth.	1
kare ha yakyuu ga umai	彼は野球がうまい。	He's good at baseball.	1
tomodachi to yakyuu wo shimashita	友達と野球をしました。	I played baseball with a friend.	1
kumo no aida kara tsuki ga deta	雲の間から月が出た。	The moon came out from between the clouds.	1
kyou ha kumo ga ooi	今日は雲が多い。	It's cloudy today.	1
kyou ha ichinichi kumori deshita	今日は一日曇りでした。	It was cloudy all day today.	1
sakunen ha jishin ga ooi toshi deshita	昨年は地震が多い年でした。	Last year there were a lot of earthquakes.	1
kare ha nannen mo jishin no kenkyuu wo shite iru	彼は何年も地震の研究をしている。	He's been researching earthquakes for many years.	1
nihon ha jishin ga ooi desu	日本は地震が多いです。	Earthquakes are frequent in Japan.	1
jishin de gasu ga tomatta	地震でガスが止まった。	The gas got cut off due to the earthquake.	1
kare ha samukute furuete imashita	彼は寒くて震えていました。	He was cold and shivering.	1
kaze de ki ga yurete imasu	風で木が揺れています。	The trees are swaying in the wind.	1
jishin de ie ga guragura to yureta	地震で家がぐらぐらと揺れた。	The house shook because of the earthquake.	1
kyouto ni ha jinja ga takusan aru	京都には神社がたくさんある。	There are many Shinto shrines in Kyoto.	1
kore ha himitsu desu	これは秘密です。	This is a secret.	1
kono jouken de ha kibishi sugimasu	この条件では厳し過ぎます。	It's too harsh under these conditions.	1
ano kaisha no kisoku ha kibishii desu	あの会社の規則は厳しいです。	That company's rules are strict.	1
kotoshi no natsu ha atsusa ga kibishii	今年の夏は暑さが厳しい。	The heat this summer is overbearing.	1
kyou ha kibishii samusa ni naru deshou	今日は厳しい寒さになるでしょう。	It will probably be extremely cold today.	1
ano mura ni ha otoshiyori ga takusan sunde imasu	あの村にはお年寄りがたくさん住んでいます。	A lot of elderly people live in that village.	1
atarashii seiki no hajimari desu	新しい世紀の始まりです。	It's the start of a new century.	1
atarashii biru no kensetsu ga hajimatta	新しいビルの建設が始まった。	Construction began on the new building.	1
koko ga tatemono no chuushin desu	ここが建物の中心です。	This is the center of the building.	1
kore ha nihon'ichi furui tatemono desu	これは日本一古い建物です。	This is the oldest building in Japan.	1
koko ni rainen ie ga tachimasu	ここに来年、家が建ちます。	Our house will be built here next year.	1
sono tatemono no banchi ha wakarimasu ka	その建物の番地は分かりますか。	Do you know the building's plot number?	1
shisutemu no kousei wo kaete mimashita	システムの構成を変えてみました。	I've tried to reorganize the system.	1
kono tatemono no kouzou ha fukuzatsu desu	この建物の構造は複雑です。	The structure of this building is complex.	1
watashitachi ha aruite hashi wo watatta	私たちは歩いて橋を渡った。	We walked over the bridge.	1
ano hashi ha nihon de ichiban nagai	あの橋は日本で一番長い。	That bridge is the longest in Japan.	1
kuruma ga denchuu ni butsukatta	車が電柱にぶつかった。	The car crashed into the telephone pole.	1
kono ie no hashira ha futoi	この家の柱は太い。	The pillars in this house are thick.	1
sono ie no hirosa ha dore kurai desu ka	その家の広さはどれ位ですか。	How big is that house?	1
kyou no shinbun doko ni oita	今日の新聞、どこに置いた?	Where did you put today's newspaper?	1
watashi no machi ha toukyou no kita ni ichi shimasu	私の町は東京の北に位置します。	My town is located north of Tokyo.	1
yuujin ga rikon shimashita	友人が離婚しました。	My friend got divorced.	1
subete no shisutemu ga teishi shita	全てのシステムが停止した。	All systems have stopped.	1
tsugi no basutei de orimasu	次のバス停で降ります。	I get off at the next bus stop.	1
natsu ni ha kawabe de hanabitaikai ga arimasu	夏には川辺で花火大会があります。	There are fireworks by the river in summer.	1
kono shuuhen ni ha daigaku ga ooi	この周辺には大学が多い。	There are a lot of universities in this area.	1
konohen ha tanbo ga takusan arimasu	この辺は田んぼがたくさんあります。	There are a lot of rice fields around here.	1
tonari no heya kara terebi no oto ga kikoeru	隣の部屋からテレビの音が聞こえる。	I can hear the sound of the television from the next room.	1
shingou ha kiiro deshita	信号は黄色でした。	The traffic light was yellow.	1
yoko no nagasa ha ichimeetoru desu	横の長さは1メートルです。	Its width is one meter.	1
kono hon ha yokogaki desu	この本は横書きです。	This book is printed horizontally.	1
kono dankai de ha ketsudan suru no ha mada hayai	この段階では、決断するのはまだ早い。	At this stage, it is still early to decide.	1
kare no handan ha tadashii	彼の判断は正しい。	His judgment is correct.	1
handan no kijun ga shimesareta	判断の基準が示された。	The standards of judgment were outlined.	1
watashi ha kare no puropoozu wo kotowatta	私は彼のプロポーズを断った。	I turned down his marriage proposal.	1
asoko ni oudanhodou ga arimasu	あそこに横断歩道があります。	There's a crosswalk over there.	1
keikaku wo oohaba ni henkou shita	計画を大幅に変更した。	We substantially changed the plan.	1
nenkan gomannin ga koko wo otozuremasu	年間5万人がここを訪れます。	This place gets 50,000 visitors a year.	1
watashi ha natsu ni kyouto wo otozuremashita	私は夏に京都を訪れました。	I visited Kyoto this summer.	1
kare ha nyuuyooku no tomodachi wo tazuneta	彼はニューヨークの友達を訪ねた。	He visited his friend in New York.	1
reibou wo irete kudasai	冷房を入れてください。	Please turn on the air-conditioner.	1
fuyu ha danbou ga hitsuyou desu	冬は暖房が必要です。	Heating is necessary in winter.	1
atarashii bunbougu wo kaimashita	新しい文房具を買いました。	I bought some new stationery.	1
menyuu wo kudasai	メニューをください。	Please give me the menu.	1
kare ha yooroppa shokoku wo ryokou shita	彼はヨーロッパ諸国を旅行した。	He traveled through various European countries.	1
issho ni taisaku wo kangaemashou	一緒に対策を考えましょう。	Let's think together about what measures we'll take.	1
mochiron issho ni ikimasu	もちろん一緒に行きます。	Of course I'll go with you.	1
tomodachi to issho ni shukudai wo shita	友達と一緒に宿題をした。	I did my homework with a friend.	1
issho ni ranchi ni ikimasen ka	一緒にランチに行きませんか。	Do you want to go to lunch together?	1
ano machi ha midori wo fuyashite imasu	あの町は緑を増やしています。	That town is increasing its greenery.	1
kare ha midoriiro no jaketto wo kite imasu	彼は緑色のジャケットを着ています。	He's wearing a green jacket.	1
ano machi ha midori wo fuyashite imasu	あの町は緑を増やしています。	That town is increasing its greenery.	1
chichi ha boueki no shigoto wo shite imasu	父は貿易の仕事をしています。	My father works in the trading business.	1
kore ha itaria kara yunyuu shita fuku desu	これはイタリアから輸入した服です。	These clothes are imported from Italy.	1
kare no kaisha ha kuruma wo yushutsu shite imasu	彼の会社は車を輸出しています。	His company exports cars.	1
kanojo ni yubiwa wo purezento shimashita	彼女に指輪をプレゼントしました。	I gave her a ring as a gift.	1
kore ha haha ga taisetsu ni shite ita yubiwa desu	これは母が大切にしていた指輪です。	This is a ring that meant a lot to my mother.	1
oufuku kippu wo kudasai	往復切符をください。	I'd like a roundtrip ticket please.	1
kinou no fukushuu wo shimashita ka	昨日の復習をしましたか。	Did you review yesterday's lesson?	1
kanojo ha onaji machigai wo kurikaeshita	彼女は同じ間違いを繰り返した。	She repeated the same mistake.	1
kono keitai denwa ga tsukaeru no ha kokunai dake desu	この携帯電話が使えるのは国内だけです。	You can only use this mobile phone domestically.	2
ryuugaku shite kara watashi no sekai ga hirogatta	留学してから私の世界が広がった。	My world expanded after studying abroad.	1
ryuugakusei ha ajiajin ga ooku sonota ha sanwari desu	留学生はアジア人が多く、その他は3割です。	The majority of foreign students are Asian, with 30 percent from other regions.	1
kore ha kirei na gurasu desu ne	これはきれいなグラスですね。	This is a beautiful glass.	1
ichinenkan amerika ni ryuugaku shimashita	1年間、アメリカに留学しました。	I went to study in the United States for a year.	1
basu no teiryuujo de juppun machimashita	バスの停留所で10分待ちました。	I waited for ten minutes at the bus stop.	1
kore wo kakitome de okuritai no desu ga	これを書留で送りたいのですが。	I want to send this by registered mail.	1
minna de shizen wo mamorimashou	みんなで自然を守りましょう。	Let's all work to protect Nature.	1
kare ha yakusoku wo mamoru hito desu	彼は約束を守る人です。	He's one to keep his promises.	1
oya ga kodomo wo mamoru no ha shizen na koto da	親が子供を守るのは自然なことだ。	It's natural that parents protect their children.	1
yakusoku ha mamorimasu	約束は守ります。	I keep my promises.	1
chichi ha ima rusu desu	父は今、留守です。	My father isn't at home now.	1
shujin ha ima rusu desu	主人は今、留守です。	My husband is out now.	1
jitaku ni denwa wo kudasai	自宅に電話を下さい。	Please call home.	1
sensei no otaku ha dochira desu ka	先生のお宅はどちらですか。	Where is the teacher's house?	1
taihen na koto ga okorimashita	大変なことが起こりました。	A terrible thing happened.	1
kare ha koutsuujiko wo okoshita	彼は交通事故を起こした。	He caused a traffic accident.	2
kare ha beddo de nete imasu	彼はベッドで寝ています。	He's sleeping in the bed.	1
akachan ga gussuri nete iru	赤ちゃんがぐっすり寝ている。	The baby's sleeping soundly.	1
watashi no kodomo ha mainichi hirune wo shimasu	私の子供は毎日昼寝をします。	My child takes a nap every day.	1
koko ha shizukana juutakuchi da	ここは静かな住宅地だ。	This is a quiet residential area.	1
kotoshi no natsuyasumi ni ha shizuka na tokoro he ikitai	今年の夏休みには静かな所へ行きたい。	I want to go to a quiet place this summer vacation.	1
ashita ha hima desu ka	明日は暇ですか。	Are you free tomorrow?	1
watashi no shumi ha eiga to tenisu desu	私の趣味は映画とテニスです。	My hobbies are tennis and movies.	1
chokoreeto to keeki wo ryouhou kudasai	チョコレートとケーキを両方ください。	I'll have both the chocolate and the cake, please.	1
ichiman'en wo ryougae shite kudasai	1万円を両替してください。	Please exchange 10,000 yen for me.	1
toukyou made katamichi kippu wo katta	東京まで片道切符を買った。	I bought a one-way ticket to Tokyo.	1
hakusen no uchigawa ni sagatte kudasai	白線の内側に下がってください。	Please step back behind the white line.	1
asoko ni patokaa ga iru	あそこにパトカーがいる。	There's a police car over there.	1
watashi no ie ha kawa no mukougawa ni arimasu	私の家は川の向こう側にあります。	My house is on the other side of the river.	1
hakusen no sotogawa wo arukanai de kudasai	白線の外側を歩かないでください。	Please don't walk outside the white line.	1
gamen no hidarigawa wo mite kudasai	画面の左側を見てください。	Please look at the left side of the screen.	1
kanojo ha itsumo watashi no migigawa wo arukimasu	彼女はいつも私の右側を歩きます。	She always walks on my right.	1
kaisha no ura ni kouen ga arimasu	会社の裏に公園があります。	There's a park behind the company.	1
kare ha kami wo uragaeshimashita	彼は紙を裏返しました。	He turned the paper over.	1
sono shuukanshi ha goshippu bakari da	その週刊誌はゴシップばかりだ。	That weekly is full of gossip.	1
kyou no choukan ni omoshiroi kiji ga atta	今日の朝刊に面白い記事があった。	There was an amusing article in today's morning paper.	1
sono nyuusu ha yuukan de mimashita	そのニュースは夕刊で見ました。	I saw that news in the evening newspaper.	1
watashi ha tsuki ni sansatsu kurai shousetsu wo yomimasu	私は月に3冊くらい小説を読みます。	I read about three novels a month.	1
motto kuwashiku setsumei shite kudasai	もっと詳しく説明してください。	Please explain in greater detail.	1
kanojo ha komakai koto ni urusai	彼女は細かいことにうるさい。	She's fussy about small details.	1
mikan wo hitotsu kudasai	みかんを1つください。	Please give me a tangerine.	1
sore ha komaka na mondai desu	それは細かな問題です。	That's a complex issue.	1
yuki ga tsumotte imasu	雪が積もっています。	The snow has settled.	1
sono bun no yaku wo yomimashita	その文の訳を読みました。	I read a translation of that sentence.	1
kono bun wo yakushite kudasai	この文を訳してください。	Please translate this sentence.	1
kyou juu ni kono mondai wo kentou shite kudasai	今日中にこの問題を検討してください。	Please consider this problem by the end of the day.	1
uketsuke de puroguramu wo uketotta	受付でプログラムを受け取った。	I got my program at the reception.	1
omake wo tsukemashita	おまけを付けました。	I added a freebie.	1
kono jaketto ha nairon de dekite imasu	このジャケットはナイロンでできています。	This jacket is made of nylon.	1
uketsuke ha kochira desu	受付はこちらです。	The reception desk is this way.	1
yuubinbutsu ha goji made uketsukete imasu	郵便物は5時まで受け付けています。	We accept mail until five o'clock.	1
hayaku heya wo katazukenasai	早く部屋を片付けなさい。	Hurry up and clean up your room.	1
uketsuke ha kuji kara desu	受付は9時からです。	Registration is from nine o'clock.	1
josei ga chikazuite kimashita	女性が近付いてきました。	A woman approached me.	1
purezento ni ribon wo tsuketa	プレゼントにリボンを付けた。	I put a ribbon on the present.	1
shigoto ga daibu katazuita	仕事が大分片付いた。	I've completed a lot of my work.	1
karada ni ki wo tsukete kudasai	体に気を付けてください。	Please take care of yourself.	1
kyou ha ryoushin no kekkon kinenbi desu	今日は両親の結婚記念日です。	Today's my parents' wedding anniversary.	1
sono shiai ha zannen na kekka ni natta	その試合は残念な結果になった。	The result of the game was disappointing.	1
toukyouyuki no ressha ni notta	東京行きの列車に乗った。	I got on the Tokyo-bound train.	1
gutaiteki na rei wo ikutsuka misete kudasai	具体的な例をいくつか見せてください。	Please show me some concrete examples.	1
tatoeba kono sofuto de nihongo wo benkyou suru koto ga dekimasu	例えば、このソフトで日本語を勉強することができます。	You can use this software to study Japanese, for example.	1
reibun wo mittsu tsukutte kudasai	例文を3つ作ってください。	Please make three example sentences.	1
hitotsu rei wo agete kudasai	一つ例をあげてください。	Please give an example.	1
yuushoku no ryouri ga takusan amatta	夕食の料理がたくさん余った。	A lot of food from dinner was left over.	1
buchou wo nozoku zen'in ga doyoubi mo hataraita	部長を除く全員が土曜日も働いた。	Everyone except the director worked on Saturday.	1
kare ha kazoku no tame ni shigoto no jikan wo kezutta	彼は家族のために仕事の時間を削った。	He reduced his working hours for his family's sake.	1
kare ha yahari chikoku shimashita	彼はやはり遅刻しました。	He was late, as expected.	1
chikoku shinai de kudasai	遅刻しないでください。	Please don't be late.	1
kono zubon ha yurui desu	このズボンは緩いです。	These trousers are loose.	1
suuji ha nigate desu	数字は苦手です。	I'm not good with numbers.	1
tabesugite onaka ga kurushii	食べ過ぎておなかが苦しい。	I have eaten too much and my stomach hurts.	1
watashi ha nigai koohii ga suki desu	私は苦いコーヒーが好きです。	I like bitter coffee.	1
watashi ha ryouri ga nigate desu	私は料理が苦手です。	I'm not good at cooking.	1
keetai wo nakushite komatte imasu	ケータイをなくして困っています。	I'm in a jam because I lost my cell phone.	1
kare ha mukashi ha binbou datta	彼は昔は貧乏だった。	He used to be poor.	1
kono juusu ha ama sugiru	このジュースは甘すぎる。	This juice is too sweet.	1
kanojo no kazoku ni fukou ga atta	彼女の家族に不幸があった。	A misfortune befell her family.	1
ii tomodachi ga ite watashi ha shiawase da	良い友達がいて私は幸せだ。	I'm happy to have good friends.	1
shio koshou wo kuwaete kudasai	塩、コショウを加えてください。	Please add the salt and pepper.	1
shio wo shoushou irete kudasai	塩を少々入れてください。	Please put in a little salt.	1
mou chotto shio wo irete	もうちょっと塩を入れて。	Put in a little more salt.	1
umi no mizu ha shiokarai	海の水は塩辛い。	Sea water is salty.	1
mou chotto shio wo irete	もうちょっと塩を入れて。	Put in a little more salt.	1
koohii ni satou ha iremasu ka	コーヒーに砂糖は入れますか。	Do you take sugar in your coffee?	1
kono doubutsuen ha nippon'ichi no kibo desu	この動物園は日本一の規模です。	This is the largest zoo in Japan.	1
watashi ha nougyou wo benkyou shite imasu	私は農業を勉強しています。	I'm studying agriculture.	1
watashi ha koi aji ga suki da	私は濃い味が好きだ。	I like strong tastes.	1
kono denshi jisho ha totemo usui	この電子辞書はとても薄い。	This electronic dictionary is very thin.	1
kono ryouri ha aji ga usui	この料理は味が薄い。	This food is tasteless.	1
sono jisho ha totemo atsui	その辞書はとても厚い。	That dictionary is very thick.	1
shimekiri ga sematte imasu	締め切りが迫っています。	The deadline is approaching.	1
gomu ga nobite shimatta	ゴムが伸びてしまった。	The elastic has gone loose.	1
hikkoshi wo gyousha ni tanonda	引っ越しを業者に頼んだ。	I asked a company to handle my move.	1
watashitachi ha takai yama wo koemashita	私たちは高い山を越えました。	We went over a tall mountain.	1
kyonen hikkoshi shimashita	去年、引っ越ししました。	I moved last year.	1
ooki na torakku ga watashitachi wo oikoshita	大きなトラックが私たちを追い越した。	A big truck overtook us.	1
chikyuu no kion ha joushou shite iru	地球の気温は上昇している。	The temperature of the earth is rising.	1
kare no shoushin ha tashika da	彼の昇進は確かだ。	He's sure to get a promotion.	1
kaisatsuguchi de aimashou	改札口で会いましょう。	Let's meet at the ticket gate.	1
deha sorosoro shitsurei shimasu	ではそろそろ失礼します。	Well, it's about time for me to go.	1
kanojo ni orei no tegami wo kakimashita	彼女にお礼の手紙を書きました。	I wrote her a thank you letter.	1
shitsurei desu ga 、 donata desu ka 。	失礼ですが、どなたですか。	Excuse me, but who are you?	1
kare ha sugu ni ayamarimashita	彼は直ぐに謝りました。	He apologized at once.	1
kare ha chuusha ga amari suki de ha arimasen	彼は注射があまり好きではありません。	He's not too fond of getting shots.	1
kare ha yuushuu na shain desu	彼は優秀な社員です。	He's an excellent employee.	1
kanojo wo deeto ni sasotta	彼女をデートに誘った。	I asked her out on a date.	1
kaisha de atarashii shisutemu wo dounyuu shita	会社で新しいシステムを導入した。	A new system was introduced in the company.	1
motto doryoku shiyou	もっと努力しよう。	Let's try harder.	1
kanojo ga okoru no mo touzen da	彼女が怒るのも当然だ。	It's natural that she should be angry.	1
kanojo ha mettani okorimasen 。	彼女はめったに怒りません。	She rarely gets angry.	1
watashi no ani ha mada dokushin desu	私の兄はまだ独身です。	My big brother's still single.	1
kanai ha kyuushuu shusshin desu	家内は九州出身です。	My wife is from Kyushu.	1
jimuteki na shori ni isshuukan kakarimasu	事務的な処理に1週間かかります。	The administrative processing takes one week.	1
ryoushin ni kanojo wo shoukai shita	両親に彼女を紹介した。	I introduced my girlfriend to my parents.	1
ryoushin wo shokuji ni maneita	両親を食事に招いた。	I invited my parents to a meal.	1
soosu ha dore desu ka	ソースはどれですか。	Which of these is Worcestershire sauce?	1
koukou no toki no sensei wo kekkonshiki ni shoutai shita	高校の時の先生を結婚式に招待した。	I invited my high school teacher to the wedding.	1
ane fuufu ni otokonoko ga umaremashita	姉夫婦に男の子が生まれました。	My sister and her husband had a baby boy.	1
sono fuufu ha totemo naka ga ii	その夫婦はとても仲がいい。	That couple gets on very well.	1
tsuma ni nekkuresu wo purezento shimashita	妻にネックレスをプレゼントしました。	I gave my wife a necklace.	1
kyou ha tsuma to futari de shokuji wo shimasu	今日は妻と二人で食事をします。	Today I'm having dinner with my wife, just the two of us.	1
kare no okusan ha kirei na kata desu	彼の奥さんはきれいな方です。	His wife is beautiful.	1
kare ha okusan yori toshishita desu	彼は奥さんより年下です。	He's younger than his wife.	1
nisha ha tagai ni kyousou shite iru	2社は互いに競争している。	Two companies are competing with each other.	1
ano hitotachi ha mina onaji houkou wo mite iru	あの人たちは皆、同じ方向を見ている。	Those people are all looking in the same direction.	1
minna de toukyou kenbutsu wo shita	皆で東京見物をした。	We all went sightseeing in Tokyo.	1
minna ni kaigi no hinichi wo shiraseta	皆に会議の日にちを知らせた。	I informed everyone of the day of the meeting.	1
minasan ni ohanashi ga arimasu	皆さんにお話があります。	I have something to say to everybody.	1
minasama konnichiha	皆様、こんにちは。	Hello everyone.	1
wagasha no keiei ha umaku itte imasu	我が社の経営はうまくいっています。	Our company is well managed.	1
furansu no daitouryou ha dare desu ka	フランスの大統領は誰ですか。	Who's the president of France?	1
shiai no aite ha dare desu ka	試合の相手は誰ですか。	Who are they playing against?	1
mirai ha dare ni mo wakaranai	未来は誰にも分からない。	Nobody knows the future.	1
dareka ga watashi no kaban wo nusumimashita	誰かが私のカバンを盗みました。	Someone stole my bag.	1
dareka ni kiite mite kudasai	誰かに聞いてみてください。	Please ask someone.	1
watashi ha nihon kokuseki desu	私は日本国籍です。	I'm a Japanese citizen.	1
kanojo ha ai wo komete tegami wo kaita	彼女は愛をこめて手紙を書いた。	She wrote a loving letter.	1
kanojo no akachan ha kawaii desu	彼女の赤ちゃんは可愛いです。	Her baby is cute.	1
musume ni kawaii doresu wo kiseta	娘に可愛いドレスを着せた。	I dressed my daughter in a cute dress.	1
kare ha koibito wo ushinatta	彼は恋人を失った。	He lost his girlfriend.	1
tanjoubi ni purezento wo moraimashita	誕生日にプレゼントをもらいました。	I got some presents on my birthday.	1
kanojo no tanjoubi ha shichigatsu juurokunichi desu	彼女の誕生日は7月16日です。	Her birthday is July 16th.	1
tanjoubi ni keeki wo tabemashita	誕生日にケーキを食べました。	We ate cake on his birthday.	1
gogatsu mikka ha shukujitsu da	5月3日は祝日だ。	May 3rd is a holiday.	1
kare no shuushoku no oiwai wo shiyou	彼の就職のお祝いをしよう。	Let's celebrate his new employment.	1
yume wo jitsugen suru ni ha doryoku ga hitsuyou desu	夢を実現するには努力が必要です。	You need to make an effort to make your dreams come true.	1
imouto ha sugu ni naku	妹はすぐに泣く。	My little sister cries easily.	1
kanojo no me kara namida ga koboreta	彼女の目から涙がこぼれた。	Tears rolled down from her eyes.	1
kanojo no me kara namida ga koboreta	彼女の目から涙がこぼれた。	Tears rolled down from her eyes.	1
kanojo ha totemo yorokobimashita	彼女はとても喜びました。	She was very pleased.	1
totemo hazukashikatta	とても恥ずかしかった。	It was very embarrassing.	1
kyou ha bentou wo motte kimashita	今日は弁当を持ってきました。	I brought a lunch box today.	1
fujisan no takasa ha sanzennanahyaku-nanajuurokumeetoru desu	富士山の高さは3,776メートルです。	The height of Mt. Fuji is 3,776m.	1
watashitachi ha sakunen fujisan ni noborimashita	私たちは昨年、富士山に登りました。	We climbed Mount Fuji last year.	1
haha ha kangofu desu	母は看護婦です。	My mother's a nurse.	1
kanojo ha kaisha wo uttaeta	彼女は会社を訴えた。	She sued the company.	1
michi ni mayoimashita	道に迷いました。	I lost my way.	1
watashi ni todoku meeru no uchi meiwaku meeru ga nanawari wo shimete iru	私に届くメールのうち、迷惑メールが7割を占めている。	About 70 percent of emails sent to me are junk.	1
beruto ga kitsuku narimashita	ベルトがきつくなりました。	My belt has gotten tight.	1
hito ni meiwaku wo kakete ha ikemasen	人に迷惑をかけてはいけません。	You shouldn't cause trouble for other people.	1
kono chiiki ha ame ga ooi	この地域は雨が多い。	There's a lot of rain in this region.	1
kare ha chiiki no katsudou ni sanka shita	彼は地域の活動に参加した。	He took part in local activities.	1
chiiki no juumin ga atsumatte hanashiai wo shita	地域の住民が集まって話合いをした。	The local residents got together and talked.	1
sono chiiki ha ima kiken da	その地域は今、危険だ。	That region is dangerous right now.	1
seiken ga koutai shita	政権が交代した。	There was a regime change.	1
haha ni hana wo okutta	母に花を贈った。	I sent my mother some flowers.	1
suteki na okurimono wo doumo arigatou	すてきな贈り物をどうもありがとう。	Thank you for the wonderful present.	1
sono nyuusu ha kare ni ooki na shokku wo ataeta	そのニュースは彼に大きなショックを与えた。	The news gave him a great shock.	1
watashitachi ha ima kekkon shikin wo tamete imasu	私たちは今、結婚資金を貯めています。	We're saving for the wedding now.	1
chokin ha juubun ni arimasu	貯金は十分にあります。	I have enough savings.	1
watashi ha maitsuki chokin wo shite imasu	私は毎月貯金をしています。	I save money every month.	1
nimotsu wo azukatte kudasai	荷物を預かってください。	Please take care of the luggage.	1
ongaku ha kare no tokui na bunya desu	音楽は彼の得意な分野です。	Music is his field of specialty.	1
haha ha ryouri ga tokui desu	母は料理が得意です。	My mother is good at cooking.	1
kare ha uta ga tokui desu	彼は歌が得意です。	He's good at singing.	1
kanojo ha gitaa ga tokui desu	彼女はギターが得意です。	She's good at the guitar.	1
watashi ha rika ga tokui desu	私は理科が得意です。	I'm good at science.	1
imouto ha bareebooru ga tokui desu	妹はバレーボールが得意です。	My little sister is good at volleyball.	1
yama ga moete imasu	山が燃えています。	The mountain's on fire.	1
niku ga yakemashita	肉が焼けました。	The meat is cooked.	1
kinou no yoru ha sukiyaki wo tabeta	昨日の夜はすき焼きを食べた。	I had sukiyaki last night.	1
niku ga yakemashita	肉が焼けました。	The meat is cooked.	1
ima sakana wo yaite imasu	今、魚を焼いています。	I'm grilling fish now.	1
ofutari no mirai ni kanpai shimashou	お二人の未来に乾杯しましょう。	Let's drink a toast to the couple's future.	1
nureta fuku wo kawakashita	ぬれた服を乾かした。	I dried the wet clothes.	1
shinkansen de kyouto ni ikimashita	新幹線で京都に行きました。	I went to Kyoto by bullet train.	1
shinkansen no hayasa ha dore kurai desu ka	新幹線の速さはどれ位ですか。	How fast is the bullet train?	1
iki ha shinkansen de itta	行きは新幹線で行った。	I went by bullet train on the way over.	1
subarashii keshiki desu ne	素晴らしい景色ですね。	This is wonderful scenery.	1
kare ha katei wo taisetsu ni shite iru	彼は家庭を大切にしている。	He values his family.	1
kirei na hana ga sakimashita	きれいな花が咲きました。	Beautiful flowers have bloomed.	1
sakura no hana ga sakimashita	桜の花が咲きました。	The cherry blossoms have bloomed.	1
sakura ha sangatsu ka shigatsu ni sakimasu	桜は三月か四月に咲きます。	Cherry blossoms bloom in March or April.	1
kyou ha kitakaze ga fuite iru	今日は北風が吹いている。	The north wind is blowing today.	1
watashitachi ha mainichi sanpo wo shimasu	私たちは毎日散歩をします。	We go for a walk every day.	1
kaigan wo sanpo shimashou	海岸を散歩しましょう。	Let's take a walk along the coast.	1
watashitachi ha asa kara achikochi sanpo shimashita	私たちは朝からあちこち散歩しました。	We strolled about here and there from the morning.	1
niwa ni bara wo uemashita	庭にバラを植えました。	I planted a rose in the garden.	1
niwa ni bara wo uemashita	庭にバラを植えました。	I planted a rose in the garden.	1
yane ni karasu ga tomatte imasu	屋根にカラスが止まっています。	There's a crow on the roof.	1
watashi ha ita no atsusa wo hakatta	私は板の厚さを測った。	I measured the thickness of the board.	1
kotae wo kokuban ni kaite kudasai	答えを黒板に書いてください。	Please write the answer on the blackboard.	1
keijiban no oshirase wo mimashita ka	掲示板のお知らせを見ましたか。	Did you see the notice on the bulletin board?	1
chooku de kokuban ni ji wo kakimashita	チョークで黒板に字を書きました。	I wrote letters on the blackboard with chalk.	1
fooku wo moraemasu ka	フォークをもらえますか。	May I have a fork?	1
ushi ga kusa wo tabete imasu	牛が草を食べています。	The cow is eating grass.	1
niwa ni kusa ga haete iru	庭に草が生えている。	Weeds are growing in the garden.	1
kore ha sakura no ha desu	これは桜の葉です。	This is a cherry tree leaf.	1
tomodachi kara ehagaki ga todokimashita	友達から絵葉書が届きました。	I received a picture postcard from a friend.	1
kazoku ni hagaki wo kaiteimasu 。	家族に葉書を書いています。	I wrote a postcard to my family.	1
keisatsu wo yonde kudasai	警察を呼んでください。	Call the police.	1
kochirahedouzo。	こちらへどうぞ。	This way please.	1
takushii wo yonde kudasai	タクシーを呼んでください。	Please call a taxi.	1
shuumatsu shitashii tomodachi wo ie ni yonda	週末、親しい友達を家に呼んだ。	I invited a good friend to my house over the weekend.	1
dareka kyuukyuusha wo yonde kudasai	誰か救急車を呼んでください。	Someone please call an ambulance.	2
ueetoresu wo yonda	ウェートレスを呼んだ。	I called the waitress.	1
kare ha ookiku iki wo sutta	彼は大きく息を吸った。	He took a deep breath.	1
kare ha tabako wo suimasen	彼はたばこを吸いません。	He doesn't smoke.	1
gomi no risaikuru ga fukyuu shite iru	ゴミのリサイクルが普及している。	Garbage recycling has become widespread.	1
chichi ha mune no shujutsu wo shita	父は胸の手術をした。	My father had a chest operation.	1
kono kusuri ni ha i wo mamoru kouka ga aru	この薬には胃を守る効果がある。	This medicine is effective in protecting your stomach.	1
kinou kara i ga itai	昨日から胃が痛い。	I've had a stomach ache since yesterday.	1
sara wo otoshite watta	皿を落として割った。	I dropped the plate and broke it.	1
sara ni keeki wo nosemashita。	皿にケーキを載せました。	I put the cake on the plate.	1
chi ga dete imasu yo	血が出ていますよ。	You're bleeding.	1
kono hon no naiyou wo setsumei shite kudasai	この本の内容を説明してください。	Please explain the content of this book.	1
kaidan no naiyou ga happyou saremashita	会談の内容が発表されました。	The content of the talks was announced.	1
jiken no haikei ni nani ga atta no darou	事件の背景に何があったのだろう。	I wonder what was behind the incident.	1
kare ha jissai ni ha amari se ga takaku nai	彼は実際にはあまり背が高くない。	Actually, he's not very tall.	1
senaka ga kayui desu	背中がかゆいです。	My back itches.	1
kare ha yuki no ue wo subetta	彼は雪の上を滑った。	He slipped on the snow.	1
kare ha ashi no hone wo orimashita	彼は足の骨を折りました。	He broke a bone in his foot.	1
watashi ha kenkou na seikatsu wo okutte imasu	私は健康な生活を送っています。	I'm living a healthy lifestyle.	1
haha ha kenkou no tame ni suiei wo shite iru	母は健康のために水泳をしている。	My mother swims for her health.	1
kinou mezurashii kudamono wo tabemashita	昨日珍しい果物を食べました。	I ate some unusual fruit yesterday.	1
watashi ha sono bangumi wo bideo ni totta	私はその番組をビデオに撮った。	I recorded that program on video.	1
shashin wo takusan torimashita	写真をたくさん撮りました。	I took a lot of photographs.	1
kokkai ga saikai shita	国会が再開した。	The Diet reconvened.	1
kare ha futatabi koko ni modotte kita	彼は再びここに戻ってきた。	He came back here once again.	1
tsugi no orinpikku ha sarainen desu	次のオリンピックは再来年です。	The next Olympics are the year after next.	1
saraigetsu made yoyaku de ippai desu	再来月まで予約で一杯です。	They're fully booked until the month after the next.	1
saraishuu ha isogashii desu	再来週は忙しいです。	I'll be busy the week after next.	1
sono bangumi ha raishuu housou saremasu	その番組は来週放送されます。	The program will be broadcast next week.	1
jikken ni ha kono souchi wo tsukaimasu	実験にはこの装置を使います。	We use this device in our experiments.	1
onamae ni kana wo futte kudasai	お名前に仮名を振ってください。	Please write the pronunciation of your name in kana.	1
sono okurigana ha machigatte imasu	その送り仮名は間違っています。	That kana suffix is wrong.	1
chichi ha tomodachi no shi wo kanashinde imasu	父は友だちの死を悲しんでいます。	My father is grieving because of his friend's death.	1
kono biiru ha amari oishiku arimasen	このビールはあまり美味しくありません。	This beer isn't very good.	1
rajio kara utsukushii ongaku ga nagarete imasu	ラジオから美しい音楽が流れています。	Beautiful music is coming from the radio.	1
natsu ha biiru ga totemo oishii	夏はビールがとても美味しい。	Beer tastes really good in summer.	1
kinou bijutsukan ni ikimashita	昨日、美術館に行きました。	I went to the museum yesterday.	1
kare no okaasan ha bijin desu	彼のお母さんは美人です。	His mother's a beautiful woman.	1
natsu ha suika ga oishii	夏はすいかが美味しい。	Watermelon is delicious in summer.	1
kinou kuruma no hakubutsukan ni itta	昨日、車の博物館に行った。	I went to the car museum yesterday.	1
hamu sando wo kudasai	ハムサンドをください。	Could I have a ham sandwich, please.	1
kyouto de kokusaikaigi ga kaisai sareta	京都で国際会議が開催された。	An international conference was held in Kyoto.	1
kono kyokusen ga kono kuruma no tokuchou desu	この曲線がこの車の特徴です。	These curves are a unique feature of this car.	1
maa konkai ha yurushite ageyou	まあ今回は許してあげよう。	Well, I'll let you off this time.	1
watashi ha kare wo yurushimashita	私は彼を許しました。	I forgave him.	1
menkyoshou wo misete kudasai	免許証を見せてください。	Please show me your license.	1
joushi ga iken wo nobeta	上司が意見を述べた。	Our boss gave us his opinion.	1
kyou ha joushi to shokuji wo suru	今日は上司と食事をする。	I'm eating with the boss today.	1
joushi ni kawatte kaigi ni deta	上司に代わって会議に出た。	I attended the conference in place of my boss.	1
watashi no joushi ha atama ga katai	私の上司は頭が固い。	My boss is stubborn.	1
watashi no joushi ha totemo kibishii	私の上司はとても厳しい。	My boss is very strict.	1
kare ha koukou kyoushi da	彼は高校教師だ。	He's a high school teacher.	1
hayaku jugyou wo susumemashou	早く授業を進めましょう。	Let's hurry up and proceed with our class.	1
jugyou no owari ni fukushuu no jikan wo mouketa	授業の終わりに復習の時間を設けた。	I set up a review time at the end of class.	1
kagaku no jugyou de jikken wo shita	科学の授業で実験をした。	We did an experiment in science class.	1
kare ha kagaku no kyouju desu	彼は化学の教授です。	He's a chemistry professor.	1
jugyou ni maniaimashita	授業に間に合いました。	I made it in time for class.	1
minna ni kono koto wo tsutaete kudasai	みんなにこのことを伝えてください。	Please tell everyone about this matter.	1
isogashii no de tetsudatte kudasai	忙しいので手伝ってください。	I have a lot to do, so please help me out.	1
tori ga mado kara nigeta yo	鳥が窓から逃げたよ。	The bird flew out of the window.	1
tori ga tonde imasu	鳥が飛んでいます。	A bird is flying.	1
kesa goji ni denwa ga natta	今朝、5時に電話が鳴った。	The telephone rang this morning at five o'clock.	1
dokoka de neko ga naite iru	どこかでネコが鳴いている。	A cat is meowing somewhere.	1
shichiji ni mezamashidokei ga narimashita	7時に目覚まし時計が鳴りました。	The alarm clock went off at seven o'clock.	1
kare ha ooki na koe de hanashita	彼は大きな声で話した。	He spoke loudly.	1
teepurekoodaa de jibun no koe wo rokuon shimashita	テープレコーダーで自分の声を録音しました。	I recorded my voice on the tape recorder.	1
niwatori ha tamago wo umimasu	ニワトリは卵を産みます。	Chickens lay eggs.	1
inu ni esa wo yatta	犬にえさをやった。	I fed the dog.	1
tonari no ie ni ha inu ga imasu	隣の家には犬がいます。	They have a dog next door.	1
inu ga shippo wo futte iru	犬がしっぽを振っている。	The dog is wagging its tail.	1
kanojo ha byouki no inu wo tasuketa	彼女は病気の犬を助けた。	She helped a sick dog.	1
kuruma ha chuushajou ni tomete kudasai	車は駐車場に止めてください。	Please park the car in the parking lot.	1
densha no naka de sawaganai de kudasai	電車の中で騒がないでください。	Please don't make a racket in the train.	1
watashi ha sashimi ha tabemasen	私は刺身は食べません。	I don't eat sashimi.	1
hageshii ame ga futte imasu	激しい雨が降っています。	A very heavy rain is falling.	1
surippa wo haite kudasai	スリッパをはいてください。	Wear slippers please.	1
hageshii ame ga futte imasu	激しい雨が降っています。	A very heavy rain is falling.	1
kare ha shinseihin ni kyoumi wo shimeshite iru	彼は新製品に興味を示している。	He's showing interest in the new product.	1
watashi ha rekishi ni kyoumi ga arimasu	私は歴史に興味があります。	I'm interested in history.	1
kare ha chi wo mite odoroita	彼は血を見て驚いた。	He was surprised to see blood.	1
kaze no tsuyosa ni odorokimashita	風の強さに驚きました。	I was surprised by the strength of the wind.	1
kono densha ha toukyou made teisha itashimasen	この電車は東京まで停車致しません。	This train won't stop until Tokyo.	1
taifuu de ki ga taoreta	台風で木が倒れた。	The tree fell because of the typhoon.	1
kyoufuu de ki ga taoreta	強風で木が倒れた。	The tree fell in the gale.	1
sono sukiiyaa ha pooru wo taoshita	そのスキーヤーはポールを倒した。	The skier knocked the pole down.	1
saikin no wakamono ha muzukashii hon wo yomanai keikou ga aru	最近の若者は難しい本を読まない傾向がある。	Young people these days tend not to read difficult books.	1
kyuu na sakamichi wo nobotta	急な坂道を上った。	I went up the steep hill.	1
repooto ha kore de yoroshii desu ka	レポートはこれでよろしいですか。	Is this all right as a report?	1
watashi ha juudou wo naratte imasu	私は柔道を習っています。	I'm learning judo.	1
kare no koe ha yawaraka da	彼の声は柔らかだ。	His voice is gentle.	1
joushi ha watashi no shuchou wo ukeireta	上司は私の主張を受け入れた。	My boss accepted my argument.	1
minna de tento wo harimashita	みんなでテントを張りました。	We all put up the tent together.	1
musume ga watashi no te wo hippatta	娘が私の手を引っ張った。	My daughter tugged on my hand.	1
totsuzen denki ga kieta	突然、電気が消えた。	Suddenly the electricity went out.	1
tsukiatattara migi ni magatte kudasai	突き当たったら右に曲がってください。	Please turn right when the street ends.	1
kono saki ha tsukiatari desu	この先は突き当たりです。	There's a T-intersection ahead.	1
kabe ni moji ga kaite atta	壁に文字が書いてあった。	There was some writing on the wall.	1
kabe ni penki wo nutte imasu	壁にペンキを塗っています。	I'm painting the wall.	1
kare ha gitaa wo hikimasu	彼はギターを弾きます。	He plays the guitar.	1
chikyuu ha marui	地球は丸い。	The earth is round.	1
chikyuu ha marui。	地球は丸い。	The earth is round.	1
kami ni ooki na maru wo kakimashita	紙に大きな丸を書きました。	I drew a big circle on the paper.	1
nisensannen ni amerika ha iraku wo kougeki shita	2003年にアメリカはイラクを攻撃した。	The United States attacked Iraq in 2003.	1
shoubousha ga yondai mo kita	消防車が4台も来た。	Four fire engines came.	1
watashi ha ikimono wo korosu no ga kirai da	私は生き物を殺すのが嫌いだ。	I hate killing living things.	1
watashi ha matsu no ga iya da	私は待つのが嫌だ。	I hate waiting.	1
watashi ha haisha ga kirai desu	私は歯医者が嫌いです。	I hate the dentist.	1
watashi ha tesuto ga daikirai	私はテストが大嫌い。	I hate tests.	1
watashi ha rasshuawaa no densha ga kirai desu	私はラッシュアワーの電車が嫌いです。	I hate rush hour trains.	1
watashi ha ninjin ga kirai da	私はにんじんが嫌いだ。	I hate carrots.	1
kono akusesarii ha suteki ne	このアクセサリーは素敵ね。	This jewelry is lovely.	1
oozei de shokuji ni dekakemashita	大勢で食事に出かけました。	We went out to eat in a large group.	1
tooku ni kanojo no sugata ga mieta	遠くに彼女の姿が見えた。	I saw her figure from a long way away.	1
ano ko ha itsumo shisei ga warui	あの子はいつも姿勢が悪い。	That kid always has bad posture.	1
yuube osoroshii yume wo mita	昨夜恐ろしい夢を見た。	I had a terrible dream last night.	1
yuube osoroshii yume wo mita	昨夜恐ろしい夢を見た。	I had a terrible dream last night.	1
watashi ha inu ga kowai desu	私は犬が怖いです。	I'm scared of dogs.	1
kinou mago ga umaremashita	昨日、孫が生まれました。	My grandchild was born yesterday.	1
kanojo ha momen no shatsu wo kite imasu	彼女は木綿のシャツを着ています。	She's wearing a cotton shirt.	1
kare ha erai gakusha desu	彼は偉い学者です。	He's a great scholar.	1
tsume ga nobite imasu	爪が伸びています。	My nails have grown.	1
hasami ha tsukue no oku ni atta	はさみは机の奥にあった。	The scissors were at the back of the desk.	1
atarashii tsukue wo katte moraimashita	新しい机を買ってもらいました。	They bought me a new desk.	1
tsukue ni shiiru wo hatta	机にシールを貼った。	I stuck a sticker on the desk.	1
nichiyoubi ni hondana wo kumitatemasu	日曜日に本棚を組み立てます。	I'll set up the bookshelf on Sunday.	1
ooki na tana ha totemo benri desu	大きな棚はとても便利です。	A large set of shelves is very useful.	1
kore ha totemo ooki na hondana desu ne	これはとても大きな本棚ですね。	This is a very big bookcase.	1
kyoufuu de ki no eda ga oreta	強風で木の枝が折れた。	The tree branch broke in the strong wind.	1
kare ha sono shi wo mochiite jibun no kimochi wo tsutaeta	彼はその詩を用いて自分の気持ちを伝えた。	He conveyed his feelings through poetry.	1
kono machi de ha shougyou ga sakan da	この町では商業が盛んだ。	Business is thriving in this city.	1
kongo no houshin ga kimatta	今後の方針が決まった。	We've decided our future policy.	1
haha ha ito wo hari ni tooshita	母は糸を針に通した。	My mother threaded the needle.	1
kinou ooki na sakana wo tsurimashita	昨日大きな魚を釣りました。	I caught a big fish yesterday.	1
haha ha otsuri wo tashikameta	母はお釣りを確かめた。	My mother checked the change.	1
kagi wo kare ni azuketa	鍵を彼に預けた。	I gave him the key to look after.	1
kyou kagi wo nakushimashita	今日、鍵を無くしました。	I lost my key today.	1
nabe ni suupu ga haitte iru yo	鍋にスープが入っているよ。	There's some soup in the pan.	1
umai sushiya wo mitsuketa yo	うまい寿司屋を見つけたよ。	I found a good sushi shop.	1
sofa ni wain wo koboshita	ソファにワインをこぼした。	I spilt wine on the sofa.	1
kanojo ha sushi wo hajimete tabemashita 。	彼女は寿司を初めて食べました。	She ate sushi for the first time.	1
yuuhan ha sushi deshita	夕飯は寿司でした。	Dinner was sushi.	1
chuushoku ni sushi wo tabemashita	昼食に寿司を食べました。	I ate sushi for lunch.	1
asa isoide shawaa wo abimashita	朝、急いでシャワーを浴びました。	I took a very quick shower in the morning.	1
kono onsen ha tada desu	この温泉はただです。	This hot spring is free.	1
kinjo ni dorobou ga haitta	近所に泥棒が入った。	There was a burglary in the neighborhood.	1
oyu wo wakashite kudasai	お湯を沸かしてください。	Please boil the water.	1
yakan de oyu wo wakashimashita	やかんでお湯を沸かしました。	I boiled water in the kettle.	1
natsu ha sentakumono ga sugu kawaku	夏は洗濯物がすぐ乾く。	Laundry dries quickly in summer.	1
atarashii sentakki wo kaimashita	新しい洗濯機を買いました。	I bought a new washing machine.	1
isshuukan sentaku wo shite inai	一週間、洗濯をしていない。	I haven't done the laundry for a week.	1
ame de nurete shimatta	雨で濡れてしまった。	I got wet in the rain.	1
kissaten de koohii wo nonda	喫茶店でコーヒーを飲んだ。	I drank coffee in the café	1
namakete inai de tetsudatte	怠けていないで、手伝って。	Stop slacking and help me!	1
kare ha mainichi isshoukenmei hataraite iru	彼は毎日一生懸命働いている。	He works hard every day.	1
sukoshi kyuukei shimashou	少し休憩しましょう。	Let's take a break.	1
kono heya ha tenjou ga takai desu ne	この部屋は天井が高いですね。	This room has a high ceiling.	1
watashi ha nattou wo yoku tabemasu	私は納豆をよく食べます。	I often eat natto.	1
choushoku ni nattou wo tabemashita	朝食に納豆を食べました。	I ate natto for breakfast.	1
nihon de ha nigatsu ni mame wo maku gyouji ga aru	日本では、二月に豆をまく行事がある。	In Japan, during February, there's a bean throwing festival.	1
kanojo ha keshou ga umai	彼女は化粧が上手い。	She's very good with makeup.	1
haha ha hatake shigoto ga suki da	母は畑仕事が好きだ。	My mother likes working in the field.	1
haha ha maiasa gohan wo taku	母は毎朝ご飯を炊く。	My mother cooks rice every morning.	1
watashi ha mainichi jisui shite iru	私は毎日、自炊している。	I cook for myself every day.	1
haizara wo kudasai	灰皿をください。	Please give me an ashtray.	1
kaji de subete hai ni natta	火事ですべて灰になった。	Everything turned to ashes in the fire.	1
kyou no sora ha haiiro da	今日の空は灰色だ。	The sky's gray today.	1
seireki senkyuuhyakurokujuuyonen ni toukyou de orinpikku ga atta	西暦1964年に東京でオリンピックがあった。	The Tokyo Olympics were held in 1964.	1
kami ga daibu nobita ne	髪がだいぶ伸びたね。	Your hair has grown a lot, hasn't it?	1
kinou kami wo kirimashita	昨日、髪を切りました。	I had my hair cut yesterday.	1
kanojo ha kagami wo mite kami wo naoshita	彼女は鏡を見て髪を直した。	She looked in the mirror and tidied her hair.	1
chichi ha biyouin de kami wo kirimasu	父は美容院で髪を切ります。	My father has his hair cut at a hair salon.	1
kare ha kushi de kami wo tokashita	彼はくしで髪をとかした。	He combed his hair.	1
haha no kata wo tonton tataita	母の肩をとんとんたたいた。	I patted my mother's shoulders as a massage.	1
shita wo dashite kudasai	舌を出してください。	Stick out your tongue.	1
nattou ha kusai	納豆は臭い。	Natto stinks.	1
ii nioi ga suru	いい匂いがする。	It smells good.	1
kyou ha ichinichijuu uchi ni imashita	今日は一日中家に居ました。	I was at home all day today.	1
korekara yori issou doryoku shimasu	これから、より一層努力します。	I'll work that much harder from now.	1
kanojo ha buutsu wo haite imasu	彼女はブーツを履いています。	She's wearing boots.	1
heya no to ga aite imasu	部屋の戸が開いています。	The room's door is open.	1
atsui kara senpuuki wo tsukeyou	暑いから扇風機をつけよう。	It's hot, so let's turn on the fan.	1
kyou ha gunma made doraibu shimashita	今日は群馬までドライブしました。	I drove to Gunma today.	1
buta ha sugoku hana ga ii	豚はすごく鼻が良い。	Pigs have a very good sense of smell.	1
butaniku ha oishii desu	豚肉は美味しいです。	Pork is delicious.	1
sono niwatori ha maiasa nakimasu	その鶏は毎朝鳴きます。	The rooster crows every morning.	1
mushi ni ude wo sasaremashita	虫に腕を刺されました。	I was stung on the arm by an insect.	1
watashi no udedokei ha okurete iru	私の腕時計は遅れている。	My watch is slow.	1
okashi wo minna de wakemashita	お菓子をみんなで分けました。	We shared the sweets with everyone.	1
okashi wo tomodachi ni hanbun ageta	お菓子を友達に半分あげた。	I gave half the sweets to a friend.	1
minna ni okashi wo agemashou	みんなにお菓子をあげましょう。	Let's give everyone some sweets.	1
chichi ha omiyage ni okashi wo katte kita	父はお土産にお菓子を買ってきた。	My father bought some sweets as a souvenir.	1
minna shachou ni ojigi wo shita	皆、社長にお辞儀をした。	Everyone bowed to the company president.	1
kesa ha nebou shimashita	今朝は寝坊しました。	I slept in this morning.	1
hata ga kaze ni yurete iru	旗が風に揺れている。	The flag is waving in the wind.	1
enpitsu wo kashite kudasai	鉛筆を貸して下さい。	Please lend me a pencil.	1
chichi ni mannenhitsu wo purezento shimashita	父に万年筆をプレゼントしました。	I gave my father a fountain pen.	1
kono hako ha omoi	この箱は重い。	This box is heavy.	1
seroteepu ha arimasu ka	セロテープはありますか。	Do you have any scotch tape?	1
tana kara sono hako wo oroshite kudasai	棚からその箱を下ろしてください。	Please take the box down from the shelf.	1
zasshi wo honbako ni iremashita	雑誌を本箱に入れました。	I put the magazine in the bookcase.	1
gomi ha sono biniirubukuro ni irete kudasai	ゴミはそのビニール袋に入れてください。	Please put trash in that plastic bag.	1
samui no de tebukuro wo shimashita	寒いので手袋をしました。	I wore gloves because it was cold.	1
fukuro ha irimasen	袋はいりません。	I don't need a bag.	1
tochuu de saifu wo otoshimashita	途中で財布を落としました。	I lost my purse on the way.	1
michi de saifu wo hirotta	道で財布を拾った。	I picked up a wallet in the street.	1
saifu wo poketto ni shimatta	財布をポケットにしまった。	I put my wallet in my pocket.	1
kaisha ni saifu wo wasureta	会社に財布を忘れた。	I left my wallet at the office.	1
futon ga totemo yawarakai	布団がとても柔らかい。	The futon is very soft.	1
kono moufu ha atatakai	この毛布は暖かい。	This blanket is warm.	1
futon wo oshiire ni shimaimashita	布団を押し入れにしまいました。	I put my futon in the closet.	1
saifu ha hikidashi no naka ni arimasu	財布は引き出しの中にあります。	My purse is in the drawer.	1
saifu ha hikidashi no naka ni arimasu	財布は引き出しの中にあります。	My purse is in the drawer.	1
reshiito wo saifu ni iremashita	レシートを財布に入れました。	I put the receipt in my wallet.	1
aisukoohii wo kudasai	アイスコーヒーをください。	I'll have an iced coffee please.	1
furansu no tomodachi kara kozutsumi ga todoita	フランスの友達から小包が届いた。	A package arrived from a friend in France.	1
purezento wo kirei na kami de tsutsumimashita	プレゼントをきれいな紙で包みました。	I wrapped the present in beautiful paper.	1
teeburu no ue ni hana wo kazarimashita	テーブルの上に花を飾りました。	I decorated the table with flowers.	1
atarashii techou wo kaimashita	新しい手帳を買いました。	I bought a new notebook.	1
denwachou wo misete kudasai	電話帳を見せてください。	Please show me the telephone book.	1
watashi ha maiasa gyuunyuu wo nomu	私は毎朝、牛乳を飲む。	I drink milk every morning.	1
genkan ni hana wo kazarimashita	玄関に花を飾りました。	I decorated the entrance with flowers.	1
genkan no beru ga natta	玄関のベルが鳴った。	The door bell rang.	1
kare ha megane wo kakete imasu	彼は眼鏡をかけています。	He's wearing glasses.	1
kanja ha nemutte imasu	患者は眠っています。	The patient is sleeping.	1
beddo de akachan ga nemutte imasu	ベッドで赤ちゃんが眠っています。	The baby's sleeping in the bed.	1
kyou ha totemo nemui desu	今日はとても眠いです。	I'm very sleepy today.	1
kinou ha hachijikan nemurimashita	昨日は8時間眠りました。	I slept for eight hours yesterday.	1
kono ookisa no fuutou ga hoshii no desu ga	この大きさの封筒が欲しいのですが。	I'd like an envelope of this size.	1
sono tegami wo fuutou ni ireta	その手紙を封筒に入れた。	I put that letter in an envelope.	1
kabe ni e ga kakatte iru	壁に絵が掛かっている。	There's a painting on the wall.	1
dekakeru toki ha kagi wo kakete kudasai	出かける時は鍵を掛けてください。	Please lock the door when you go out.	1
shujin ha mou dekakemashita	主人はもう出掛けました。	My husband has already gone out.	1
chichi ha youji de dekakete imasu	父は用事で出掛けています。	My father is out running errands.	1
kabe ni ooki na tokei ga kakatte imasu	壁に大きな時計が掛かっています。	There's a big clock hanging on the wall.	1
otouto ha kakezan wo naratte iru	弟は掛け算を習っている。	My little brother is learning his multiplication tables.	1
ooki na hakushu ga agatta	大きな拍手が上がった。	There was a big round of applause.	1
toire wo souji shimashita ka	トイレを掃除しましたか。	Did you clean the toilet?	1
shuumatsu ha heya no souji wo shimashita	週末は部屋の掃除をしました。	I cleaned my room on the weekend.	1
soujiki ga kowareta	掃除機が壊れた。	The vacuum cleaner broke.	1
shoujo ha hahaoya no te wo nigitta	少女は母親の手を握った。	The girl clasped her mother's hand.	1
karera ha akushu wo shita	彼らは握手をした。	They shook hands.	1
ane ga kuukou made mukaeni kite kuremasu	姉が空港まで迎えに来てくれます。	My big sister is coming to pick me up at the airport.	1
ano omawarisan ni michi wo kikimashou	あのお巡りさんに道を聞きましょう。	Let's ask that policeman how to get there.	1
karaakopii ha ichimai ikura desu ka	カラーコピーは一枚幾らですか。	How much is one color copy?	1
musumesan ha ikutsu ni narimashita ka	娘さんは幾つになりましたか。	How old is your daughter now?	1
tsukue wo mado no soba ni utsushimashita	机を窓の傍に移しました。	I moved the desk near the window.	1
boku ha itsuka afurika ni ikitai	僕はいつかアフリカに行きたい。	I want to go to Africa some time.	1
osumousan ha minna chikaramochi da	お相撲さんは、みんな力持ちだ。	All sumo wrestlers are strong.	1
kare ha douryou wo hihan shita	彼は同僚を批判した。	He criticized his colleague.	1
joudan ha yamete kudasai	冗談は止めてください。	Please stop joking.	1
kore ha sabishii kyoku desu ne	これは寂しい曲ですね。	This is a sad song.	1
kanojo ha itsumo teinei ni shigoto wo shimasu	彼女はいつも丁寧に仕事をします。	She always works carefully.	1
nochi ni kare ha souri daijin ni narimashita	後に彼は総理大臣になりました。	He would later become Prime Minister.	2
sono kawaisou na kodomotachi ha taberu mono ga nai	その可哀相な子供たちは食べるものがない。	Those poor children have nothing to eat.	1
kare ha jiko de kega wo shimashita	彼は事故で怪我をしました。	He was injured in the accident.	1
kanojo ha ude wo kegashita	彼女は腕を怪我した。	She injured her arm.	1
sukii de hiza wo kegashimashita	スキーでひざを怪我しました。	I injured my knee skiing.	1
kare ha hiji ni kega wo shita	彼はひじに怪我をした。	He injured his elbow.	1
kare no wagamama ni ha gaman dekimasen	彼のわがままには我慢できません。	I can't put up with his selfishness.	1
musume ha youchien ni kayotte imasu	娘は幼稚園に通っています。	My daughter goes to kindergarten.	1
taiyou ga kumo ni kakureta	太陽が雲に隠れた。	The sun hid behind the clouds.	1
taiyou ga kumo ni kakureta	太陽が雲に隠れた。	The sun hid behind the clouds.	1
atsui no de hikage de yasumimashou	暑いので日陰で休みましょう。	It's hot so let's take a rest in the shade.	1
zuibun hayaku owatta ne	随分早く終わったね。	You finished really early, didn't you?	1
kono inu ha totemo kashikoi	この犬はとても賢い。	This dog is very clever.	1
ashita no shiken ganbatte ne	明日の試験、頑張ってね。	Good luck on tomorrow's exam.	1
ashita no shiken ganbatte ne	明日の試験、頑張ってね。	Good luck on tomorrow's exam.	1
kodomo no koro yoku sono kouen de asonda	子供の頃、よくその公園で遊んだ。	I often played in that park when I was a kid.	1
katsute watashi ga gakusei datta koro no koto desu	かつて私が学生だった頃のことです。	That was when I was still a student.	1
choushoku ha taitei shichijigoro ni tabemasu	朝食は大抵7時頃に食べます。	I usually eat breakfast around seven o'clock.	1
konogoro yoku kata ga koru	この頃、よく肩が凝る。	These days I often get stiff shoulders.	1
kono machi ni ha shoubousho ga hitotsu shika arimasen	この町には消防署が1つしかありません。	There's only one fire station in this town.	1
kanojo ha michi wo tazuneta	彼女は道を尋ねた。	She asked for directions.	1
kono mura no hachijutsupaasento ha roujin desu	この村の80パーセントは老人です。	Eighty percent of the people in this village are elderly.	1
zettaini dame desu	絶対に駄目です。	Absolutely not.	1
kanzume no furuutsu ha totemo amai	缶詰のフルーツはとても甘い。	Canned fruit is very sweet.	1
koohii ha sono kan ni haitte imasu	コーヒーはその缶に入っています。	The coffee is in that can.	1
ringo ga kusatte iru	リンゴが腐っている。	This apple's rotten.	1
watashi ha mainichi toufu wo tabemasu	私は毎日豆腐を食べます。	I eat tofu every day.	1
yuka ga nurete iru	床がぬれている。	The floor is wet.	1
kinou tokoya de kami wo kitta	昨日床屋で髪を切った。	Yesterday I had my hair cut at the barber's.	1
yuka wo houki de hakimashita	床をほうきで掃きました。	I swept the floor with a broom.	1
sono hoteru ni ha tatami no heya ga aru	そのホテルには畳の部屋がある。	That hotel has tatami rooms.	1
futon wo tatande kudasai	布団を畳んでください。	Please fold up the futon.	1
haha ga futon wo hoshite iru	母が布団を干している。	My mother is airing the futons.	1
haha ha sentakumono wo hoshite imasu	母は洗濯物を干しています。	My mother's hanging out the laundry to dry.	1
kanojo no ooki na boushi ha totemo medatsu	彼女の大きな帽子はとても目立つ。	Her big hat really stands out.	1
atsui no de boushi wo kaburimashou	暑いので帽子を被りましょう。	You should wear a hat because it's hot.	1
boushi wo kabutte gaishutsu shita	帽子を被って外出した。	I went out wearing a hat.	1
zehi uchi ni kite kudasai	是非、うちに来てください。	By all means come to my house.	1
okyakusama ni ha keigo wo tsukainasai	お客様には敬語を使いなさい。	Use polite language to customers.	1
umarete hajimete futon wo shiita	生まれて初めて布団を敷いた。	I laid out the futon for the first time in my life.	1
kare ha bokujou de uma ni notta	彼は牧場で馬に乗った。	He rode a horse at the ranch.	1
kaminari ga natte imasu	雷が鳴っています。	Thunder is rumbling.	1
ima choudo reiji desu	今ちょうど零時です。	It's exactly midnight now.	1
kanojo ha taisetsu na shorui wo tsukue ni shimatta。	彼女は大切な書類を机に仕舞った。	She put the important documents away in her desk.	2
kanojo ha kurabu de odoru no ga suki desu	彼女はクラブで踊るのが好きです。	She likes to dance at the club.	1
kono odori ha yasashii desu yo	この踊りは易しいですよ。	This dance is easy.	1
untenshu ga bureeki wo funda	運転手がブレーキを踏んだ。	The driver stepped on the brake.	1
sono fumikiri ha nagai	その踏切は長い。	This railroad crossing has a long signal.	1
goorukiipaa ga booru wo ketta。	ゴールキーパーがボールを蹴った。	The goalkeeper kicked the ball.	1
daigaku no shokudou ha yasui	大学の食堂は安い。	The university cafeteria is cheap.	1
uchi no neko ga koneko wo umimashita	うちのネコが子猫を生みました。	Our cat had kittens.	1
watashi ha neko ga daisuki desu	私は猫が大好きです。	I love cats.	1
neko no ke ga seetaa ni tsuita	猫の毛がセーターに付いた。	I got cat hair on my sweater.	1
kare ha bunshou ga totemo umai	彼は文章がとてもうまい。	His writing is very good.	1
kono teido no kega nara daijoubu desu	この程度の怪我なら大丈夫です。	With an injury of this small extent, she's going to be fine.	1
watashi no ha ha joubu desu	私の歯は丈夫です。	My teeth are strong.	1
watashi no ojiisan ha mainichi sanpo shimasu 。	私のお祖父さんは毎日散歩します。	My grandfather takes a walk every day.	1
sofu ha kazoku minna ni sonkei sarete imasu	祖父は家族みんなに尊敬されています。	My grandfather is respected by the whole family.	1
watashi no ojiisan ha mainichi sanpo shimasu 。	私のお祖父さんは毎日散歩します。	My grandfather takes a walk every day.	2
sofu ha ashi no hone wo orimashita	祖父は足の骨を折りました。	My grandfather broke a bone in his foot.	1
sofu ha hayaoki desu	祖父は早起きです。	My grandfather gets up early.	1
fuyuyasumi ni ojiichan no uchi ni ikimasu	冬休みにお祖父ちゃんの家に行きます。	I'm going to grandpa's house during winter break.	1
kanojo ha obaasan to sun deiru 。	彼女はお祖母さんと住んでいる。	She lives with her grandmother.	1
sobo ha karada ga joubu da	祖母は身体が丈夫だ。	My grandmother is physically strong.	1
sofu ha genki desu	祖父は元気です。	My grandfather is well.	1
sobo ha kyouto de umaremashita	祖母は京都で生まれました。	My grandmother was born in Kyoto.	1
kaze no tame kyou ha kesseki shimasu	風邪のため今日は欠席します。	I'll be absent today because of a cold.	1
jama desu doite kudasai	邪魔です、どいてください。	You're in the way, so please move.	1
hayaku kaze wo naoshite kudasai	早く風邪を治してください。	I hope your cold gets better soon.	1
kono kazegusuri wo nominasai	この風邪薬を飲みなさい。	Take this cold medicine.	1
o furo ga wakimashita。	お風呂が沸きました。	The bath is ready.	1
obaachan ga ofuroba de koronda	お祖母ちゃんがお風呂場で転んだ。	My grandma fell down in the bathroom.	1
kinou tomodachi to ofuroyasan ni itta	昨日、友達とお風呂屋さんに行った。	I went with a friend to a public bath yesterday.	1
furo ga nurukatta	風呂がぬるかった。	The bath was lukewarm.	1
chichi ha ima o furo ni haitte imasu	父は今お風呂に入っています。	My father's in the bath now.	1
ofuro no oyu ga ippai desu	お風呂のお湯が一杯です。	The bath is filled with hot water.	1
watashi no ryoushin ha shouwaumare desu	私の両親は昭和生まれです。	My parents were born in the Showa era.	1
kanojo ha murasaki no doresu wo kite ita	彼女は紫のドレスを着ていた。	She wore a purple dress.	1
koucha ni remon wo irete nonda	紅茶にレモンを入れて飲んだ。	I put lemon in my tea and drank it.	1
atatakai koucha ga nomitai	温かい紅茶が飲みたい。	I want to drink hot tea.	1
tsuyu ha rokugatsugoro desu	梅雨は6月頃です。	The rainy season comes around June.	1
watashi no ichiban suki na kudamono ha momo desu	私の一番好きな果物は桃です。	My favorite fruit is peaches.	1
kare ha koutsuu jiko ni atta	彼は交通事故に遭った。	He had a traffic accident.	1
watashi ha hikui makura ga suki desu	私は低い枕が好きです。	I like thin pillows.	1
uso wo tsuite ha ikemasen	嘘をついてはいけません。	You mustn't lie.	1
kanojo ga uso wo tsuita no de kare ha okotta	彼女が嘘をついたので、彼は怒った。	He was angry because she lied to him.	1
watashi ha enryo shimasu	私は遠慮します。	No thanks, I'll pass (on that).	1
chichioya ga kodomo wo shikatte iru	父親が子供を叱っている。	That father is scolding his children.	1
densha ni kasa wo wasureta	電車に傘を忘れた。	I left my umbrella on the train.	1
ojousan ha oikutsu desu ka	お嬢さんはおいくつですか。	How old is your daughter?	1
kinou nengajou wo dashimashita	昨日、年賀状を出しました。	I sent my New Year cards yesterday.	1
asakusa ha nigiyaka na machi desu	浅草は賑やかな街です。	Asakusa is a lively town.	1
ka ni ashi wo sasareta	蚊に足を刺された。	I was bitten on my foot by a mosquito.	1
taoru de karada wo fukimashita	タオルで体を拭きました。	I dried myself with a towel.	1
hajime ni kaichou ga aisatsu shita	初めに会長が挨拶した。	First was the chairman's greetings.	1
kanojo ha egao de aisatsu shita	彼女は笑顔で挨拶した。	She greeted me with a smile.	1
sono shigoto ha kiken wo tomonau	その仕事は危険を伴う。	Danger comes with the job.	1
kare ha atama ni taoru wo maite ita	彼は頭にタオルを巻いていた。	He had a towel tied around his head.	1
gogo hachiji ni oosaka ni tsukimasu	午後8時に大阪に着きます。	I arrive in Osaka at 8:00 pm.	1
raigetsu oosaka ni hikkoshimasu	来月、大阪に引っ越します。	I'll move to Osaka next month.	1
oba ha oosaka ni sunde imasu	おばは大阪に住んでいます。	My aunt lives in Osaka.	1
watashi no ryoushin ha oosaka ni sunde imasu	私の両親は大阪に住んでいます。	My parents live in Osaka.	1
kono kutsu ha watashi no ashi ni atte iru	この靴は私の足に合っている。	These shoes fit me.	1
kutsushita ni ana ga aite iru	靴下に穴が開いている。	There are holes in my socks.	1
watashi ha depaato de kutsu wo katta	私はデパートで靴を買った。	I bought shoes at the department store.	1
kutsu ga yogoreta	靴が汚れた。	My shoes got dirty.	1
kutsu ni doro ga tsuite imasu	靴に泥が付いています。	I have mud on my shoes.	1
atarashii kutsu ga totemo kiniirimashita	新しい靴がとても気に入りました。	I really like my new shoes.	1
kutsu wo nuide kudasai	靴を脱いでください。	Please take off your shoes.	1
kono kutsushita ha sansoku de sen'en desu	この靴下は3足で1000円です。	These socks are 1,000 yen for 3 pairs.	1
kono kutsu ha ikura desu ka	この靴は幾らですか。	How much are these shoes?	1
kutsu no yogore wo otoshimashita	靴の汚れを落としました。	I cleaned the dirt off the shoes.	1
kutsu no himo ga kireta	靴のひもが切れた。	The shoe lace is broken.	1
kutsu wo migaite kudasai	靴を磨いてください。	Please polish your shoes.	1
hamigaki ha shimashita ka	歯磨きはしましたか。	Have you brushed your teeth?	1
rouka ha hashiranai de kudasai	廊下は走らないでください。	Don't run in the hallway.	1
kurisutarugarasu no kabin wo kaimashita	クリスタルガラスの花瓶を買いました。	I bought a crystal glass vase.	1
binbiiru wo chuumon shita	瓶ビールを注文した。	I ordered a bottle of beer.	1
ganbatta no de homeraremashita	頑張ったので褒められました。	He was praised because worked hard.	1
gantan ni kare kara nengajou ga kita 。	元旦に彼から年賀状が来た。	I got a New Year's card from him on January 1.	1
ike ni koi ga imasu	池に鯉がいます。	There are carp in the pond.	1
kono shatsu ha sode ga mijikai	このシャツは袖が短い。	This shirt has short sleeves.	1
kyou ha samui node nagasode wo kimashita 。	今日は寒いので長袖を着ました。	I put on a long-sleeved shirt because it's cold today.	1
kyou ha 、 hansode no shatsu wo kiyou 。	今日は、半袖のシャツを着よう。	I'll put on a short-sleeved shirt today.	1
watashi ha baka datta	私は馬鹿だった。	I was foolish.	1
sugoi ame ni natta	凄い雨になった。	It began raining cats and dogs.	1
chichi ha mainichi hige wo sorimasu	父は毎日髭を剃ります。	My father shaves every day.	1
imouto to hidoi kenka wo shita	妹とひどい喧嘩をした。	I had an awful fight with my little sister.	1
kenka ha yamete	喧嘩はやめて。	Stop fighting.	1
oshaberi shite nodo ga karakara ni narimashita	おしゃべりして喉がからからになりました。	My throat got dry from chatting.	1
kare ha kodomo no oshiri wo tataita	彼は子供のおしりを叩いた。	He slapped his child on the bottom.	1
motto yoku kaminasai	もっとよく噛みなさい。	Chew your food better.	1
haha ha misoshiru ni mizu wo tashita	母は味噌汁に水を足した。	My mother added water to the miso soup.	1
watashi ha mainichi misoshiru wo nomimasu 。	私は毎日味噌汁を飲みます。	I have miso soup every day.	1
watashi no mei ha sansai desu	私の姪は3才です。	My nieces are three years old.	1
kono ichigo ha totemo amai	この苺はとても甘い。	This strawberry is very sweet.	1
yuuhan ni nasu no tenpura wo tabemashita 。	夕飯に茄子の天ぷらを食べました。	I ate eggplant tempura for dinner.	2
tsuini subarashii josei ni aeta 。	ついに素晴らしい女性に逢えた。	I've finally met a wonderful woman.	1
sono o toshiyori ha isu ni suwatta 。	そのお年寄りは椅子に座った。	That old person sat on a chair.	1
sono isu ha kawatta katachi wo shite iru	その椅子は変わった形をしている。	That chair has an unusual shape.	1
watashi ha sukoshi yasemashita	私は少し痩せました。	I've lost a little weight.	1
hashi wo jouzu ni tsukaeru yo	箸を上手に使えるよ。	I'm good at using chopsticks.	1
nori de nimai no kami wo hari awaseta	糊で2枚の紙を貼り合わせた。	I stuck two sheets of paper together with glue.	1
mousukoshi shouyu wo tashite kudasai 。	もう少し醤油を足してください。	Please add a little more soy sauce.	1
kono hasami ha yoku kireru	この鋏はよく切れる。	These scissors cut well.	1
sono kuroi kaban ha boku no desu	その黒い鞄は僕のです。	The black briefcase is mine.	1
ago ga itai	顎が痛い。	My jaw hurts.	1
kan ni ame ga haitte imasu	缶に飴が入っています。	There's some candy in the can.	1
sekken de te wo aratte kudasai	石鹸で手を洗ってください。	Please wash your hands with soap.	1
naruhodo yoku wakarimashita	なるほど、よく分かりました。	I see, I understand quite well.	1
nanika hinto wo kudasai	何かヒントをください。	Please give me a hint.	1
kyou no oyatsu ha purin datta	今日のおやつはプリンだった。	Today's snack was pudding.	1
anata mo imani wakaru deshou	あなたも今に分かるでしょう。	You will understand one day.	1
kyou ha 6 ji kara baito desu	今日は6時からバイトです。	My part-time job starts at 6 today.	1
kyou no mouke ha 2 man'en deshita	今日のもうけは2万円でした。	Today's profit was 20,000 yen.	1
wazawaza kite kurete arigatou	わざわざ来てくれてありがとう。	Thank you for coming all the way here.	1
furansu kara saakasu ga yattekimasu	フランスからサーカスがやって来ます。	A circus is coming from France.	1
sekkaku kitan dakara yukkuri shite ikinasai	せっかく来たんだからゆっくりして行きなさい。	Since you've come all the way, why don't you stay for a while?	1
chiisa na koto ni kuyokuyo suru no ha bakarashii yo	小さなことにくよくよするのはばからしいよ。	It's stupid to worry about such a small thing.	1
ima damu no mizu ga sukunai ne	今、ダムの水が少ないね。	Now the dam doesn't have a lot of water.	1
rajio no boryuumu wo agete kudasai	ラジオのボリュームを上げてください。	Please turn up the volume on the radio.	1
chiizukeeki no dai wo hitotsu kudasai	チーズケーキの大を一つ下さい。	Please give me a slice of the large size cheesecake.	1
anata no yarikata ha zurui	あなたのやり方はずるい。	Your method is cunning.	1
nante zuuzuushii hito nan darou	何てずうずうしい人なんだろう。	What a cheeky fellow!	1
anata mo daibu otona ni natta ne	あなたもだいぶ大人になったね。	You've grown up quite a bit.	1
guruupu no menbaa ha 10 nin desu 。	グループのメンバーは10人です。	There are 10 members in the group.	1
nante kirei na hito nanda	何てきれいな人なんだ。	What a beautiful person she is!	1
hito wo karakau no ha yoshinasai	人をからかうのはよしなさい。	Stop making fun of people.	1
konkuriito ni hibi ga haitte imasu ne	コンクリートにひびが入っていますね。	The concrete is cracked.	1
kono kaban ni ha taikin ga haitte imasu	このかばんには大金が入っています。	This bag contains a lot of money.	1
kotoshi ha boonasu ga takusan demashita 。	今年はボーナスがたくさん出ました。	A lot of bonuses were paid this year.	1
hinode ga totemo kirei desu ne	日の出がとてもきれいですね。	The sunrise is very beautiful.	1
bin no futa ga hazuremasen	びんのふたが外れません。	The jar's lid won't come off.	1
kono kuji ha hazure desu	このくじは外れです。	This is a losing ticket.	1
honjitsu no ranchi ha hanbaagu de gozaimasu	本日のランチはハンバーグでございます。	The lunch of the day is hamburger steak.	1
koko de hitoyasumi shimashou	ここで一休みしましょう。	Let's take a break here.	1
kyou ha nazeka karada ga darui	今日はなぜか体がだるい。	I feel heavy today for some reason.	1
me wo tsubutte kudasai	目をつぶってください。	Close your eyes.	1
sonna zonzai na kuchi no kikikata ha yokunai yo	そんなぞんざいな口のききかたはよくないよ。	That kind of sloppy way of talking is no good.	1
ashi ga shibireta	足がしびれた。	My foot went to sleep.	1
tako ni ha ashi ga 8 pon aru	タコには足が8本ある。	An octopus has eight legs.	1
bitamin wo mainichi torimashou	ビタミンを毎日とりましょう。	We should take vitamins every day.	1
ishi ni tsumazukimashita 。	石につまずきました。	I stumbled on the stone.	1
hana no tsubomi ga takusan tsuiteimasu ne 。	花のつぼみがたくさんついていますね。	There are a lot of flower buds on it.	1
sono otoko ha robii wo shibaraku urouro shite ita yo	その男はロビーをしばらくうろうろしていたよ。	That man was wandering about the lobby for a while.	1
kono kurasu no joshi ha juuhachinin desu	このクラスの女子は18人です。	There are 18 girls in this class.	1
kore ha anmari suki ja nai na	これはあんまり好きじゃないな。	I don't like this so much.	1
watashi ha mainichi jogingu wo shite imasu	私は毎日ジョギングをしています。	I jog every day.	1
watashi ha ebi no tenpura ga suki desu	私はえびのてんぷらが好きです。	I like shrimp tempura.	1
tomodachi to jazu no konsaato ni ikimashita 。	友達とジャズのコンサートに行きました。	I went to a jazz concert with a friend.	1
biichi de tomodachi to saafin shita yo	ビーチで友達とサーフィンしたよ。	I surfed with my friends on the beach.	1
kono ie ha rainen dekiagarimasu	この家は来年出来上がります。	This house will be completed next year.	1
kono kaabu ha ki wo tsukete	このカーブは気をつけて。	Be careful on this curve.	1
marason ha ame no naka de sutaato shita no	マラソンは雨の中でスタートしたの。	The marathon started in the rain.	1
ashita ha douyara ame rashii yo	明日はどうやら雨らしいよ。	It looks like it's going to rain tomorrow.	1
sora ga niwakani kuraku natta na	空がにわかに暗くなったな。	The sky darkened rapidly.	1
sakujitsu ha ame deshita ne	昨日は雨でしたね。	It rained yesterday.	1
doa ga hitorideni shimatta na	ドアがひとりでに閉まったな。	The door closed by itself.	1
sore ha honnin ni kiite kudasai	それは本人に聞いてください。	Please ask the person in question.	1
kono merodii ha kiita koto ga aru	このメロディーは聞いたことがある。	I've heard this melody before.	1
mama ni kiite miyou	ママに聞いてみよう。	Let's ask Mom.	1
sono shatsu ha yasuppoi ne	そのシャツは安っぽいね。	That shirt looks cheap.	1
kyou ha saikou ni ii kibun da yo	今日は最高にいい気分だよ。	I feel on top of the world today.	1
kono burausu ha ushiroaki desu	このブラウスは後ろ開きです。	This blouse opens from the back.	1
kyou no hinoiri ha gogo 6 ji deshita	今日の日の入りは午後6時でした。	Today, the sun set at 6 p.m.	1
nippon ni kite hantoshi ni narimasu	日本に来て半年になります。	It has been half a year since I came to Japan.	1
kesa ha me ga harete imasu	今朝は目がはれています。	My eyes are swollen this morning.	1
mousugu yo ga akeru ne	もうすぐ夜が明けるね。	It will be dawn soon.	1
itsunomanika yo ga akete ita ne	いつのまにか夜が明けていたね。	The dawn had broken before we realized it.	1
ato 1 jikan de yo ga akemasu ne	あと1時間で夜が明けますね。	It will be dawn in another hour.	1
nihon de ha 7 gatsu 7 ka ha tanabata no hi desu	日本では7月7日は七夕の日です。	July 7th is the day of the Tanabata Festival in Japan.	1
tama ni ha gaishoku shimashou	たまには外食しましょう。	Let's dine out occasionally.	1
chuushoku ni onigiri wo tabemashita	昼食におにぎりを食べました。	I ate rice balls for lunch.	1
yuushoku ha yoso de gochisou ni narimashita	夕食はよそでごちそうになりました。	I was treated to dinner out.	1
choushoku ha chanto tabemashita ka	朝食はちゃんと食べましたか。	Did you eat a good breakfast?	1
dezaato ni keeki wo tabemashita	デザートにケーキを食べました。	I had the cake for dessert.	1
chuushoku ni ton katsu wo tabemashita 。	昼食にとんかつを食べました。	I ate a pork cutlet for lunch.	1
kesa ha meshi wo tabeta kai	今朝は飯を食べたかい。	Did you have a meal this morning?	1
baagenkoonaa de diibuidii wo kaimashita	バーゲンコーナーでDVDを買いました。	I bought a DVD in the sale corner.	1
kinou baagen de suutsu wo kaimashita	昨日バーゲンでスーツを買いました。	I bought a suit in the sale yesterday.	1
kinou tansu wo kaimashita	昨日、たんすを買いました。	I bought a chest of drawers yesterday.	1
konya ha amanogawa ga miemasu ne	今夜は天の川が見えますね。	The Milky Way can be seen tonight.	1
hito wo jirojiro miru mono de ha arimasen	人をじろじろ見るものではありません。	Do not stare at people.	1
youyaku gooru ga miete kimashita	ようやくゴールが見えてきました。	At last, we could see the finish line.	1
zenpou ni yama ga miemasu ne	前方に山が見えますね。	We can see the mountain ahead.	1
watashi ha sora wo miageta no	私は空を見上げたの。	I looked up at the sky.	1
futari de yozora wo miageta no	ふたりで夜空を見上げたの。	The two of us looked up at the night sky.	1
kinou hanabi wo mi ni itta yo	昨日、花火を見に行ったよ。	I went to see fireworks yesterday.	1
mihon ha kochira ni gozaimasu	見本はこちらにございます。	There's a sample here.	1
sora ni mikazuki ga miemashita	空に三日月が見えました。	I was able to see a crescent moon in the sky.	1
kono beranda ha miharashi ga ii	このベランダは見晴らしがいい。	The view from this veranda is good.	1
hito ha mikake ni yoranai na	人は見かけによらないな。	You can't judge people by their appearance.	1
sou assari iwanai de	そうあっさり言わないで。	Don't say it so matter-of-factly.	1
amari urusaku iwanai de kudasai	あまりうるさく言わないで下さい。	Don't nag me so much.	1
imagoro sonna koto iwanai de	今ごろそんなこと言わないで。	Don't say such a thing now.	1
kono shiriizu ha gojuuwa mo aru sou yo	このシリーズは50話もあるそうよ。	I hear that there are as many as 50 stories in the series.	1
kono bun no tsunagari ha okashii desu	この文のつながりはおかしいです。	The flow of this sentence is strange.	1
kango ha motomoto gairaigo desu	漢語はもともと外来語です。	Kanji compounds are originally loanwords.	1
atogaki wo yoku yonde kudasai	後書きをよく読んで下さい。	Please read the postscript carefully.	1
kono hito ni mioboe ga arimasu ka	この人に見覚えがありますか。	Do you remember seeing this person?	1
mezamashi ni koohii wo nonda no	目覚ましにコーヒーを飲んだの。	I drank coffee to wake up.	1
purojiekuto menbaa to hanashiai wo shita no	プロジェクトメンバーと話し合いをしたの。	I had a discussion with the project members.	1
douse maniawanai nara yukkuri ikou	どうせ間に合わないならゆっくり行こう。	Let's go slowly as we won't be on time anyway.	1
chuushoku ha kukkii de maniawaseta no	昼食はクッキーで間に合わせたの。	I made do with cookies for lunch.	1
uchi no kaisha ha shuukyuu futsuka desu	うちの会社は週休2日です。	Our company has two days off a week.	1
tsuki ga michite kimashita ne	月が満ちてきましたね。	The moon is waxing.	1
kono basu ha man'in desu	このバスは満員です。	This bus is full.	1
kyou ha mangetsu desu ne	今日は満月ですね。	It's a full moon today.	1
ittai nanigoto desu ka	一体何事ですか。	What on earth is going on?	1
sonna koto wo shite ha ikemasen	そんな事をしてはいけません。	Do not do such a thing.	1
mata shigoto wo sabotte imasu ne	また仕事をサボっていますね。	He's skipping work again, isn't he?	1
shigotochuu ni kaeru nante tondemonai	仕事中に帰るなんてとんでもない。	It's unthinkable to go home in the middle of work.	1
kyou ha hachi chiimu ga shutsujou shimashita	今日は8チームが出場しました。	Eight teams participated today.	1
rainen no konkuuru ni shutsujou suru tsumori desu	来年のコンクールに出場するつもりです。	I am going to participate in next year's contest.	1
kaijou de kodomo ga kyorokyoro shite iru wa yo	会場で子供がきょろきょろしているわよ。	The child is staring about the hall.	1
yuushoku no saichuu ni denwa ga kakatte kita no	夕食の最中に電話がかかってきたの。	I got a phone call in the middle of supper.	1
denwa ga tsunagarimasen	電話がつながりません。	Phone calls aren't getting through.	1
kuruma ni gasorin wo iremashita	車にガソリンを入れました。	I put gasoline in the car.	1
kono kuruma ha hidari handoru desu	この車は左ハンドルです。	This car has the steering wheel on the left.	1
kuruma no gia wo bakku ni ireta yo	車のギアをバックに入れたよ。	I put the car into reverse gear.	1
sono kuruma no nanbaa wo oboete imasu ka	その車のナンバーを覚えていますか。	Do you remember the car's license number?	1
kuruma ni hikarenai you ki wo tsukenasai 。	車にひかれないよう気をつけなさい。	Make sure you don't get run over by a car.	1
ie kara eki made oyoso ichikiro arimasu	家から駅までおよそ1キロあります。	It's about one kilometer from home to the station.	1
watashi mo mazete kudasai	私も交ぜてください。	Please include me.	1
anata no ossharu toori desu	あなたのおっしゃる通りです。	It is as you say.	1
okyakusan wo kyakuma ni otooshi shita wa yo	お客さんを客間にお通ししたわよ。	I showed the guest into the reception room.	1
shigoto no mitooshi ga tatanai	仕事の見通しがたたない。	There's no end in sight to my work.	1
sono michi ha ima gesui no kouji wo shite iru yo	その道は今、下水の工事をしているよ。	The street is now under construction for drainage.	1
kono michi ha tsuukou dekimasen	この道は通行できません。	This is an impassable road.	1
michi de tamatama tomodachi ni atta	道でたまたま友達に会った。	I met a friend in the street by chance.	1
kono michi ha dekoboko shite imasu ne	この道はでこぼこしていますね。	This road is bumpy.	1
touzai ni ooki na douro ga tootte imasu	東西に大きな道路が通っています。	There's a major road running from east to west.	1
chikadou wo tootte ikimashou	地下道を通って行きましょう。	Let's go through the underpass.	1
sutajio ha chika ni arimasu	スタジオは地下にあります。	The studio is in the basement.	1
koko kara saki ha ikidomari desu	ここから先は行き止まりです。	It is a dead-end ahead.	1
yagate yuki mo yamu deshou	やがて雪も止むでしょう。	The snow will stop before long.	1
fuzakeru no ha yamete	ふざけるのは止めて。	Stop messing around.	1
ano douro ha tsuukoudome da sou desu	あの道路は通行止めだそうです。	I hear that that road is closed to traffic.	1
takusan aruite kutabiremashita	たくさん歩いてくたびれました。	I was worn out from walking so much.	1
kyou ha takusan aruite kutakuta desu	今日はたくさん歩いてくたくたです。	I am exhausted because I have walked so much today.	1
kono densha ha chijou wo hashirimasu	この電車は地上を走ります。	This train runs on the surface.	1
kuruma ha yukimichi wo noronoro to hashitta no	車は雪道をのろのろと走ったの。	The car drove very slowly on the snowy road.	1
mou koko ni ha nidoto kimasen	もうここには二度と来ません。	I'll never come here again.	1
moshikasuruto anata ni ichido oai shitemasu ka	もしかするとあなたに一度お会いしてますか。	Is it possible I've met you once before?	1
maido arigatou gozaimasu	毎度ありがとうございます。	Thank you for your patronage.	1
saikin shigoto ga kanari haado desu	最近、仕事がかなりハードです。	Recently, my work is pretty hard.	1
kotchi ga chikamichi desu	こっちが近道です。	This is a shortcut.	1
ano hito ha teashi ga nagai	あの人は手足が長い。	That person has long arms and legs.	1
mijikai jikan ni zuibun joutatsu shimashita ne	短い時間にずいぶん上達しましたね。	You have progressed well in a short time.	1
hi ga shihou ni hirogatta n da yo	火が四方に広がったんだよ。	The fire has spread in all directions.	1
nanboku ni yama ga hirogatte imasu	南北に山が広がっています。	The mountains stretch out to the north and south.	1
zenryoku de hashire	全力で走れ。	Run with all your might!	1
kono ko ha arufabetto wo zenbu iemasu	この子はアルファベットを全部言えます。	This kid can say the entire alphabet.	1
isshuukan go ni shukkoku shimasu	1週間後に出国します。	I will leave the country in one week.	1
wagakuni no kokudo ha nanajuppaasento ga shinrin desu	わが国の国土は70%が森林です。	70 % of the countryside in our country is forest.	1
kyou no ichijikanme ha kokugo desu	今日の1時間目は国語です。	The first class today is Japanese.	1
ano kuni to ha kokkou ga nai	あの国とは国交がない。	There are no diplomatic relations with that country.	1
sono kuni de ha eigo ha tsuujimasu ka	その国では英語は通じますか。	Do they speak English in that country?	1
futatsu no kokudou ha koko de majiwarimasu	二つの国道はここで交わります。	Two national roads intersect here.	1
yononaka ni ha iroiro na hito ga imasu	世の中にはいろいろな人がいます。	There are many different people in the world.	1
kore ha sekai de saishou no konpyuutaa desu	これは世界で最小のコンピューターです。	This is the smallest computer in the world.	1
intaanetto ha sekai no hitobito wo tsunagimasu ne	インターネットは世界の人々をつなぎますね。	The Internet links people around the world together.	1
shiroi panteii wo kaimashita	白いパンティーを買いました。	I bought some white panties.	1
wagasha ha konnendo kuroji to narimashita	わが社は今年度、黒字となりました。	Our company got into the black this year.	1
watashitachi no kaisha ha kongetsu ha akaji yo	私たちの会社は今月は赤字よ。	Our company is in deficit this month.	1
ima yasai wo yudete imasu	今、野菜をゆでています。	I'm boiling vegetables now.	1
yaoya san de takusan omake shite moratta yo	八百屋さんでたくさんおまけしてもらったよ。	I got lots of freebies at the vegetable store.	1
heya no aki ha arimasu ka	部屋の空きはありますか。	Are there any vacant rooms?	1
heya wo kuraku shite muudo wo dashite mita yo	部屋を暗くしてムードを出してみたよ。	I darkened the room to set the mood.	1
kono heya ha hokori darake desu ne 。	この部屋はほこりだらけですね。	This room is covered in dust.	1
kongetsu matsu ni kanada ni ikimasu	今月末にカナダに行きます。	I will go to Canada at the end of this month.	1
kore ha totemo tema no kakaru ryouri desu	これはとても手間のかかる料理です。	This is a very time-consuming dish.	1
anata no kenkai wo kikasete kudasai	あなたの見解を聞かせてください。	Please tell me your opinion.	1
rikai shite kurete arigatou	理解してくれてありがとう。	Thank you for understanding.	1
arinomama wo hanashite kudasai	有りのままを話して下さい。	Please tell it as it is.	1
kono toire ha yuuryou desu	このトイレは有料です。	This is a pay toilet.	1
muri ha shinai de kudasai	無理はしないでください。	Don't overdo it.	1
gobuji de naniyori desu	ご無事で何よりです。	I'm glad to know you're safe.	1
mucha wo shinai de kudasai ne	無茶をしないでくださいね。	Don't be unreasonable.	1
sono ko ga itte iru koto ha tsukuribanashi desu	その子が言っていることは作り話です。	What that kid said is a made-up story.	1
kono eakon ha amari denryoku wo tsukaimasen	このエアコンはあまり電力を使いません。	This air conditioner doesn't use much electricity.	1
keeki wo tsukuru toki ha hakari wo tsukaimasu 。	ケーキを作る時ははかりを使います。	I use a kitchen scale when I bake a cake.	1
jogingu you no shuuzu ha yasukunai na	ジョギング用のシューズは安くないな。	Jogging shoes are not cheap.	1
shiyou de dekakenakereba narimasen	私用で出かけなければなりません。	I must go out on a personal errand.	1
watashi ni nanika you desu ka	私に何か用ですか。	Do you need me for something?	1
kaihi ga sukoshi takai ne	会費が少し高いね。	The fee is a little high.	1
otoko no ko ga sannin mo iru no de shokuhi ga kasamimasu	男の子が3人もいるので食費がかさみます。	I have three boys so the food costs mount up.	1
nippon ha shouhi taikoku to iwarete imasu	日本は消費大国といわれています。	It is said that Japan is a consumption giant.	1
kaji ha buji shouka saremashita	火事は無事消火されました。	The fire was safely extinguished.	1
daiji na meeru wo ukkari keshite shimatta	大事なメールをうっかり消してしまった。	I accidentally deleted an important email.	1
depaato ha juuji ni kaiten shimasu yo	デパートは10時に開店しますよ。	The department store opens at ten o'clock.	1
ano mise de yasai no yasuuri wo shite imashita yo	あの店で野菜の安売りをしていましたよ。	Vegetables were on special at that store.	1
kono mise ha 8 ji ni heiten shimasu	この店は8時に閉店します。	This shop closes at eight o'clock.	1
koko ha cheenten no honten desu	ここはチェーン店の本店です。	This is the headquarters of the chain.	1
kono toori ni ha shouten ga ooi ne	この通りには商店が多いね。	There are many shops on this street.	1
shokuhin ha nichiyoubi ni matomete kaimasu	食品は日曜日にまとめて買います。	I buy my food in bulk on Sundays.	1
kono doresu ha totemo jouhin na dezain desu ne	このドレスはとても上品なデザインですね。	This dress has a very elegant design.	1
kono shouhin ha kouriten de mo kaemasu	この商品は小売店でも買えます。	This product can be purchased in retail shops.	1
watashi ha sakuhin no dekiagari ni manzoku shite imasu	私は作品の出来上がりに満足しています。	I'm satisfied with the completed work.	2
yatto watashi no sakuhin ga yo ni deta no	やっと私の作品が世に出たの。	My work was finally released to the world.	1
kono kaidan ha 18 dan arimasu ne	この階段は18段ありますね。	There are 18 steps in this staircase.	1
yasai ga neagari shite imasu ne	野菜が値上がりしていますね。	The price of vegetables is going up.	1
gasorin ga nesagari shimashita	ガソリンが値下がりしました。	The price of gasoline has gone down.	1
denwa ryoukin ga nesage sareta	電話料金が値下げされた。	My phone charge was reduced.	1
totemo kachi no aru hanashi wo kiita yo	とても価値のある話を聞いたよ。	I heard a very valuable story.	1
daiyamondo ha totemo kouka desu ne	ダイヤモンドはとても高価ですね。	Diamonds are very expensive.	1
kakkou no ii seinen ni atta yo	格好のいい青年に会ったよ。	I met a good-looking young man.	1
darashinai kakkou wo shinai de kudasai	だらしない格好をしないでください。	Please don't dress so sloppily.	1
mousugu natsuyasumi na no de ukiuki shite imasu	もうすぐ夏休みなのでうきうきしています。	I'm excited because the summer vacation is coming soon.	1
fuyu ha mame ni ugai wo shimasu	冬はまめにうがいをします。	I often gargle in winter.	1
nandaka samuke ga shimasu	何だか寒気がします。	I feel chilly somehow.	1
samui no de kotatsu wo dashimashita	寒いのでこたつを出しました。	We got out the kotatsu because it was cold.	1
saikin ha atataka desu	最近は暖かです。	The weather has been warm recently.	1
kyou ha pokapoka atatakai hi desu	今日はぽかぽか暖かい日です。	It's a lovely warm day today.	1
soto no ondo ha mainasu 3 do desu	外の温度はマイナス3度です。	The temperature outside is minus three degrees.	1
kesa no taion ha 36 do deshita	今朝の体温は36度でした。	My temperature this morning was 36 degrees.	1
kaze ga pitarito yanda ne	風がぴたりと止んだね。	The wind suddenly died down.	1
yonaka mo terebi de taifuu no houdou wo shite ita	夜中もテレビで台風の報道をしていた。	The typhoon was also reported on television during the night.	1
intaanetto de manee jouhou wo chekku shita yo	インターネットでマネー情報をチェックしたよ。	I checked some financial information on the Internet.	1
sono koukoku wo shinbun de mimashita	その広告を新聞で見ました。	I saw that advertisement in the newspaper.	1
atarashii kuruma ga uridasareta	新しい車が売り出された。	A new car was on sale.	1
kono biru ha shinbunsha desu	このビルは新聞社です。	This building is a newspaper office.	1
ekimae ni atarashii shoten ga dekimashita	駅前に新しい書店ができました。	A new bookstore has opened in front of the station.	1
densha no naka de ha shinbun wo hirogenai de	電車の中では新聞を広げないで。	Don't spread your newspaper wide open in the train.	1
shinsha ha pikapika desu ne	新車はぴかぴかですね。	The new car really shines.	1
sono kuruma ha chuuko de katta n da	その車は中古で買ったんだ。	I bought that car second hand.	1
kodomo ni mukashibanashi wo kikaseteageta no 。	子供に昔話を聞かせてあげたの。	I read a story to the children.	1
mukashi ha yoku disuko ni itta na	昔はよくディスコに行ったな。	I often went to the disco in the past.	1
mukashi ha kawa no mizu ga nomimizu deshita	昔は川の水が飲み水でした。	A long time ago, rivers were used for drinking water.	1
kokoro no uchi wo o hanashi kudasai	心の内をお話し下さい。	Please speak your mind.	1
yomichi ha youjin shite arukimashou	夜道は用心して歩きましょう。	Be careful when walking at night.	1
futo mukashi no koto wo omoidashita n da	ふと昔の事を思い出したんだ。	I suddenly remembered the past.	1
kite yokattato tsukuzuku omoimasu	来てよかったとつくづく思います。	I really feel that it was good to come.	1
itsumademo anata wo wasuremasen	いつまでもあなたを忘れません。	I will never forget you.	1
ashita ha kaisha no bounenkai ga arimasu	明日は会社の忘年会があります。	The company will have a year-end party tomorrow.	1
okami ha nani wo kangaete ru n darou ne	お上は何を考えてるんだろうね。	What is the government planning on?	1
boonasu no tsukaimichi wo kangaete iru tokoro desu	ボーナスの使い道を考えているところです。	I'm just thinking about how to use my bonus.	1
kono koto wo kesshite wasurenai de kudasai	このことを決して忘れないでください。	Please never forget this.	1
kondo koso tabako wo yameru kesshin wo shimashita	今度こそタバコを止める決心をしました。	I am determined to stop smoking this time.	1
ofutari ha doko de shiriatta no desu ka	お二人はどこで知り合ったのですか。	Where did you two get to know each other?	1
tanin ni shireru to mazui koto ni naru wa ne	他人に知れるとまずいことになるわね。	This would be terrible if others found out about it.	1
kyou goukaku no shirase wo moraimashita	今日、合格の知らせをもらいました。	Today I received a notice that I passed.	1
usagi to kame no hanashi wo shitte imasu ka	ウサギとカメの話を知っていますか。	Do you know the story of the tortoise and the hare?	1
nihon no kotowaza wo ikutsu kurai shitte imasu ka	日本のことわざをいくつくらい知っていますか。	About how many Japanese proverbs do you know?	1
konna koto mo shiranai to ha nasakenai	こんなことも知らないとは情けない。	It's pretty sad you don't even know something like that.	1
ano ko no chinou ha totemo takai sou desu	あの子の知能はとても高いそうです。	Apparently, that child is highly intelligent.	1
senjitsu hajimete nou wo mi ni ikimashita	先日、初めて能を見に行きました。	The other day, I went to see Noh for the first time.	1
kotoshi ha hidoi mizubusoku yo	今年はひどい水不足よ。	There's a severe drought this year.	1
repooto wo 1 nichi de shiageru no ha fukanou desu	レポートを1日で仕上げるのは不可能です。	It's impossible to finish up the report in a day.	1
koko ha koutsuu no ben ga yoi desu ne	ここは交通の便がよいですね。	This place is conveniently located.	2
chotto shouben shi ni itte kuru	ちょっと小便しに行って来る。	Sorry, I am going for a pee.	1
eki no temae ni yuubinkyoku ga arimasu	駅の手前に郵便局があります。	There's a post office by the station.	1
ekimae ni kouban ga arimasu	駅前に交番が有ります。	There is a police box in front of the station.	1
koko no ooya ha chikaku ni sunde imasu yo	ここの大家は近くに住んでいますよ。	The landlord lives near here.	1
daidokoro ni nezumi ga deta	台所にねずみが出た。	A mouse came out in the kitchen.	1
kore ha nihon no jinmei desu ka	これは日本の人名ですか。	Is this a Japanese name?	1
ajia no kokumei wo ikutsu shitte imasu ka	アジアの国名をいくつ知っていますか。	How many country names in Asia do you know?	1
yuumeijin wo majika de mita yo	有名人を間近で見たよ。	I saw a celebrity up close.	1
sono chimei ha kiita koto ga nai naa	その地名は聞いたことがないなあ。	I have never heard of that place.	1
yuumei na bando ga rainichi shite imasu ne	有名なバンドが来日していますね。	A famous band has come to Japan.	1
shichou ga teepu wo katto shita	市長がテープをカットした。	The mayor cut the ribbon.	1
machi no hokutou ni yama ga arimasu	町の北東に山があります。	There's a mountain to the northeast of the town.	1
kono machi no hitotachi ni ha ninjou ga aru ne	この町の人たちには人情があるね。	The people in this town have humanity.	1
toukyou ni ha 23 no ku ga aru 。	東京には23の区がある。	There are 23 wards in Tokyo.	1
watashi no sumai ha toukyou ni arimasu	私の住まいは東京にあります。	My residence is in Tokyo.	1
nichiji ha gotsugou ni awasemasu	日時はご都合に合わせます。	The date can be decided according to your schedule.	1
watashitachi ha higaeri de kyouto ni ikimashita	私たちは日帰りで京都に行きました。	We went to Kyoto on a day trip.	1
mirano ha fasshon no miyako desu	ミラノはファッションの都です。	Milan is the capital of fashion.	1
okyakusama ga irasshaimashita	お客様がいらっしゃいました。	Your guest has arrived.	1
kono ni no mekata ha 70 kiro tte toko ka ne	この荷の目方は70キロってとこかね。	I guess the weight of this load is about 70 kilograms.	1
kaimono wo sukkari wasurete ita	買い物をすっかり忘れていた。	I completely forgot the shopping.	1
kono menyuu ha sarada to nomimono ga setto ni natte imasu	このメニューはサラダと飲み物がセットになっています。	In this menu, there's a set with a salad and a drink.	1
shanai ni wasuremono ga atta yo	車内に忘れ物があったよ。	There was something left behind in the car.	1
kono kuni no bukka ha koko 10 nen de daibu agatta ne	この国の物価はここ10年でだいぶ上がったね。	Prices in this country have gone up considerably these last ten years.	1
o nomimono ha muryou de gozaimasu	お飲み物は無料でございます。	Beverages are free of charge.	1
kore ha honmono no daiyamondo desu	これは本物のダイヤモンドです。	This is a real diamond.	1
nimotsu wo eki no rokkaa ni ireta	荷物を駅のロッカーに入れた。	I put my luggage in a locker at the station.	1
kono machi no meibutsu ha budou desu	この町の名物はぶどうです。	This town is well-known for its grapes.	1
kyou ha nichiyouhin no kaimono wo shita	今日は日用品の買い物をした。	I did grocery shopping today.	1
chikinsotee ha watashi no daikoubutsu desu	チキンソテーは私の大好物です。	Chicken saute is my favorite dish.	1
nimotsu ha koko ni kasanete kudasai	荷物はここに重ねてください。	Please pile up the luggage here.	1
nimotsu ga omokute te ga chigire sou da	荷物が重くて手がちぎれそうだ。	My luggage is so heavy, it feels as if my arm could tear off.	1
kono nimotsu ha kanari no juuryou desu ne	この荷物はかなりの重量ですね。	This luggage is quite heavy.	1
kinou tairyou no gomi ga deta no	昨日大量のゴミが出たの。	A large amount of garbage was put out yesterday.	1
asu no purezenteeshon ga shinpai da	明日のプレゼンテーションが心配だ。	I'm worried about tomorrow's presentation.	1
shinpai ha muyou desu	心配は無用です。	There's no need to worry.	1
kono hoteru de ha saijou no saabisu ga ukeraremasu	このホテルでは最上のサービスが受けられます。	You can get the best service at this hotel.	1
kore ha kaishakan no torikime desu	これは会社間の取り決めです。	This is a decision between companies.	1
koodo ga mijikaku te konsento ni todokimasen	コードが短くてコンセントに届きません。	The cord is too short to reach the outlet.	1
ochuugen ni biiru ga todokimashita	お中元にビールが届きました。	We received some beer as a summer gift.	1
purattohoomu de densha ga kuru no wo matta no	プラットホームで電車が来るのを待ったの。	I waited on the platform for the train to arrive.	1
asu no machiawase ha 11 ji desu	明日の待ち合わせは11時です。	Tomorrow we'll meet at 11 o'clock.	1
nagaraku o matase shimashita 。	長らくお待たせしました。	I'm sorry to keep you waiting for such a long time.	1
akikaze ga kimochi ii ne	秋風が気持ちいいね。	The autumn wind feels good.	1
motsubeki mono ha tomo yo ne	持つべきものは友よね。	The important thing to keep is friends.	1
mochimono ni ha namae wo kaite kudasai	持ち物には名前を書いてください。	Please write your name on your belongings.	1
kono kooto ha nagamochi shite iru	このコートは長持ちしている。	I've had this coat for a long time.	1
gogo ni uchiawase wo shimashou	午後に打ち合わせをしましょう。	Let's have a meeting in the afternoon.	1
waapuro de houkokusho wo utta yo	ワープロで報告書を打ったよ。	The report was typed with a word processor.	1
ichinensei wo ukemotte imasu	1年生を受け持っています。	I am in charge of the first graders.	1
kono mura no hitotachi ha nagaiki desu	この村の人たちは長生きです。	People in this village live a long life.	1
kondo no pasokon ha seinou ga sugoku ii	今度のパソコンは性能がすごく良い。	The performance of this new computer is extremely good.	1
kono wain ha kokusan desu	このワインは国産です。	This wine is a domestic product.	1
sono chihou ha ocha no sanchi desu	その地方はお茶の産地です。	The region is a production center for tea leaves.	1
shinbun no katsuji ga yomi yasuku natta ne	新聞の活字が読みやすくなったね。	The newspaper typeface became easier to read.	1
saikin seikatsu ni yutori ga dete kimashita	最近、生活にゆとりがでてきました。	I have more room to breathe lately.	1
ano seito ha jitto sensei no hanashi wo kiite ita ne	あの生徒はじっと先生の話を聞いていたね。	The pupil listened quietly to the teacher.	1
ie kara eki made toho 3 pun desu	家から駅まで徒歩3分です。	It's 3 minutes on foot from home to the station.	1
daigaku ni kayou no ga joukyou no kikkake deshita	大学に通うのが上京のきっかけでした。	The reason I came to Tokyo was to go to university.	1
ichinen kyuugaku suru koto ni shimashita	1年休学することにしました。	I decided to take a one-year leave from school.	1
hito to majiwatte ooku no koto wo manabimashita	人と交わって、多くのことを学びました。	I learned a lot of things by socializing with people.	1
kyou ha gakkou de gyouji ga arimashita	今日は学校で行事がありました。	There was an event at school today.	1
gakkou ha seitotachi wo gozenchuu ni kaeshita ne	学校は生徒たちを午前中に帰したね。	The school dismissed students in the morning.	1
sono ko ha iyaiya gakkou he itta no	その子はいやいや学校へ行ったの。	The child went to school reluctantly.	1
8 ji ni gakkou no mon ga hirakimasu	8時に学校の門が開きます。	The gate of the school opens at eight o'clock.	1
kono saki ni kirisutokyou no kyoukai ga arimasu	この先にキリスト教の教会があります。	There is a Christian church ahead.	1
shigoto no yarikata wo oshiete kudasai	仕事のやり方を教えてください。	Please teach me how to do the job.	2
tegaru ni tsukureru ryouri wo oshiete kudasai	手軽に作れる料理を教えてください。	Please teach me some easy-to-do dishes.	1
watashi ha tanin ni juusho wo oshietaku nai	私は他人に住所を教えたくない。	I don't want to tell other people my address.	1
ano ko ha shitamachi sodachi da	あの子は下町育ちだ。	That kid was raised in the old part of town.	1
saikin kyouiku reberu ga teika shite imasu	最近、教育レベルが低下しています。	Recently, education levels are decreasing.	1
kaigai de gogaku no benkyou wo shimasu	海外で語学の勉強をします。	I will study a language abroad.	1
eigo wo shoho kara benkyou shite imasu	英語を初歩から勉強しています。	I'm studying English from the beginning.	1
ame ha dandan tsuyomarimasu	雨はだんだん強まります。	The rain has been gradually getting stronger.	1
hi wo tsuyomete kudasai	火を強めてください。	Please turn the heat up.	1
watashi ha gogaku no benkyou ni kanari no jikan wo tsuiyashite imasu	私は語学の勉強にかなりの時間を費やしています。	I have spent considerable time on language study.	1
karyoku wo yowamenai to niku ga kogeru yo	火力を弱めないと肉がこげるよ。	The meat's going to burn if you don't lower the heat.	1
yoru ni natte kaze ga yowamatta ne	夜になって風が弱まったね。	The wind dropped at night.	1
hi wo yowamete kudasai	火を弱めてください。	Please turn down the heat.	1
kono kanji wo jibiki de hiite mite	この漢字を字引で引いてみて。	Look up this kanji in the dictionary.	1
atarashii shigoto wo hikiuketa yo	新しい仕事を引き受けたよ。	I accepted the new job.	1
sensei ga watashi no nouryoku wo hikidashitekuremashita	先生が私の能力を引き出してくれました。	The teacher was able to draw out my abilities.	1
ato 1000 en nebiki shimashou	あと1000円値引きしましょう。	I'll further discount the price by 1,000 yen.	1
kaerou to suru tomodachi wo hikitometa n da	帰ろうとする友達を引き止めたんだ。	I stalled my friend who was about to go home.	1
kyou ha yagai de gakushuu shita	今日は野外で学習した。	We studied outdoors today.	1
tehon wo minagara shuuji wo shimashita	手本を見ながら習字をしました。	I practiced calligraphy by looking at examples.	1
shiai ha uten chuushi desu	試合は雨天中止です。	The match is canceled due to rain.	1
ashita ha koukou no nyuushi desu	明日は高校の入試です。	The high school entrance exam is tomorrow.	1
nihongo nouryoku shiken wo juken shita n da	日本語能力試験を受験したんだ。	I took the Japanese proficiency test.	1
eigo no kikitori shiken wo uketa yo	英語の聞き取り試験を受けたよ。	I took an English listening comprehension exam.	1
ryou yori shitsu no hou ga daiji desu	量より質の方が大事です。	Quality is more important than quantity.	1
nanika shitsumon ha arimasu ka	何か質問はありますか。	Are there any questions?	1
sono kuni de ha eizu ga ooki na shakai mondai ne	その国ではエイズが大きな社会問題ね。	AIDS is a major social issue in that country.	1
mondai ni tsuite kichinto hanashiatta yo	問題についてきちんと話し合ったよ。	We discussed the problem thoroughly.	1
koko ga wadai no resutoran desu	ここが話題のレストランです。	This is the restaurant that we were talking about.	1
kono mondai wo tokemasu ka	この問題を解けますか。	Can you solve this question?	1
kono sofuto ni ha tashou mondai ga aru	このソフトには多少問題がある。	There are some problems with this software.	1
nihongo no tango wo ikutsu shitte imasu ka	日本語の単語をいくつ知っていますか。	How many Japanese words do you know?	1
kono geemu no ruuru ha kantan desu	このゲームのルールは簡単です。	The rules of this game are easy.	1
sono shougakusei ha muzukashii hon wo surasura yonda no	その小学生は難しい本をすらすら読んだの。	That elementary school student read a difficult book easily.	1
yatto muzukashii mondai ga tokemashita	やっと難しい問題が解けました。	We finally solved a difficult problem.	1
heya no akari wo tsukemashou	部屋の明かりを点けましょう。	Let's turn on the room light.	1
kanningu wo shita hito ha reiten desu	カンニングをした人は0点です。	Those who cheat on the exam get no points.	1
kokugo no tesuto ha manten deshita	国語のテストは満点でした。	I got full marks on a Japanese test.	1
sono ten ha shinpai arimasen	その点は心配ありません。	There's nothing to worry about regarding that.	1
batsu ga mittsu aru no de 85 ten desu	バツが三つあるので85点です。	Because there are three mistakes you get 85 points.	1
shounin ha suuji ni tsuyoi ne	商人は数字に強いね。	Businessmen are good with figures.	1
fukusuu no repooto wo hitotsu ni matomete imasu	複数のレポートをひとつにまとめています。	I have put several reports together in one.	1
penha tansuu de penzu ha fukusuu desu	penは単数でpensは複数です。	"Pen is the singular and ""pens"" is the plural."	1
oshaberi ha atomawashi ni shimashou	おしゃべりは後回しにしましょう。	Let's leave the chit-chat for later.	1
konkai ha tesuto no tensuu ga warukatta	今回はテストの点数が悪かった。	My test score this time was bad.	1
kyou ha mawarimichi shite kaerou	今日は回り道して帰ろう。	Today, let's make a detour on the way home.	1
koko no mondai wo kaiketsu shimashou	個々の問題を解決しましょう。	Let's solve the problems one by one.	1
kono keesu ni ha CD ga 50 mai hairimasu	このケースにはCDが50枚入ります。	50 CDs will fit in this case.	1
choushoku ni shokupan wo nimai tabemashita	朝食に食パンを2枚食べました。	I ate two slices of bread for breakfast.	1
kopii no maisuu wo kazoete kudasai	コピーの枚数を数えてください。	Please count the number of copies.	1
watashi ha maiasa toosuto wo 2 mai tabemasu	私は毎朝トーストを2枚食べます。	I eat two slices of toast every morning.	1
katte na koto bakari iwanaide kure	勝手なことばかり言わないでくれ。	Don't say self-centered things all the time.	1
kono shoubu ha anata no make desu	この勝負はあなたの負けです。	This match is your defeat.	1
kono shoubu ha hikiwake desu	この勝負は引き分けです。	This match is a tie.	1
koutsuuhi ha kojin futan desu	交通費は個人負担です。	Transportation costs are covered by the individual.	1
masaka kuruma ga ataru to ha omowanakatta	まさか車が当たるとは思わなかった。	I never imagined I would win the car!	1
kono heya ha hiatari ga ii	この部屋は日当たりがいい。	This room gets a lot of sunshine.	1
kono densha ha hontouni noroi desu ne	この電車は本当にのろいですね。	This train is really slow.	1
kyou ha eigo no bunpou wo benkyou shimasu	今日は英語の文法を勉強します。	I'll study English grammar today.	2
saikin fukisoku na seikatsu wo shite iru	最近、不規則な生活をしている。	My life has been quite disorganized lately.	1
kono keiken ha anata ni totte purasu ni naru deshou	この経験はあなたにとってプラスになるでしょう。	This experience will be a good thing for you.	1
are kara nagai toshitsuki ga tachimashita	あれから長い年月が経ちました。	A long time has passed since then.	1
hirugohan ha kantan ni sumasemashou	昼ごはんは簡単に済ませましょう。	Let's have a quick lunch.	1
sono kuni ha keizai taikoku yo	その国は経済大国よ。	That country's an economic powerhouse.	1
torihikisaki he no soukin wo sumasemashita	取引先への送金を済ませました。	I completed the money transfer to our client.	1
sengetsu ha kabu de 100 man en mouketa no	先月は株で100万円もうけたの。	I gained a million yen on the stock market last month.	1
nyuugakushiki ga machidooshii desu	入学式が待ち遠しいです。	I can't wait for the entrance ceremony.	1
omise ha ichiji kyuugyou ni natta n da	お店は一時休業になったんだ。	The store was temporarily closed.	1
saikin ginkou no kinri ga sukoshi agatta	最近、銀行の金利が少し上がった。	Recently, the bank's interest rates were raised.	1
shouri suru ni ha housoku ga aru sou da	勝利するには法則があるそうだ。	I heard that there are rules to follow in order to win.	1
sengetsu no rieki ha 200 man'en deshita	先月の利益は200万円でした。	Last month's profit was two million yen.	1
kinou no hanashiai ha yuueki deshita	昨日の話し合いは有益でした。	Yesterday's discussion was beneficial.	1
kono meekaa no seihin ha kouhinshitsu da wa ne	このメーカーの製品は高品質だわね。	The products from this manufacturer are high-quality.	1
watashi ha mokuzou no kaoku ga suki desu	私は木造の家屋が好きです。	I like houses built of wood.	1
kono shigoto ni ha sukunakutomo nishuukan hitsuyou deshou	この仕事には少なくとも2週間必要でしょう。	At least two weeks will be needed for this job.	1
arakajime hitsuyou na mono wo kakidashite kudasai	あらかじめ必要な物を書き出して下さい。	Please write down in advance what you need.	1
kono shigoto ni ha nannichi hitsuyou ka kentou mo tsukanai ne	この仕事には何日必要か見当もつかないね。	I can't predict how many days are needed for this job.	1
nimotsu ga ooi no de ooki na iremono ga hitsuyou desu	荷物が多いので大きな入れ物が必要です。	There are so many items that we need a big container.	1
hanashi no youten dake oshiete kudasai	話の要点だけ教えてください。	Please tell me just the main points of the talk.	1
shigoto ni ha nare mo hitsuyou desu	仕事には慣れも必要です。	Getting used to the work is also necessary in any job.	1
ekkusu no atai wo motomenasai	xの値を求めなさい。	Calculate the value of x.	1
sochira no shina ha hangaku ni natte imasu	そちらの品は半額になっています。	Those goods are half-price.	1
kaikei wo sumasete mise wo deta n da	会計を済ませて店を出たんだ。	I payed the bill and then left the shop.	1
100 meetorusou no taimu wo hakatta n da	100メートル走のタイムを計ったんだ。	I timed the 100m race.	1
goukei kingaku wo keisan shite kudasai	合計金額を計算してください。	Please calculate the total amount of money.	1
toshin to chihou de ha shuunyuu ni ooki na sa ga aru ne	都心と地方では収入に大きな差があるね。	There is a big difference in income between rural and urban areas.	1
nihon to furansu no jisa ha hachijikan desu	日本とフランスの時差は8時間です。	The time difference between Japan and France is eight hours.	1
kochira wo sashiagemasu	こちらを差し上げます。	This is for you.	1
issakujitsu odenwa wo sashiagemashita	一昨日、お電話を差し上げました。	I gave you a call the day before yesterday.	1
natsu no hizashi ga mabushikatta yo	夏の日差しがまぶしかったよ。	The summer sunlight was dazzling.	1
kyou ha hizashi ga tsuyoi desu ne	今日は日差しが強いですね。	The sun is shining strongly today.	1
30 senchi no monosashi wo kudasai	30センチの物差しをください。	Please give me a 30 centimeter ruler.	1
gakuwari da to daibu yasui na	学割だとだいぶ安いな。	It is quite cheap with a student discount.	1
minna de yakuwari wo buntan shimashou	みんなで役割を分担しましょう。	Let's give everyone a role.	1
chiketto no wariate ha hitori juumai desu	チケットの割り当ては1人10枚です。	Ten tickets are allocated per person.	1
zen'in ni sagyou ga wariateraremashita	全員に作業が割り当てられました。	Work was assigned to all members.	1
kyou ha zenpin 10% waribiki desu	今日は全品10%割り引きです。	Today all goods are 10% off.	1
konkai no tesuto ha wariaini kantan deshita	今回のテストは割合に簡単でした。	This test was relatively easy.	1
shigoto no nokori ha ie de shimasu	仕事の残りは家でします。	I'll do the rest of the work at home.	1
tabemono wo nokoshite ha mottainai wa yo	食べ物を残してはもったいないわよ。	It's wasteful to leave food.	1
kongetsu no wagaya no shishutsu ha juugoman'en desu	今月のわが家の支出は15万円です。	Our household expenses are 150,000 yen this month.	1
kakei no shuushi ga awanai no	家計の収支が合わないの。	The household income and expenses do not match.	1
shitaku ga dekitara dekakemashou	支度ができたら出かけましょう。	Let's go out when we are ready.	1
kauntaa de ryoukin wo shiharatta	カウンターで料金を支払った。	I paid the fee at the counter.	1
oshiharai ha kaado mo o tsukai itadakemasu	お支払いはカードもお使いいただけます。	You can also pay by credit card.	1
mada ryoukin ha haratte inai kedo	まだ料金は払っていないけど。	But I haven't paid the charge yet.	1
koutsuuhi ha meimei shiharatte kudasai	交通費はめいめい支払ってください。	Please pay the fare individually.	1
nomiya no harai ga tamatte iru n da	飲み屋の払いがたまっているんだ。	I'm running up a bar bill.	1
furyouhin wo henpin shita yo	不良品を返品したよ。	I returned the defective product.	1
ame ga tsuyokatta no de hikikaeshita yo	雨が強かったので引き返したよ。	I turned back because it was raining heavily.	1
kono kari ha kanarazu kaeshimasu	この借りは必ず返します。	I will definitely pay it back.	1
shakkin ni rishi wo tsukete kaeshita no	借金に利子をつけて返したの。	He returned the debt with interest.	1
sono hon ha kashidashi shite imasen	その本は貸し出ししていません。	That book can't be checked out.	1
korekara pasupooto no shinsei ni ikimasu	これからパスポートの申請に行きます。	I am now going to apply for my passport.	1
getsumatsu made ni moushikomisho wo okutte kudasai	月末までに申込書を送ってください。	Please send the application form by the end of the month.	2
densha ga gyuugyuu ni konde imasu ne	電車がぎゅうぎゅうに込んでいますね。	The train is jam-packed.	1
nenmatsu no seeru ha itsumo konde iru ne	年末のセールはいつも込んでいるね。	The year-end sale is always crowded.	1
kyou supootsujimu no moushikomi wo shimashita	今日、スポーツジムの申し込みをしました。	I signed up for the sports gym today.	1
kuruma ga mae ni warikonde kita	車が前に割り込んできた。	A car cut in front of me.	1
watashi ha hitogomi ga suki de ha arimasen	私は人込みが好きではありません。	I don't like crowds.	1
zenki no uriage ha totemo yokatta wa	前期の売上はとても良かったわ。	Sales during the first term were very good.	1
ashita kara 2 shuukan tanki no arubaito wo shimasu	明日から2週間、短期のアルバイトをします。	For two weeks starting tomorrow, I'm doing a short stint as a part-time worker.	1
kigen made ni moushikomimashita	期限までに申し込みました。	I signed up before the deadline.	1
monogoto ni ha gendo ga arimasu	物事には限度があります。	Every matter has its limit.	1
ooisogi de sono shigoto wo shiageta yo	大急ぎでその仕事を仕上げたよ。	I finished up the work in a rush.	1
furoa ha paateishon de kugirarete imasu	フロアはパーティションで区切られています。	The floor has been divided by a partition.	1
ikimono wo taisetsu ni shimashou	生き物を大切にしましょう。	Let's care about living things.	1
kome ha ajia de ha taisetsu na sakumotsu da	米はアジアでは大切な作物だ。	Rice is an important crop in Asia.	1
ningen ni totte mizu ha shokumotsu yori taisetsu nano	人間にとって水は食物より大切なの。	For human beings water is more important than food.	1
kono gakkou de ha hitorihitori no seito wo taisetsu ni shite iru no	この学校では一人一人の生徒を大切にしているの。	Each individual student is valued in this school.	1
kono painappuru wo kitte kudasai	このパイナップルを切ってください。	Please cut up this pineapple.	1
nyuujouken wo o mochi desu ka	入場券をお持ちですか。	Do you have an admission ticket?	1
basu no kaisuuken wo kaimashita	バスの回数券を買いました。	I bought a strip of tickets for the bus.	1
nyuujouken ha toujitsu de mo kaemasu yo	入場券は当日でも買えますよ。	You can buy admission tickets on the same day.	1
konsaato no maeuriken wo te ni ireta n da	コンサートの前売り券を手に入れたんだ。	I got an advance ticket for the concert.	1
sanninbun no daikin ha kei rokusen'en desu	3人分の代金は計6000円です。	The cost for three people is 6000 yen in total.	1
daikin wo kijitsu made ni oshiharai kudasai	代金を期日までにお支払いください。	Please pay the charge by the due date.	1
basudai ga neage saremashita	バス代が値上げされました。	Bus fares were raised.	1
koko de daikin wo o shiharai kudasai	ここで代金をお支払いください。	Please pay the bill here.	1
tokei ga juuniji wo sashite ru	時計が12時を指してる。	The clock points to 12 o'clock.	1
koyubi wo kitte shimaimashita	小指を切ってしまいました。	I cut my little finger.	1
watashi ha ryourinin wo mezashite imasu	私は料理人を目指しています。	I intend becoming a cook.	1
kaichou ha tanakashi ni kettei	会長は田中氏に決定。	It has been decided that Mr. Tanaka will be chairman.	1
kono hon no teika ha 525 en desu	この本の定価は525円です。	The regular price of this book is 525 yen.	1
teika kara 2 sen'en waribikimasu yo	定価から2000円割り引きますよ。	I'll deduct 2000 yen from the recommended retail price.	1
kono mise ha suiyou ga teikyuubi desu	この店は水曜が定休日です。	This shop is closed on Wednesdays.	1
gogo ha gaishutsu no yotei desu	午後は外出の予定です。	I plan to go out this afternoon.	1
raishuu no yotei wo uchiawasemashou	来週の予定を打ち合わせましょう。	Let's discuss next week's schedule.	1
kuruma no hiyou、 yosan oobaa da	車の費用、予算オーバーだ。	The car expenses are over budget.	1
yohou de ha ashita ha ame desu ne	予報では明日は雨ですね。	It will rain tomorrow according to the forecast.	1
yoyaku wo kyanseru shita yo	予約をキャンセルしたよ。	I canceled the reservation.	1
hoteru no yoyaku wo torikeshita yo	ホテルの予約を取り消したよ。	I canceled our hotel reservation.	1
semete kore dake ha yakusoku shite kudasai 。	せめてこれだけは約束してください。	Please promise only this at least.	1
kore ha hitotaba de 300 en desu	これは一束で300円です。	These are 300 yen a bunch.	1
korekara ha keiei no gourika wo hakaritai to omoimasu	これからは経営の合理化を図りたいと思います。	From now on I want to attempt to streamline management.	1
yotei ga henkou ni narimashita	予定が変更になりました。	The schedule has been changed.	1
saikin no kodomo tachi ha yofukashi desu	最近の子供たちは夜更かしです。	These days children stay up till late.	1
saikin yoga wo yaru hito ga kyuuzou shite imasu	最近ヨガをやる人が急増しています。	Recently, there's been a sudden rise in the number of people doing yoga.	1
ooame de kawa no mizukasa ga mashite iru na	大雨で川の水かさが増しているな。	The river swells because of the downpour.	1
seisan kosuto zoudai no tame neage shimasu	生産コスト増大のため、値上げします。	Prices are rising because production costs are increasing.	1
toukyou no jinkou ha nennen fuete imasu	東京の人口は年々増えています。	The population of Tokyo increases year by year.	1
kono kuni ha jinkou ga genshou shite iru wa ne	この国は人口が減少しているわね。	The population of this country is decreasing.	1
saikin ha terebi wo miru kaisuu ga herimashita	最近はテレビを見る回数が減りました。	I watch TV less frequently these days.	1
kono suunen taijuu ha zougen shite imasen	この数年、体重は増減していません。	My weight has not increased or decreased for several years.	1
saikin shokuji no ryou wo herashite imasu	最近、食事の量を減らしています。	Lately, I'm cutting down how much food I eat.	1
joushaken ha nakusanai you ni	乗車券は無くさないように。	Do not lose the ticket.	1
ano eki de gakusei ga takusan norikonda ne	あの駅で学生がたくさん乗り込んだね。	A lot of students got on board at that station.	1
watashi ha maiasa rasshu no densha ni notte imasu	私は毎朝ラッシュの電車に乗っています。	I take the train during rush hour every morning.	1
kakuchi de ooame ga futte imasu	各地で大雨が降っています。	Heavy rain is falling in all regions.	1
kakuchi de ooame ga futte imasu	各地で大雨が降っています。	Heavy rain is falling in all regions.	1
imanimo ame ga furisou desu ne	今にも雨が降りそうですね。	It looks like it's going to rain any moment now.	1
amefuri de tsuki ga mienakatta ne	雨降りで月が見えなかったね。	We couldn't see the moon because of the rain.	1
orite kudasai teiin oobaa desu	降りてください、定員オーバーです。	Please get off, we are over capacity.	1
kono eki de takusan no hito ga noriori shimasu ne	この駅でたくさんの人が乗り降りしますね。	A huge number of people get on and off at this station.	1
sochira ni tsuku no ha rokuji zengo desu	そちらに着くのは6時前後です。	I will arrive there around 6 o'clock.	1
buji ie ni tsukimashita	無事、家に着きました。	I arrived home safely.	1
ie ni tsuite hotto shita yo	家に着いてほっとしたよ。	I felt relieved to be home.	1
zeikin no gaku ha nenshuu ni yotte kawarimasu	税金の額は年収によって変わります。	The amount of tax depends on the annual income.	1
okujou ni antena ga tatte imasu ne	屋上にアンテナが立っていますね。	The antenna stands on the rooftop.	1
sonnakotowoshitara、kaetteyokunaiyo。	そんなことをしたら、かえってよくないよ。	If you do something like that, it will instead have adverse results.	1
shiritsu no daigaku ha gakuhi ga takai	私立の大学は学費が高い。	Tuition for the private university is expensive.	1
gakkou de benkyou shita koto ga yakudatta	学校で勉強したことが役立った。	What I studied at school was useful.	1
watashi ha chuuritsu no tachiba wo totte imasu	私は中立の立場を取っています。	I'm taking a neutral standpoint.	1
hitobito ha tachidomatte ue wo miageta no	人々は立ち止まって上を見上げたの。	People stopped in their tracks and looked up.	1
baasudeekeeki ni rousoku wo tatemashita	バースデーケーキにろうそくを立てました。	We put candles on the birthday cake.	1
koko de ittan sutoppu shite kudasai	ここでいったんストップしてください。	Please stop here at once.	1
shitei sareta seki ni o suwari kudasai	指定された席にお座りください。	Please sit on the designated seat.	1
watashitachi ha kyakuseki ni suwatta n da	私たちは客席に座ったんだ。	We sat on the seat.	1
minasan chakuseki shite kudasai	みなさん、着席してください。	Everybody, please be seated.	1
mukai no seki ga aite imasu yo	向かいの席が空いていますよ。	The seat opposite is vacant.	1
ketten no nai ningen ha imasen	欠点のない人間はいません。	No person is without faults.	1
okiniiri no kappu ga kakete shimaimashita	お気に入りのカップが欠けてしまいました。	My favorite cup has been chipped.	1
tsugi no touki orinpikku ha 2 nengo desu	次の冬季オリンピックは2年後です。	The next Winter Olympics will be in two years.	1
denwa ga attara toritsuide kudasai	電話があったら取り次いでください。	Please transfer the phone to me if it rings.	1
sono jigyou ha kuni ga un'ei shite imasu	その事業は国が運営しています。	The project is operated by the government.	1
tetsudou no unchin ga neage sareta ne	鉄道の運賃が値上げされたね。	Train fares have gone up.	1
kono basu no unchin ha jousha suru toki ni haraimasu	このバスの運賃は乗車するときに払います。	On this bus, you pay the fare when you get on.	1
booi ni nimotsu wo hakonde moratta	ボーイに荷物を運んでもらった。	I had the porter carry the luggage.	1
untenchuu ha yosomi wo shite ha ikemasen	運転中はよそ見をしてはいけません。	Keep your eyes on the road when you're driving.	1
shunkashuutou no utsurikawari wo miru no ga daisuki desu	春夏秋冬の移り変わりを見るのが大好きです。	I love to see the seasons changing.	1
watashitachi ha rentakaa de idou shimashita	私たちはレンタカーで移動しました。	We traveled around by a rental car.	1
machi no seinentachi ha boranteia katsudou wo shite imasu	町の青年たちはボランティア活動をしています。	Young people in the town are doing volunteer work.	1
undoukai ha kuji ni kaikai shimasu	運動会は9時に開会します。	The sports festival starts at nine o'clock.	1
undoujou de sakkaa wo shiyou	運動場でサッカーをしよう。	Let's play soccer in the playing field.	1
undoujou de sakkaa wo shiyou	運動場でサッカーをしよう。	Let's play soccer in the playing field.	1
ima keizai no doukou ha yomi nikui wa	今、経済の動向は読みにくいわ。	Economic trends are difficult to read at the moment.	1
ame de undoukai ga chuushi ni natta no	雨で運動会が中止になったの。	The athletic meet has been canceled due to the rain.	1
kono kuruma no douryoku ha denki desu	この車の動力は電気です。	This car is powered by electricity.	1
doubutsu ha honnou no mama ugoku ne	動物は本能のまま動くね。	Animals act purely on instinct.	1
ningen ha risei wo motsu doubutsu desu	人間は理性を持つ動物です。	Human beings are rational animals.	1
watashi no ugoki wo manete kudasai	私の動きをまねてください。	Please imitate my movements.	1
watashi ha IT gyoukai de hataraite imasu	私はIT業界で働いています。	I'm working in the IT industry.	2
kyou ha shigoto ga hayaku agatta n da	今日は仕事が早く上がったんだ。	I finished work early today.	1
kono ko ha oboe ga hayai ne	この子は覚えが早いね。	This kid remembers things quickly.	1
hayamaranai de yoku kangaemashou	早まらないでよく考えましょう。	Let's think carefully without acting rashly.	1
tsukihi ga tatsu no ha hayai mono desu	月日が経つのは早いものです。	Time passes by quickly.	1
dekirudake hayaku kite kudasai	出来るだけ早く来てください。	Please come as soon as possible.	1
kousokubasu de toukyou ni itta n da	高速バスで東京に行ったんだ。	I went to Tokyo by the express bus.	1
kousoku douro de jiko ga kasanatta	高速道路で事故が重なった。	There was one accident after another on the highway.	1
sokutatsubin nara ashita no gozenchuu ni todokimasu	速達便なら明日の午前中に届きます。	It will arrive tomorrow morning if you send it by express mail.	1
kinou ha osoku made zangyou shimashita	昨日は遅くまで残業しました。	I worked overtime till late yesterday.	1
guzuguzu shite iru to densha ni noriokuremasu yo	ぐずぐずしていると電車に乗り遅れますよ。	You'll miss the train if you dilly-dally.	1
shoubu ha mada hajimatta bakari yo	勝負はまだ始まったばかりよ。	The match has just started.	1
shingakki ga hajimatta ne	新学期が始まったね。	A new semester has started.	1
akichi de kouji ga hajimatta	空き地で工事が始まった。	Construction started in the vacant lot.	1
kaisha no shigyoujikan ni girigiri de maniatta yo	会社の始業時間にぎりぎりで間に合ったよ。	I just made it in time for the start of work.	1
oodoori de pareedo ga hajimaru yo	大通りでパレードが始まるよ。	The parade starts in the main street.	1
akegata ni ame ga furihajimemashita ne	明け方に雨が降り始めましたね。	It began to rain at dawn.	1
kinou seiri ga hajimatta no	昨日、生理が始まったの。	My period started yesterday.	1
kyou kara shingakki ga hajimarimasu	今日から新学期が始まります。	The new semester starts today.	1
ooku no bunmei ha kawa no chikaku de hajimatta	多くの文明は川の近くで始まった。	A lot of civilizations started by a river.	1
toukyouyuki no saishuu densha ha nanji desu ka	東京行きの最終電車は何時ですか。	What time is the last train for Tokyo?	1
densha no shuuten de orimashita	電車の終点で降りました。	I got off at the terminal.	1
sono heya ha shijuu hito ga deiri shite iru ne	その部屋は始終、人が出入りしているね。	People keep going in and out of the room.	1
shuuden ni yatto maniatta	終電にやっと間に合った。	I was just in time for the last train.	1
kai ha gogo kuji ni owarimashita	会は午後9時に終わりました。	The meeting ended at 9:00 pm.	1
narubeku hayaku shigoto wo owarasete kudasai	なるべく早く仕事を終わらせてください。	Please complete your work as early as possible.	1
watashi ha buji ni yakume wo oeta yo	私は無事に役目を終えたよ。	I completed the duties without incident.	1
genchi no tenki ha ame desu	現地の天気は雨です。	The local weather is rain.	1
jiko genba ni ha hairemasen	事故現場には入れません。	You can't enter the accident scene.	1
koko ni ha genjuusho wo kaite kudasai	ここには現住所を書いてください。	Please write your current address here.	1
tonikaku genba he itte mimashou	とにかく現場へ行ってみましょう。	Anyway, let's go to the site.	1
kyou ha ryouri no jisshuu ga atta	今日は料理の実習があった。	Today we had cooking practice.	1
booru ga haya sugite uketomerare nakatta no	ボールが速過ぎて受け止められなかったの。	The ball was so fast that I couldn't catch it.	1
watashi ga konoyo ni sei wo ukete hachijuunen ga sugita wa	私がこの世に生を受けて80年が過ぎたわ。	More than 80 years have passed since I came into this world.	1
yasumi no hi ha uchi de nonbiri sugoshimasu	休みの日は家でのんびり過ごします。	I spend my days off relaxing at home.	1
kyonen no deeta wo misete kudasai 。	去年のデータを見せてください。	Please show me last year's data.	1
asu ha iyoiyo shuppatsu no hi desu	明日はいよいよ出発の日です。	At last we will set off tomorrow.	1
deha watashitachi ha sakini shuppatsu shimasu	では、私たちは先に出発します。	Right, we will set off before you.	1
shihatsu no densha ni norimashita	始発の電車に乗りました。	I took the first train.	1
watashitachi ha shuppatsu wo ichinichi okurashita no	私たちは出発を1日遅らしたの。	We delayed our departure one day.	1
atarashii kuruma ga hatsubai sareta	新しい車が発売された。	A new car was put on the market.	1
nippon ha tetsudou ga totemo hattatsu shite imasu	日本は鉄道がとても発達しています。	The railway system in Japan is well developed.	1
sugu soko ni hatsudensho ga arimasu	すぐそこに発電所があります。	There's a power plant near here.	1
juudai na happyou ga arimasu	重大な発表があります。	I have an important announcement.	1
kono kimochi wo umaku iiarawasemasen	この気持ちをうまく言い表わせません。	I can't express this feeling well.	1
ken no daihyou ha nimei desu	県の代表は2名です。	There are two representatives of the prefecture.	1
sensei ga tegami wo kudasaimashita	先生が手紙を下さいました。	The teacher gave me a letter.	1
kono youshi ni namae wo kaite kudasai	この用紙に名前を書いてください。	Please write your name on this form.	1
sono ninki aidoru ga kongetsu no hyoushi da yo	その人気アイドルが今月の表紙だよ。	The popular star is on the cover this month.	1
tesuto wo hakushi de dashita no	テストを白紙で出したの。	I handed in my test answer sheet completely blank.	1
sono e ha ikken ni atai shimasu yo	その絵は一見に値しますよ。	That painting is worth a look.	1
sono ko ha ehon ga daisuki desu	その子は絵本が大好きです。	That child loves picture books.	1
kono e ha totemo neuchi ga arimasu	この絵はとても値打ちがあります。	This painting is very valuable.	1
sono zasshi ha nen ni 4 kai hakkou sarete iru n da	その雑誌は年に4回発行されているんだ。	The magazine is issued four times a year.	1
kono supiikaa ha oto ga ii desu ne	このスピーカーは音がいいですね。	The sound of this speaker is good.	1
kono kanji no onyomi ha nan desu ka	この漢字の音読みは何ですか。	What's the Chinese-derived reading of this kanji?	1
kono tango wo hatsuon shite kudasai	この単語を発音してください。	Please pronounce this word.	1
monooto ga shita no de mi ni itta	物音がしたので見に行った。	I heard a noise so I went to look.	1
supiikaa no oto ga yakamashii na	スピーカーの音がやかましいな。	The sound coming from the speaker's too loud.	1
yotto de kuruujingu wo tanoshimimashita wa	ヨットでクルージングを楽しみましたわ。	I enjoyed cruising on the yacht.	1
kyou no ensoku ha yohodo tanoshikatta rashii	今日の遠足はよほど楽しかったらしい。	Today's excursion seems to have been really good fun.	1
kono saito de ha ongaku wo museigen de daunroodo dekiru	このサイトでは音楽を無制限でダウンロードできる。	You get unlimited music downloads on this site.	1
9 gatsu ni ha tsukimi wo tanoshimimasu	9月には月見を楽しみます。	We enjoy moon viewing in September.	1
ensoku ga tanoshimi de wakuwaku shite imasu	遠足が楽しみでわくわくしています。	I'm looking forward to the trip, so I'm really excited.	1
kusuri wo gokunto nomikonda n da	薬をごくんと飲み込んだんだ。	I swallowed the medicine in one gulp.	1
yakkyoku de megusuri wo kaimashita	薬局で目薬を買いました。	I bought some eye drops at the drugstore.	1
karaoke de omoikiri utatta no	カラオケで思い切り歌ったの。	I sang karaoke to my heart's content.	1
karaoke de omoikiri utatta no	カラオケで思い切り歌ったの。	I sang karaoke to my heart's content.	1
kyou ha shokuyoku ga arimasen	今日は食欲がありません。	I have no appetite today.	1
amari yoku wo dashi cha dame da yo	あまり欲を出しちゃだめだよ。	Don't be too greedy.	1
asoko no sankukaku ha uridashichuu desu	あそこの3区画は売り出し中です。	Those three sections are on sale.	1
kondo no uiikuendo ha eiga wo mimasu	今度のウィークエンドは映画を見ます。	I am going to watch a movie this weekend.	1
tousho no keikaku de ha motto hayaku owaru hazu deshita	当初の計画ではもっと早く終わるはずでした。	According to the initial plan, it should have finished sooner.	1
daitai hajime kara muri na keikaku datta no da	大体、初めから無理な計画だったのだ。	To be fair, it was a far-fetched plan from the beginning.	1
terebi no gamen ga akaru sugiru	テレビの画面が明るすぎる。	The TV screen is too bright.	1
minamo ni tsuki ga utsutte iru ne	水面に月が映っているね。	The moon is reflected in the surface of the water.	1
tsuki no hyoumen ni ha kureetaa ga takusan aru ne	月の表面にはクレーターがたくさんあるね。	There are a lot of craters on the surface of the moon.	1
koko ga ichiban omoshiroi bamen desu	ここがいちばん面白い場面です。	This is the most interesting place.	1
omoshiroi dekigoto ga arimashita	面白い出来事がありました。	Something interesting happened.	1
watashi no ie ha kawa ni menshite imasu	私の家は川に面しています。	My house faces the river.	1
tenisukooto no hanmen wo tsukatte shiai wo shita no	テニスコートの半面を使って試合をしたの。	We played tennis using one side of the court.	1
kono eiga ha warini omoshiroi wa	この映画は割に面白いわ。	This movie is rather interesting.	1
bakabakashii eiga da ga omoshirokatta	ばかばかしい映画だが面白かった。	It was an absurd but interesting movie.	1
shishakai no nichiji wo oshiete kudasai	試写会の日時を教えてください。	Please tell me the date of the sneak preview.	1
kono purintaa de shashin wo shutsuryoku dekimasu	このプリンターで写真を出力できます。	You can output pictures with this printer.	1
shinjitsu ha hitotsu desu	真実は一つです。	There is one truth.	1
manatsu no biiru ha oishii	真夏のビールはおいしい。	Beer is delicious in midsummer.	1
ima ha shiken no massaichuu desu	今は試験の真っ最中です。	I'm right in the middle of examinations.	1
arukooru ha mushoku desu	アルコールは無色です。	Alcohol is colorless.	1
watashi no heya ha chouhoukei desu	私の部屋は長方形です。	My room is rectangular.	1
koko ha nadaraka na chikei desu	ここはなだらかな地形です。	The landscape here features gentle slopes.	1
kogata no suutsukeesu wo kaimashita	小型のスーツケースを買いました。	I bought a small suitcase.	1
atarashii kata no kamera wo kaimashita	新しい型のカメラを買いました。	I bought a new-model camera.	1
kono kuni ni ha samazama na jinshu ga imasu	この国には様々な人種がいます。	There are many ethnic groups in this country.	1
purantaani tomato no tane wo makimashita 。	プランターにトマトの種をまきました。	I planted tomato seeds in the planter.	1
jinrui ha nihon no ashi de arukimasu	人類は2本の足で歩きます。	Humans walk on two feet.	1
deha sassoku shorui wo ookuri shimasu	では早速書類をお送りします。	I will send the documents immediately.	1
shiyakusho de shorui wo moratte kita no	市役所で書類をもらって来たの。	I got the documents at the city office.	1
shorui wo juumai kopii shimashita	書類を10枚コピーしました。	I made ten copies of the document.	1
kuyakusho ni shorui wo todokete kudasai	区役所に書類を届けてください。	Please deliver the document to the ward office.	1
korera no hon wo bunrui shite kudasai	これらの本を分類してください。	Please classify these books.	1
shorui wo yuusou shite kudasai	書類を郵送してください。	Please mail the documents.	1
hiru no teishoku ha 3 shurui arimasu	昼の定食は3種類あります。	There are three kinds of set lunches.	1
shorui ha kono fairu ni tojite kudasai	書類はこのファイルにとじてください。	Put the documents in this file.	1
tomokaku ichido kangaenaoshimashou	ともかく一度考え直しましょう。	At any rate, let's rethink this one more time.	2
shigoto ga yarinaoshi ni natta	仕事がやり直しになった。	My work had to be re-done.	1
isoi de yarinaoshimasu。	急いでやり直します。	I'll re-do it immediately.	1
kore ha watashi no chokutsuu no denwa bangou desu 。	これは私の直通の電話番号です。	This is my direct telephone number.	1
taifuu ga sekkin shite imasu ne	台風が接近していますね。	A typhoon is approaching.	1
kodomo ga doubutsu ni sessuru no ha yoi koto desu	子供が動物に接するのは良いことです。	It is good for children to have contact with animals.	1
atarashii shigoto no mensetsu ni itte kimashita	新しい仕事の面接に行ってきました。	I went to an interview for a new job.	1
untenshu ga musen de hanashite ita no	運転手が無線で話していたの。	The driver was speaking on the radio.	1
kono kakudo karaha gamen ga mie nikui desu ne	この角度からは画面が見えにくいですね。	It's difficult to see the screen from this angle.	1
nantou no hougaku ni tsuki ga mieru yo	南東の方角に月が見えるよ。	You can see the moon in the southeast.	1
machikado ni kafe ga arimashita	町角にカフェがありました。	There was a cafe on the street corner.	1
kono kyoku ha tenpo ga hayai desu ne	この曲はテンポが速いですね。	The tempo of this tune is fast.	1
koko de chokkaku ni magatte kudasai	ここで直角に曲がってください。	Please make a 90 degree turn here.	1
sono kyoku no dai wo omoidasemasen	その曲の題を思い出せません。	I can't remember the title of the tune.	1
tetsu ha nessuru to magaru n da	鉄は熱すると曲がるんだ。	Iron bends if you heat it.	1
indo de ha eigo ha kyoutsuugo da yo	インドでは英語は共通語だよ。	English is a common language in India.	1
saigo made tomoni ganbarimashou	最後まで共にがんばりましょう。	Let's try our best right to the end.	1
yoake to tomo ni me ga sameta n da	夜明けと共に目が覚めたんだ。	I awoke at daybreak.	1
nisha ga kyoudou de shinseihin wo kaihatsu shita n da	2社が共同で新製品を開発したんだ。	The two companies jointly developed a new product.	1
sansha goudou de shinsaku no happyoukai wo hirakimashita	3社合同で新作の発表会を開きました。	Three companies had a joint presentation for their new products.	1
kono hito to sono hito ha douitsu jinbutsu desu ka	この人とその人は、同一人物ですか。	Are this person and that person the same?	1
yuujin ha watashi ni doujou shite kureta yo	友人は私に同情してくれたよ。	My friend sympathized with me.	1
amerika eigo to igirisu eigo de ha akusento ga chigau koto ga aru ne	アメリカ英語とイギリス英語ではアクセントが違うことがあるね。	There can be a difference in stress between American and British English.	1
koremade no watashi to ha chigaun desu	これまでの私とは違うんです。	I am not the same as before.	1
hito ha sorezore kangaekata ga chigaimasu	人はそれぞれ考え方が違います。	People all have different ideas.	1
onaji taipu de iro no chigau mono ha arimasu ka	同じタイプで色の違うものはありますか。	Do you have the same type in a different color?	1
sumimasen hitochigai deshita	すみません、人違いでした。	I'm sorry I mistook you for someone else.	1
kono futatsu ni ha ooki na chigai ga aru	この二つには大きな違いがある。	There's a big difference between these two.	1
miiteingu no hinichi wo machigaemashita	ミーティングの日日を間違えました。	I mistook the day of the meeting.	1
yuugata ikou ni o denwa wo kudasai	夕方以降にお電話を下さい。	Please call me in the evening.	1
kore ijou zei ga agaru to seikatsu dekinai ne	これ以上税が上がると生活できないね。	If tax goes up any further, we will not be able to make a living.	1
izen seerusuman wo shite ita koto ga arimasu	以前、セールスマンをしていたことがあります。	I have worked as a salesman previously.	1
kyou ha mizu wo 2 rittoru ijou nonda wa	今日は水を2リットル以上飲んだわ。	I drank more than two liters of water today.	1
gaido tsuki no ryokou wo moushikonda no	ガイドつきの旅行を申し込んだの。	I signed up for a conducted tour.	1
gooruden'uiiku ni kaigai ryokou wo shimasu	ゴールデンウィークに海外旅行をします。	I will travel abroad during Golden Week.	1
itaria ryokou no hiyou ha 30 man'en desu	イタリア旅行の費用は30万円です。	The cost of the trip to Italy is 300,000 yen.	1
watashitachi no tabi ha hajime ha yokatta n da	私たちの旅は始めはよかったんだ。	The start of our trip was good.	1
sono bin ha gaikokujin no ryokaku ga ookatta yo	その便は外国人の旅客が多かったよ。	There were a lot of foreign travelers on that flight.	1
ryokan no choushoku ni nori ga demashita 。	旅館の朝食にのりが出ました。	Dried seaweed was served for breakfast at the inn.	1
yatto shukudai wo oeta	やっと宿題を終えた。	At last I have finished my homework.	1
ooini manabi ooini asobinasai	大いに学び、大いに遊びなさい。	Study hard, play hard.	1
itsudemo kigaru ni asobi ni kite kudasai	いつでも気軽に遊びに来て下さい。	Please feel free to stop by any time.	1
shukudai wo sumasete kara asobinasai 。	宿題を済ませてから遊びなさい。	Play after you finish doing your homework.	1
kodomotachi ga ikiikito asonde iru ne	子供たちが生き生きと遊んでいるね。	The kids are playing vigorously.	1
otona mo kodomo mo mazatte asonda no	大人も子供も交ざって遊んだの。	Adults and children played together.	1
yuushoku ni wafuu pasuta wo tsukutta yo	夕食に和風パスタを作ったよ。	I made Japanese-style pasta for supper.	1
watashi ha washoku ga suki desu	私は和食が好きです。	I like Japanese food.	1
kono kyoku wo kiku to kimochi ga yawaragimasu	この曲を聞くと気持ちが和らぎます。	When I hear this tune, I feel at ease.	1
ano uchi no toire ha washiki desu	あの家のトイレは和式です。	The toilet in that house is Japanese style.	1
watashi ha youfuu no ie ni sunde imasu	私は洋風の家に住んでいます。	I live in a Western-style house.	1
watashi ha shuu ni 3 bon youga wo mimasu	私は週に3本洋画を見ます。	I watch three foreign films a week.	1
kinou no bangohan ha youshoku deshita	昨日の晩御飯は洋食でした。	Last night's dinner was Western food.	1
watashi no gakkou ni ha seifuku ga arimasen	私の学校には制服がありません。	There is no uniform in my school.	1
kono fuku ha jouge setto de kaimashita	この服は上下セットで買いました。	I bought these clothes as a top and bottoms set.	1
kono fuku watashi ni ha yaya chiisai mitai	この服、私にはやや小さいみたい。	It looks like these clothes are a little small on me.	1
kono fuku ha anata ni pittari desu ne	この服はあなたにぴったりですね。	These clothes suit you perfectly.	1
fuku ga ame de bishobisho ni natta yo	服が雨でびしょびしょになったよ。	My clothes got soaked in the rain.	1
kono fuku ha ooki sugite dabudabu desu	この服は大き過ぎてだぶだぶです。	These clothes are too big and baggy.	1
ame no hi ha kodomo wo shitsunai de asobasemasu	雨の日は子供を室内で遊ばせます。	I have the kids play indoors on rainy days.	1
machiaishitsu ha totemo konde ita yo	待合室はとても込んでいたよ。	The waiting room was very crowded.	1
kono teeburu ha youshitsu ni awanai	このテーブルは洋室に合わない。	This table is not suited to a Western-style room.	1
mado no soto ni suiden ga hirogatte ita yo	窓の外に水田が広がっていたよ。	A sweep of rice field appeared outside the window.	1
madogarasu ni hibi ga haitta yo	窓ガラスにひびが入ったよ。	There's a crack in the window pane.	1
chichi no shujutsu ga buji ni sumimashita	父の手術が無事に済みました。	My father's operation came off without a hitch.	1
chichi ha jounetsu wo motte shigoto ni uchikonde imasu	父は情熱を持って仕事に打ち込んでいます。	My father is devoting himself to work with zeal.	1
chichi no ibiki ha ookii n da	父のいびきは大きいんだ。	My father snores loudly.	1
watashi no chichi ha daiku desu	私の父は大工です。	My father's a carpenter.	1
chichi ga ryohi wo dashite kuremashita	父が旅費を出してくれました。	My father paid for my travel expenses.	1
chichi ga nagai tegami wo yokoshita yo	父が長い手紙をよこしたよ。	My father sent a long letter.	1
haha no teryouri wo yukkuri ajiwaimashita	母の手料理をゆっくり味わいました。	I took my time savoring my mother's homemade cooking.	1
haha ha mainichi tekipaki to kaji wo shite iru yo	母は毎日てきぱきと家事をしているよ。	My mother zips through housework every day.	1
tsuki ni ichido haha kara tayori ga kimasu	月に一度母から便りが来ます。	I get a letter from my mother once a month.	1
jikka no haha kara denpou ga kimashita	実家の母から電報が来ました。	A telegram came from my mother at home.	1
haha ga denwa de nagabanashi wo shite iru n da	母が電話で長話をしているんだ。	My mother is having a long talk on the telephone.	1
haha ha itsumo watashi no mikata desu	母はいつも私の味方です。	My mother always looks out for me.	1
goshinsetsu ha kesshite wasuremasen	ご親切は決して忘れません。	I will never forget your kindness.	1
shinrui no ie ni yonenkan geshuku shimashita	親類の家に4年間下宿しました。	I boarded at a relative's house for four years.	1
kirisuto no hahaoya no namae ha maria da	キリストの母親の名前はマリアだ。	Christ's mother's name is Maria.	1
onna no ko ha hanashikata made hahaoya ni niru wa ne	女の子は話し方まで母親に似るわね。	The girl even talks like her mother.	1
ano oyako ha sokkuri da ne	あの親子はそっくりだね。	That parent and child look alike.	1
koko no suizokukan ni ha iruka ga imasu	ここの水族館にはイルカがいます。	There is a dolphin in the aquarium here.	1
depaato no saimatsu oouridashi ga hajimatta yo	デパートの歳末大売出しが始まったよ。	Year-end sales have begun at the department stores.	1
watashi no papa ha 36 sai desu	私のパパは36歳です。	My dad is 36 years old.	1
ane to watashi ha fuku no konomi ga nite imasu	姉と私は服の好みが似ています。	My elder sister and I have the same taste in clothes.	1
ane ha daigaku ni zaigaku shite imasu	姉は大学に在学しています。	My elder sister studies at university.	1
ane ha sutando no shita de hon wo yonde ita n da	姉はスタンドの下で本を読んでいたんだ。	My elder sister was reading a book by the desk lamp.	1
ane ha yoku tabi wo shimasu	姉はよく旅をします。	My big sister often travels.	1
uchi ha sannin shimai desu	うちは3人姉妹です。	There are three girls in my family, myself and two sisters.	1
fukei no katagata ha kochira he douzo	父兄の方々はこちらへどうぞ。	This way please, parents.	1
kinou otouto to kuchigenka shimashita	きのう、弟と口げんかしました。	I quarreled with my younger brother yesterday.	1
watashi ni ha shigoto ga daiichi desu	私には仕事が第一です。	My first priority is my job.	1
musume ha shiritsu no gakkou ni kayotte imasu	娘は市立の学校に通っています。	My daughter goes to a municipal school.	1
musume ha yoku watashi no mane wo shimasu	娘はよく私のまねをします。	My daughter often copies me.	1
kyuusoku wo toru koto ha taisetsu desu	休息をとることは大切です。	It's important to take breaks.	1
musuko ha gakkou de yomikaki wo benkyou shite imasu	息子は学校で読み書きを勉強しています。	My son studies reading and writing at school.	1
musuko ha mokka benkyouchuu desu	息子は目下勉強中です。	My son is in the middle of studying.	1
watashi no musuko ha hidarikiki desu	私の息子は左利きです。	My son is left-handed.	1
wakamonotachi ha enerugii ni afurete imasu ne	若者たちはエネルギーにあふれていますね。	Young people are always full of energy.	1
futari no sousha ha douji ni gooru shita yo	二人の走者は同時にゴールしたよ。	The two runners reached the goal at the same time.	1
sousha ga tsugitsugini gooru shimashita	走者が次々にゴールしました。	Runners reached the goal one after another.	1
wakamono ha tairyoku ga arimasu ne	若者は体力がありますね。	Young people have a lot of stamina.	1
nichiyoubi ha kono toori ga hokoushatengoku ni narimasu	日曜日はこの通りが歩行者天国になります。	This street is turned into a vehicle-free promenade on Sundays.	1
watashi ha sakihodo denwa shita mono desu	私は先ほど電話した者です。	I'm the person who called a while earlier.	1
kanojo ha intaanetto wo katsuyou shite iru no	彼女はインターネットを活用しているの。	She makes use of the Internet.	1
kare no koudou ha rikai dekinai	彼の行動は理解できない。	I can't understand his conduct.	1
kare ha eigyou wo tantou shiteimasu 。	彼は営業を担当しています。	He is in charge of sales.	1
izen kare ha kono machi ni sunde ita n da	以前彼はこの町に住んでいたんだ。	He used to live in this town.	1
kare ha kaisha no juuyou na jinbutsu desu	彼は会社の重要な人物です。	He is an important person in the company.	1
kare ha jinji wo tantou shite iru n da	彼は人事を担当しているんだ。	He is in charge of personnel affairs.	1
kanojo ha kurabu no kaiin desu	彼女はクラブの会員です。	She's a member of the club.	1
watashi ha kare to onaji sedai desu	私は彼と同じ世代です。	I am of the same generation as him.	1
kanojo ha shokuji wo seigen shite imasu	彼女は食事を制限しています。	She is restricting her diet.	1
kanojo no yousu ga itsumo to chigau	彼女の様子がいつもと違う。	She looks different than usual.	1
kare no kaisha ha iten shita yo	彼の会社は移転したよ。	His company relocated.	1
kare ha sakka de ari gakusha desu	彼は作家であり学者です。	He is a writer and a scholar.	1
sore irai kanojo ni attenai	それ以来彼女に会ってない。	I haven't met her since then.	1
kanojo ha yuumei na sakka desu	彼女は有名な作家です。	She is a well-known writer.	1
kanojo ha saikin genki ga nai desu ne	彼女は最近元気がないですね。	She has been in low spirits recently.	1
kare ha jikken wo kokoromita no yo	彼は実験を試みたのよ。	He tried the experiment.	1
kanojo ha kyouto no umare desu	彼女は京都の生まれです。	She was born in Kyoto.	1
kare ha bijinesukurasu ni notta no	彼はビジネスクラスに乗ったの。	He traveled business class.	1
kare ni aeba kare ga ikani ii hito ka wakarimasu	彼に会えば、彼がいかに良い人か分かります。	If you met him you'd realize what a nice person he is.	1
kanojo ha shokku de kuchi mo kikenakatta wa	彼女はショックで口もきけなかったわ。	She was too shocked to speak.	1
kanojo ha yuunou na jaanarisuto da	彼女は有能なジャーナリストだ。	She is an able journalist.	1
kanojo ha moderu no you ni sutairu ga ii ne	彼女はモデルのようにスタイルがいいね。	With her good figure, she looks like a model.	1
kanojotachi ha sorezore kosei ga tsuyoi desu ne	彼女たちはそれぞれ個性が強いですね。	Each of those women has a strong personality.	1
kanojo ha rajiokyoku de hataraite imasu	彼女はラジオ局で働いています。	She works for a radio station.	1
kare ha koukou no kyouin desu	彼は高校の教員です。	He's a high school teacher.	1
kare ha kazukazu no meisaku wo umidashita	彼は数々の名作を生み出した。	He produced a number of masterpieces.	1
kare ga ii aidea wo dashita ne	彼がいいアイデアを出したね。	He came up with a good idea.	1
kare ha ikanimo supootsuman rashii desu ne	彼はいかにもスポーツマンらしいですね。	He indeed looks like a sportsman.	1
kare ha ikken sarariimanfuu desu ne	彼は一見サラリーマン風ですね。	He looks like a businessman at a glance.	1
kare ha wakai no ni shikkari shiteru ne	彼は若いのにしっかりしてるね。	He is reliable even though he is young.	1
kare ha kyou haitta bakari no shinjin desu	彼は今日入ったばかりの新人です。	He is a newcomer who just started today.	1
kare ha kyuujin koukoku de shigoto wo mitsuketa n da	彼は求人広告で仕事を見つけたんだ。	He found a job through a recruiting ad.	1
kanojo ha onna no ko wo shussan shita n da	彼女は女の子を出産したんだ。	She gave birth to a girl.	1
kare ha sono toki sutaa datta yo 。	彼はその時スターだったよ。	He was a star at the time.	1
kare ha arukooru ni tsuyoi taishitsu desu	彼はアルコールに強い体質です。	He has a disposition to hold his liquor.	1
kare ha watashi yori hito gakunen ue desu	彼は私より一学年上です。	He's one year above me in school.	1
kare no jakuten ha sutamina ga tarinai tokoro desu	彼の弱点はスタミナが足りないところです。	His weakness is that he lacks stamina.	1
kare ha daigaku de kougaku wo benkyou shimashita	彼は大学で工学を勉強しました。	He studied engineering in college.	1
kare ha yatto houkokusho wo shiageta yo	彼はやっと報告書を仕上げたよ。	He finally finished up the report.	1
kare ha suteeji ni tatta yo	彼はステージに立ったよ。	He stood on the stage.	1
kare no adobaisu ha itsumo arigatai wa ne	彼のアドバイスはいつも有り難いわね。	His advice is always welcome.	1
kare ha watashi no shinyuu desu	彼は私の親友です。	He is a close friend.	1
kare ha amachua ongakuka desu	彼はアマチュア音楽家です。	He is an amateur musician.	1
kanojo ha gogakuryoku wo shigoto ni ikashite iru ne	彼女は語学力を仕事に生かしているね。	She takes advantage of her language ability in her work.	1
kanojo ha seikaku ga kitsui yo ne	彼女は性格がきついよね。	She has a strong personality.	1
kare ha kenkyuu ni uchikonde imasu	彼は研究に打ち込んでいます。	He is dedicated to his research.	1
kare ha kouhou no zaseki ni tsuita no	彼は後方の座席に着いたの。	He sat down on a rear seat.	1
kanojo ha eibun no tegami wo kakimashita	彼女は英文の手紙を書きました。	She wrote an English letter.	1
kanojo no itte iru koto ga sappari wakaranai no	彼女の言っていることがさっぱり分からないの。	I can't understand what she says at all.	1
kare ha ganrai majime na hito desu	彼は元来、真面目な人です。	He is essentially a serious person.	1
kare ha shusse suru taipu da na	彼は出世するタイプだな。	He is the successful type.	1
kanojo ha kossori daietto wo hajimeta no	彼女はこっそりダイエットを始めたの。	She started dieting in secret.	1
kono haru ni kare ha shakaijin ni natta yo	この春に彼は社会人になったよ。	He became a working adult this spring.	1
kare kara omoigakenai koto wo kiita	彼から思いがけないことを聞いた。	I heard something unexpected from him.	1
kare ha asa kara ban made sesseto hataraita no	彼は朝から晩までせっせと働いたの。	He worked hard from morning till night.	1
kare ha kiryoku ni afurete imasu ne	彼は気力にあふれていますね。	He really has energy to spare.	1
kare ha ichiichi watashi ni sashizu suru	彼はいちいち私に指図する。	He gives me instructions on everything.	1
kare ha un no ii otoko desu	彼は運のいい男です。	He is a lucky man.	1
kanojo ha ki ga kiite iru	彼女は気が利いている。	She's very thoughtful.	1
kare ha kenritsu no koukou ni kayotte iru yo	彼は県立の高校に通っているよ。	He goes to the prefectural high school.	1
kare no hanashi ha itsumo oobaa desu	彼の話はいつもオーバーです。	His story is always exaggerated.	1
kare ha jinsei no shinri wo motomete tabi ni deta	彼は人生の真理を求めて旅に出た。	He went on a journey in search of the true meaning of life.	1
kanojo ha kurashikku ongaku ga suki desu	彼女はクラシック音楽が好きです。	She likes classical music.	1
kare no hanashi ha oogesa da	彼の話は大げさだ。	His story is exaggerated.	1
kare ha keizai gakubu no gakusei desu	彼は経済学部の学生です。	He is a student in the Department of Economics.	1
kare no musuko ga iede shita sou yo	彼の息子が家出したそうよ。	I hear that his son left home.	1
kanojo ha ikebana no sensei desu	彼女は生け花の先生です。	She is a flower arrangement teacher.	1
kanojo ha infuruenza ni kakatte imasu ne	彼女はインフルエンザにかかっていますね。	She has come down with the flu.	1
kare ha itsumo jiipan wo haite iru ne	彼はいつもジーパンをはいているね。	He always wears jeans.	1
kare ha ooki na nimotsu wo katsuide kita no	彼は大きな荷物を担いで来たの。	He came carrying large luggage.	1
kanojo ha terebi no komaasharu ni dete iru wa	彼女はテレビのコマーシャルに出ているわ。	She is appearing in a TV commercial.	1
kare ha saikyou chiimu no ichiin desu	彼は最強チームの一員です。	He is a member of the strongest team.	1
kanojo ha wakamono no aidoru desu	彼女は若者のアイドルです。	She is a youth icon.	1
kare ha tokidoki imouto wo karakaimasu	彼は時々妹をからかいます。	He sometimes makes fun of his younger sister.	1
kare ni ha kashi ga aru no	彼には貸しがあるの。	He owes me one.	1
kare ha gonin kyoudai no suekko desu	彼は5人兄弟の末っ子です。	He is the youngest of five siblings.	1
kare ha ekichou desu	彼は駅長です。	He is a stationmaster.	1
kare ni shokuji wo ogotte moratta	彼に食事をおごってもらった。	He bought me a meal.	1
kanojo no ichiban no tanoshimi ha shoppingu desu	彼女のいちばんの楽しみはショッピングです。	Her greatest pleasure is shopping.	1
kare ha itsumo sumaato ni koudou suru ne	彼はいつもスマートに行動するね。	He always acts sophisticatedly.	1
kanojo ha itsumo kikite ni mawaru ne	彼女はいつも聞き手にまわるね。	She always turns to the listener.	1
kare ha sangurasu ga niau ne	彼はサングラスが似合うね。	Sunglasses suit him.	1
kanojo ha kitchiri sanji ni kita wa	彼女はきっちり3時に来たわ。	She came at three o'clock precisely.	1
kanojo ha makezu ni iikaeshita no	彼女は負けずに言い返したの。	She talked back just as much.	1
kare ha iyarashii otoko ne	彼はいやらしい男ね。	He's a nasty man.	1
kare ha agura wo kaite shabette imasu ne	彼はあぐらをかいてしゃべっていますね。	He is talking while sitting cross-legged.	1
kanojo ha kitchin de yuushoku wo tsukutte imasu	彼女はキッチンで夕食を作っています。	She is preparing dinner in the kitchen.	1
kare ha kanemochi da kedo kechi ne	彼は金持ちだけど、けちね。	He is rich but stingy.	1
kanojo ha onnarashii	彼女は女らしい。	She's feminine.	1
kare ha kyuuyou de kaerimashita	彼は急用で帰りました。	He went home on urgent businness.	1
kanojo ha asa kara iraira shite iru	彼女は朝からいらいらしている。	She's been feeling irritated since this morning.	1
kare no hanashi ni watashi ha aizuchi wo utta no	彼の話に私はあいづちを打ったの。	I chimed in as he spoke.	1
sore ha kanojo no kitai no araware desu	それは彼女の期待の現れです。	It is a manifestation of her expectations.	1
kare ha uwasa wo uchikeshita wa yo	彼はうわさを打ち消したわよ。	He denied the rumor.	1
kare no adana ha 「 riki 」 desu 。	彼のあだなは「りき」です。	"His nickname is ""Ricky."""	1
saikin kare no tokoro ni ikiki shite nai no	最近彼のところに行き来してないの。	I haven't been to his place lately.	1
kare ha itsunomani inaku natta no	彼はいつのまにいなくなったの。	When did he leave?	1
kare ha ueshita osoroi no fuku wo kiteimasu ne 。	彼は上下おそろいの服を着ていますね。	He is wearing a matching top and bottom.	1
kare ha utsumuite nanika wo kangaete iru ne	彼はうつむいて何かを考えているね。	He is thinking of something with his head down.	1
kare ha hito wo odateru no ga jouzu desu	彼は人をおだてるのが上手です。	He is good at flattering people.	1
kare ha mizu wo gabugabu nonda n da	彼は水をがぶがぶ飲んだんだ。	He gulped down the water.	1
kare ha tomodachi ni shakkin wo shita n da	彼は友達に借金をしたんだ。	He borrowed money from a friend.	1
watashi ha tada kanojo to hanashitakatta dake desu	私はただ彼女と話したかっただけです。	I just wanted to speak with her.	1
kanojo no shigoto ha deeta no nyuuryoku desu	彼女の仕事はデータの入力です。	Her job is inputting data.	1
kanojo ha 2 sai no ko no hahaoya desu	彼女は2才の子の母親です。	She's the mother of a two-year-old kid.	1
kare ha ashita mekishiko he tachimasu	彼は明日メキシコへ発ちます。	He will leave for Mexico tomorrow.	1
kanojo no yousu wo mite kimasu	彼女の様子を見てきます。	I'm going to see how she's doing.	1
kare ha koukou jidai kara no yuujin desu	彼は高校時代からの友人です。	He's my old friend from high school.	1
kare no chichioya ha sensei desu 。	彼の父親は先生です。	His father is a teacher.	1
watashi ha kare no yarikata ni ha fuman desu	私は彼のやり方には不満です。	I'm dissatisfied with his way of doing things.	2
kare ha chiimu no ichiin desu	彼はチームの一員です。	He's a member of the team.	1
kare ha bijinesukurasu ni notta no	彼はビジネスクラスに乗ったの。	He traveled business class.	1
kare ha ryokou no chokuzen ni netsu ga deta no	彼は旅行の直前に熱が出たの。	He got a fever just before going on holiday.	1
kare ha yuunou na chiji ne	彼は有能な知事ね。	He's a capable governor.	1
kare ha marude kodomo no you ni hashaida yo	彼はまるで子供のようにはしゃいだよ。	He froliced just like a kid.	1
watashi to kare ha onaji nendai desu	私と彼は同じ年代です。	He and I are the same generation.	1
kare ha toshin ni sunde imasu	彼は都心に住んでいます。	He lives downtown.	1
kanojo ha 4 nenkan nesshin ni benkyou shita wa	彼女は4年間熱心に勉強したわ。	She studied hard for four years.	1
kare ha dai no sakkaafan desu	彼は大のサッカーファンです。	He's a huge soccer fan.	1
kare ha mukashi doitsu no taishi deshita	彼は昔、ドイツの大使でした。	He was ambassador to Germany a long time ago.	1
kare ha naganen no yuujin desu	彼は長年の友人です。	He's an old friend of mine.	1
kare no koto wo minaoshimashita	彼のことを見直しました。	I changed my opinion of him.	1
kare ha tokai de no seikatsu wo tanoshinde iru no	彼は都会での生活を楽しんでいるの。	He's enjoying city life.	1
kare ha 30 dai no nakaba desu	彼は30代の半ばです。	He's in his mid-thirties.	1
kare ha baishuu sareta rashii wa	彼は買収されたらしいわ。	He was bribed, apparently.	1
kare ha sukeeto no puro desu	彼はスケートのプロです。	He's a professional skater.	1
kare ha sakunen nyuusha shita no	彼は昨年入社したの。	He joined the company last year.	1
kare ha atarashii aidea wo sugu toriiremasu	彼は新しいアイデアをすぐ取り入れます。	He's quick to adopt new ideas.	1
kare ha megane wo hazushimashita	彼はメガネを外しました。	He removed his glasses.	1
kare ha kyuu ni tachiagatta no	彼は急に立ち上がったの。	He suddenly stood up.	1
kanojo ha chuusei no ongaku ga suki desu	彼女は中世の音楽が好きです。	She likes medieval music.	1
kare ha migoto na janpu wo miseta ne	彼は見事なジャンプを見せたね。	He showed us a splendid jump.	1
kanojo ha e ga nakanaka jouzu desu	彼女は絵がなかなか上手です。	She's pretty good at painting.	1
kanojo ni ha higoro kara osewa ni natte imasu	彼女には日ごろからお世話になっています。	I'm indebted to her since she helps me on a daily basis.	1
kare ha pairotto desu	彼はパイロットです。	He's a pilot.	1
kare no ie ha hito no deiri ga ooi ne	彼の家は人の出入りが多いね。	There are a lot of people going in and out his house.	1
kare ha beteran no untenshu desu	彼はベテランの運転手です。	He's an experienced driver.	1
kare ha ima furi na tachiba ni imasu	彼は今、不利な立場にいます。	He's at a disadvantage now.	1
kare ha shigoto no honshitsu wo yoku rikai shite iru wa ne	彼は仕事の本質をよく理解しているわね。	He understands the essence of the work well.	1
kare ha totemo hayai peesu de hashitte iru ne	彼はとても早いペースで走っているね。	He's running at a very fast pace.	1
kare ha marason ni shutsujou shita yo	彼はマラソンに出場したよ。	He participated in the marathon.	1
kanojo ha hongoku ni kaerimashita	彼女は本国に帰りました。	She returned to her native land.	1
kare ha mainichi toreeningu wo suru no	彼は毎日トレーニングをするの。	He works out every day.	1
kare ha hougen de hanashimasu	彼は方言で話します。	He speaks in a dialect.	1
kanojo ha toubun gakkou wo yasumu sou desu	彼女は当分学校を休むそうです。	It seems she'll be absent from the school for some time.	1
kanojo to ryokou no puran wo kangaemashita	彼女と旅行のプランを考えました。	I thought of a travel plan with her.	1
kanojo ha maiku wo motte hanashihajimeta no	彼女はマイクを持って話し始めたの。	She took the microphone and began to speak.	1
kanojo ha musuko wo hikitotta no	彼女は息子を引き取ったの。	She took custody of her son.	1
kare ha tooku wo bonyari mite ita no	彼は遠くをぼんやり見ていたの。	He stared vacantly into the distance.	1
kare ha touyoubunka wo kenkyuu shite iru yo	彼は東洋文化を研究しているよ。	He researches Asian culture.	1
kanojo ha gaikokujin ni majitte dansu wo shita no	彼女は外国人に交じってダンスをしたの。	She mingled with foreigners as she danced.	1
kare ha sono sofutouea wo tameshita no	彼はそのソフトウェアを試したの。	He tested the software.	1
watashi to kare ha kaeru hougaku ga onaji desu	私と彼は帰る方角が同じです。	He and I go home in the same direction.	1
kanojo ha hougakubu no gakusei desu	彼女は法学部の学生です。	She's a student in the Law Department.	1
kanojo ha yuttari shita fuku wo kite imasu ne	彼女はゆったりした服を着ていますね。	She's wearing baggy clothes.	1
shinbun no midashi ga kare no me wo hiita n da	新聞の見出しが彼の目を引いたんだ。	The newspaper article drew his attention.	1
kanojo ha yuumoa no sensu ga arimasu 。	彼女はユーモアのセンスがあります。	She has a sense of humor.	1
kanojo ha mukuchi na hito desu ne	彼女は無口な人ですね。	She's a silent person.	1
kare ha tarento na no de yoku terebi ni dete imasu	彼はタレントなのでよくテレビに出ています。	Since he's a celebrity, he often appears on TV.	1
kare ha tamani ryouri wo shimasu	彼はたまに料理をします。	He cooks occasionally.	1
kanojo ha wafuku ga yoku niau	彼女は和服がよく似合う。	Traditional Japanese clothes suit her well.	1
kanojo ha naishin dokidoki shite imashita yo	彼女は内心どきどきしていましたよ。	Inside, her heart was pounding.	1
kanojo ha totemo yuunou na buka desu	彼女はとても有能な部下です。	She's a very capable subordinate.	1
kare ha totemo taikaku ga ii wa	彼はとても体格がいいわ。	He has a very nice body.	1
kare ha wazato maketa you ni mieta na	彼はわざと負けたように見えたな。	It looked like he lost on purpose.	1
kare nara tokkuni kaerimashita yo	彼ならとっくに帰りましたよ。	He's already gone home.	1
kanojo ha shiroi wanpiisu wo kite ita yo	彼女は白いワンピースを着ていたよ。	She was wearing a white dress.	1
sore ha kanojo ga tsukuriageta hanashi desu	それは彼女が作り上げた話です。	It's a story that she made up.	1
kare kara tabitabi meeru ga kimasu	彼から度々メールが来ます。	I often get email from him.	1
kare ha puraido ga takai hito desu	彼はプライドが高い人です。	He's a proud person.	1
kare ha omanjuu wo hitokuchi de tabeta no	彼はおまんじゅうを一口で食べたの。	He ate the sweet bun in one mouthful.	1
kanojo no unten ga mazukute harahara shita	彼女の運転がまずくて、はらはらした。	I felt uneasy since her driving was so bad.	1
sugu ni akiramete shimau no ga kare no tansho desu	すぐにあきらめてしまうのが彼の短所です。	His weak point is that he gives up too easily.	1
kare ha kusuri wo ikkini nomikonda	彼は薬を一気に飲み込んだ。	He swallowed all of the medicine in one go.	1
kare ha hige wo hayashite imasu	彼はヒゲを生やしています。	He's growing a beard.	1
kare ha yuumei na bungakusha desu	彼は有名な文学者です。	He's a famous literati.	1
kare ha sukoshi yowaki ni natte imasu	彼は少し弱気になっています。	He's getting a little timid.	1
kanojo ha patto me wo hiraita	彼女はぱっと目を開いた。	She suddenly opened her eyes.	1
watashi to kare ga deatta no ha hitsuzen datta no	私と彼が出会ったのは必然だったの。	It was inevitable that he and I should meet.	1
hyottoshitara kare ha sono koto wo shiranai no kamo shirenai	ひょっとしたら彼はそのことを知らないのかもしれない。	Perhaps he might not know that.	1
kare ha sono e wo zutto mitsumeteita no 。	彼はその絵をずっと見つめていたの。	He was gazing at that painting for a long time.	1
kare ha meue no hito ni totemo ki wo tsukaimasu	彼は目上の人にとても気を使います。	He's very respectful of his seniors.	1
kare ga kono guruupu de ichiban nenchou desu	彼がこのグループで一番年長です。	He's the most senior in this group.	1
kare wo minaratte motto benkyou shimasu	彼を見習ってもっと勉強します。	I'll follow his example and study harder.	1
kare ha munou da	彼は無能だ。	He's incapable.	1
kanojo ha sukaato yori pantsu ga niau ne	彼女はスカートよりパンツが似合うね。	She looks better in pants than in a skirt.	1
kare ha mayonaka ni kaette kita no	彼は真夜中に帰ってきたの。	He came back at midnight.	1
kanojo ha kimono ga yoku niaimasu	彼女は着物がよく似合います。	Kimonos suit her well.	1
kare no ie no toire ha youshiki desu	彼の家のトイレは洋式です。	His house has a Western-style toilet.	1
kanojo ha totemo wakawakashii hito desu	彼女はとても若々しい人です。	She's a very youthful person.	1
kare ha tanki na hito desu	彼は短気な人です。	He's a short-tempered person.	1
kare ha chanpion no taitoru wo torikaeshita ne	彼はチャンピオンのタイトルを取り返したね。	He took back the championship title.	2
karera ha nagoyaka ni shokuji wo shita	彼らは和やかに食事をした。	They ate peacefully.	1
kare no ji ni nisete kakimashita	彼の字に似せて書きました。	I wrote it by imitating his handwriting.	1
kanojo ha nikkori hohoenda	彼女はにっこりほほえんだ。	She smiled broadly.	1
kare to shinjuku de machiawasemashita	彼と新宿で待ち合わせました。	I met him in Shinjuku.	1
kanojo ha nande konain darou	彼女は何で来ないんだろう。	I wonder why she hasn't come.	1
kare ha negiru no ga jouzu desu	彼は値切るのが上手です。	He's good at haggling.	1
kanojo ha motomoto furansu ni iku tsumori datta no	彼女は元々フランスに行くつもりだったの。	She was planning to go to France originally.	1
minna ga kare no yubisasu hou wo mitanda	みんなが彼の指差す方を見たんだ。	Everyone looked in the direction he pointed.	1
tossa ni kare no namae ga detekonakatta 。	とっさに彼の名前が出てこなかった。	I couldn't remember his name momentarily.	1
mikka ni 1 do no wari de kare kara meeru ga kuru no	3日に1度の割りで彼からメールが来るの。	I get e-mails from him at a rate of once every three days.	1
kare ha fudousan no baibai wo shite imasu	彼は不動産の売買をしています。	He buys and sells real estate.	1
kanojo ha machihazure no koujou de hataraite iru yo	彼女は町外れの工場で働いているよ。	She's working in a factory on the outskirts of town.	1
kare no ie ni ha youma ga arimasu	彼の家には洋間があります。	There's a Western-style room in his house.	1
kare ha souru myuujikku wo yoku kiku no	彼はソウルミュージックをよく聞くの。	He often listens to soul music.	1
kanojo ha romanchikku na hito desu	彼女はロマンチックな人です。	She's a romantic person.	1
kanojo ha tankidaigaku de nihon bungaku wo benkyou shimashita	彼女は短期大学で日本文学を勉強しました。	She studied Japanese literature in junior college.	1
itsumo tsukihajime ni kare to aimasu	いつも月初めに彼と会います。	I always meet him at the beginning of the month.	1
kare no namae wo dowasure shita zo	彼の名前を度忘れしたぞ。	His name has completely slipped from my memory.	1
naze ka kare ha niyaniya shite imasu	なぜか彼はにやにやしています。	He's grinning for some reason.	1
kare no heya ni ha mashikaku na mado ga atta n da	彼の部屋には真四角な窓があったんだ。	There was a square window in his room.	1
kanojo ha monooboe ga ii	彼女は物覚えがいい。	She learns things quickly.	1
kanojo mo sonouchi oya no kimochi ga wakaru darou	彼女もその内、親の気持ちが分かるだろう。	Sooner or later, she'll come to understand her parents' feelings.	1
kare ha mukashi kara no chijin desu	彼は昔からの知人です。	He's an old acquaintance.	1
kare ha hitori de nanika tsubuyaite ita no	彼は一人で何かつぶやいていたの。	He was muttering something to himself.	1
kanojo ha tsuyoki na josei desu ne	彼女は強気な女性ですね。	She's a tough woman.	1
amerika de kanojo to deaimashita。	アメリカで彼女と出会いました。	I met her in the United States.	1
kare ha teichingin de hataraite iru n da	彼は低賃金で働いているんだ。	He's working for a low wage.	1
kare ha nanishiro yoku shaberimasu	彼は何しろよくしゃべります。	Anyway, he talks a lot.	1
kare ha nama no sakana ga taberaremasen	彼は生の魚が食べられません。	He can't eat raw fish.	1
kanojo ha watashi wo niranda no	彼女は私をにらんだの。	She glared at me.	1
kare ha benkyou suru shika nou no nai ningen da ne	彼は勉強するしか能のない人間だね。	He's the kind of person who only knows how to study.	1
kare ha zuibun nonki na yatsu da	彼はずいぶんのんきなやつだ。	He's a fairly easygoing guy.	1
kare ha kuruma ni hanerareta kedo buji datta no	彼は車にはねられたけど無事だったの。	He was hit by a car but he was fine.	1
kanojo no jinsei ha barairo datta no 。	彼女の人生はばら色だったの。	Her life was rosy.	1
kare ha yama no fumoto ni sunde iru yo	彼は山のふもとに住んでいるよ。	He lives at the foot of a mountain.	1
kanojo ha makka na hoho wo shiteiru ne 。	彼女は真っ赤なほほをしているね。	Her cheeks are flushed.	2
kanojo ha watashi ni hohoenda yo	彼女は私にほほえんだよ。	She smiled at me.	1
kanojo ha magokoro wo komete kare ni keeki wo tsukutta yo	彼女は真心をこめて彼にケーキを作ったよ。	She put her heart into baking him a cake.	1
machinaka de kanojo ni deatta yo	町中で彼女に出会ったよ。	I met her downtown.	1
kare ga shigoto wo yasumu no ha mare desu	彼が仕事を休むのはまれです。	It's rare that he takes a day off from work.	1
kare ha ichinichijuu mugon datta na	彼は一日中無言だったな。	He was silent all day long.	1
kare ha peeji wo mekutta no	彼はページをめくったの。	He turned the page.	1
kare no shoubai ha moukatte iru rashii ne	彼の商売はもうかっているらしいね。	His business seems to be doing well.	1
kare ha sekai de mottomo hayai otoko desu	彼は世界で最も早い男です。	He's the fastest man in the world.	1
kare no yukue ga wakarimasen	彼の行方が分かりません。	I don't know his whereabouts.	1
kare no yogen ha atatta koto ga nai ne	彼の予言は当たったことがないね。	His predictions have never been correct.	1
kare ha kesshite hito no warukuchi wo iwanai no	彼は決して人の悪口を言わないの。	He never speaks ill of people.	1
kare ha moujiki chichioya ni narimasu	彼はもうじき父親になります。	Soon he'lll become a father.	1
kare ha yatarani hanashikakete kita	彼はやたらに話しかけてきた。	He persistently tried to talk to me.	1
kare ha kekkyoku nani wo iitakatta no darou	彼は結局何を言いたかったのだろう。	I wonder what he wanted to say after all.	1
karera ha tsuyoi yuujou de musubarete iru na	彼らは強い友情で結ばれているな。	They're tied by a strong friendship.	1
kare ha kai no musubi to shite supiichi wo shita yo	彼は会の結びとしてスピーチをしたよ。	He made a speech to close the meeting.	1
futari ha konyaku shite imasu	二人は婚約しています。	They are engaged.	1
nanto karera ha kekkon shita sou desu	何と彼らは結婚したそうです。	I heard that they got married.	1
kanojo ga kekkon shita nante chittomo shiranakatta	彼女が結婚したなんて、ちっとも知らなかった。	I had no idea that she'd gotten married.	1
kare ha mada mikon desu	彼はまだ未婚です。	He's still single.	1
konotabi ha gokekkon omedetou gozaimasu	この度はご結婚おめでとうございます。	Congratulations on your marriage.	1
sore ha kudamono no isshu desu	それは果物の一種です。	It is a kind of fruit.	1
koremade de saikou no kekka ga deta yo	これまでで最高の結果が出たよ。	I got my best results so far.	1
shiai no kekka wo hayaku shiritai	試合の結果を早く知りたい。	I want to know soon the results of the game.	1
kare ha kekka ni manzoku shita you desu	彼は結果に満足したようです。	He seems to be satisfied with the result.	1
hatashite kare ha arawarerudarou ka	果たして彼は現れるだろうか。	Will he really show up in the end?	1
kekka wo moushiagemasu	結果を申し上げます。	I'll announce the results.	1
watashi ha souchou no jogingu wo nikka ni shite imasu	私は早朝のジョギングを日課にしています。	It's my routine to go jogging every morning.	1
kono kusuri ha amari yoku kikanai yo	この薬はあまりよく効かないよ。	This medicine doesn't work very well.	1
sono kusuri ha kouryoku ga tsuyoi yo	その薬は効力が強いよ。	The effect of the medicine is strong.	1
kono kuupon ha mou mukou desu	このクーポンはもう無効です。	This coupon is already invalid.	1
kono doa ha jidou yo	このドアは自動よ。	This door is automatic.	1
jikoku no bunka wo taisetsu ni shimashou	自国の文化を大切にしましょう。	Let's take good care of our own country's culture.	1
jibun rashii ikikata wo shinasai	自分らしい生き方をしなさい。	Live life in your own way.	1
gomi ha kakuji de mochikaette kudasai	ごみは各自で持ち帰ってください。	Please take your own garbage home.	1
jibun wo takameru no ha taisetsu na koto desu	自分を高めるのは大切なことです。	It's important to improve oneself.	1
jitensha no taiya ga panku shimashita	自転車のタイヤがパンクしました。	My bike got a flat tire.	1
meeru wo keiyu shite hirogaru uirusu mo arimasu	メールを経由して広がるウィルスもあります。	There are even viruses that spread via e-mail.	1
kare no iu koto ha shinyou dekinai	彼の言うことは信用できない。	I can't trust what he says.	1
omae no iu koto ha shinjirare nai	お前の言うことは信じられない。	I can't believe what you say.	1
tsuushin gijutsu no hattatsu ha mezamashii na	通信技術の発達は目覚ましいな。	The progress of communication technology is remarkable.	1
tsuushin kyouiku ha totemo benri desu	通信教育はとても便利です。	Distance learning is very convenient.	1
watashi ha buka wo shinrai shite imasu	私は部下を信頼しています。	I trust my subordinates.	1
kare ni kyouryoku wo irai shimashita	彼に協力を依頼しました。	I requested his cooperation.	1
hito ni tayoranai de jibun de yatte goran	人に頼らないで、自分でやってごらん。	Do it yourself without relying on other people.	1
anata ni tanomi ga aru n desu kedo	あなたに頼みがあるんですけど。	By the way, I have a favor to ask you.	1
kare ha tanomoshii hito desu	彼は頼もしい人です。	He's a dependable person.	1
kokumin no anzen ga mottomo taisetsu desu	国民の安全が最も大切です。	Citizen safety is most important.	1
aiteii sangyou ha indo no shuyou sangyou yo ne	IT産業はインドの主要産業よね。	IT is a major industry in India.	1
kono shouhin ha omoni josei ni ninki ga arimashi te	この商品は主に女性に人気がありまして。	This product is mainly popular among women.	1
ajia no shushoku ha kome desu	アジアの主食は米です。	The staple food of Asia is rice.	1
kanojo no omo na shigoto ha sekkyaku da yo	彼女の主な仕事は接客だよ。	Her main job is customer service.	1
shujin no tsukai de shiyakusho ni iku tokoro desu	主人の使いで市役所に行くところです。	I'm about to go to city hall on an errand for my husband.	1
yanushi ha 1 kai ni sunde imasu	家主は1階に住んでいます。	The landlord lives on the first floor.	1
watashi ha kuruma ha motanai shugi desu	私は車は持たない主義です。	I do not have a car on principle.	1
sono kuni ha kyousanshugi no kuni da yo	その国は共産主義の国だよ。	That country is a Communist nation.	1
kare ha giri wo taisetsu ni shite imasu	彼は義理を大切にしています。	He values duty.	1
minshushugi ni tsuite benkyou shimashita	民主主義について勉強しました。	We studied democracy.	1
gikai de ku no rainen no yotei ga hanashiawareta n da 。	議会で区の来年の予定が話し合われたんだ。	The council discussed the district's plan for the upcoming year.	1
kyou no gidai ha omoshiro sou desu	今日の議題は面白そうです。	Today's agenda looks interesting.	1
kaigi no shonichi ni shichou ga supiichi wo shita yo	会議の初日に市長がスピーチをしたよ。	The mayor made a speech on the first day of the conference.	1
jikai no kaigi ha ni shuukan go ni okonaimasu	次回の会議は2週間後に行います。	The next meeting will be held in two weeks.	1
asu juuyakukaigi ga hirakaremasu	明日、重役会議が開かれます。	The executive meeting will be held tomorrow.	1
kyou ha honsha de kaigi ga arimasu	今日は本社で会議があります。	There's a conference at headquarters today.	1
sore ha totemo fushigi na hanashi da ne	それはとても不思議な話だね。	It's a very mysterious story.	1
kaigichuu tsui akubi wo shite shimaimashita	会議中、ついあくびをしてしまいました。	I inadvertently yawned in the meeting.	1
myounichi kaigi wo hirakimasu	明日、会議を開きます。	The conference will be held tomorrow.	1
kaigi ga nagabiite iru you desu	会議が長引いているようです。	The conference seems to be dragging on.	1
myouchou 10 ji kara mata kaigi desu	明朝10時からまた会議です。	There's another meeting from ten o'clock tomorrow morning.	1
chichi ha gironzuki desu	父は議論好きです。	My father likes engaging in debates.	1
kyou no hanashiai de ha ketsuron ga denakatta	今日の話し合いでは結論が出なかった。	We did not reach a conclusion in our discussion today.	1
kare ha gakkai de ronbun wo happyou shita yo	彼は学会で論文を発表したよ。	He presented a paper in an academic conference.	1
kare ha ronbun no shiage ni haitta no	彼は論文の仕上げに入ったの。	He entered the final stages of the thesis.	1
ima ronbun no shitagaki wo shite iru tokoro desu	今、論文の下書きをしているところです。	I am in the middle of the thesis draft now.	1
seron ha anata no mikata desu	世論はあなたの味方です。	Public opinion is your ally.	1
kare ha daigaku de ongaku no riron wo benkyou shita n da yo	彼は大学で音楽の理論を勉強したんだよ。	He studied music theory in college.	1
ronbun no matome wo kaiteimasu 。	論文のまとめを書いています。	I'm writing a summary of the article.	1
kare ha kousoku ni ihan shimashita	彼は校則に違反しました。	He violated school regulations.	1
kare ha sensei ni hanpatsu shite ita yo	彼は先生に反発していたよ。	He was rebelling against the teacher.	1
hanron ga aru hito ha douzo	反論がある人はどうぞ。	Please speak up if you have an objection.	1
kare no okonai ha moraru ni hanshite imasu	彼の行いはモラルに反しています。	What he is doing goes against morals.	1
sono keikaku ni hantai no hito ha honno shousuu datta yo	その計画に反対の人はほんの少数だったよ。	Only a very few people opposed the plan.	1
oyako no taiwa ha taisetsu da yo	親子の対話は大切だよ。	Conversation between parents and children is important.	2
kono zubon ha uwagi to tsui ni natte imasu	このズボンは上着と対になっています。	This pair of trousers and this jacket go together.	1
yoron ha atarashii houritsu ni hantai desu	世論は新しい法律に反対です。	Public opinion is against the new law.	1
kono reshipi ha iroiro ouyou dekimasu	このレシピはいろいろ応用できます。	This recipe can be used in many ways.	1
kare ni mo ichiou shirasete oita hou ga iidarou	彼にも一応知らせておいたほうがいいだろう。	It'd be better to just let him know.	1
ankeeto ni kaitou shimashita	アンケートに回答しました。	I answered the questionnaire.	1
kare ha intabyuu ni hakihaki to kotaete ta yo	彼はインタビューに、はきはきと答えてたよ。	He eagerly answered questions in the interview.	1
kanojo ha ankeeto ni kotaeta yo	彼女はアンケートに答えたよ。	She answered the questionnaire.	1
kare ha shitsumon no kotae wo gomakashita ne	彼は質問の答えをごまかしたね。	He cheated on the answer to the question.	1
gogyou inai de kotae wo kaite kudasai	5行以内で答えを書いてください。	Please write your answer within five lines.	1
honbun wo yoku yonde kotaete kudasai	本文をよく読んで答えてください。	Please read the text carefully and answer.	1
kono toi ni kotaeraremasu ka	この問いに答えられますか。	Can you answer this question?	1
kyoujuu ni hentou shinakereba mazui	今日中に返答しなければまずい。	If I don't respond by the end of today there will be trouble.	1
sono gakkou no kyouiku ha tokushoku ga arimasu ne	その学校の教育は特色がありますね。	The education system at that school is unique.	1
ano futari ha sokkuri de kubetsu dekinai	あの二人はそっくりで区別できない。	Those two look identical and I can't tell them apart.	1
kare ha sabetsu wo nakusu undou wo shite imasu	彼は差別をなくす運動をしています。	He is working to end discrimination.	1
shussekisha wo seibetsu de wakete kudasai	出席者を性別で分けてください。	Please divide attendees by gender.	1
kono kaisha de ha sei ni yoru sabetsu ha arimasen	この会社では性による差別はありません。	There is no gender discrimination in this company.	1
watashi ha betsuni ki ni narimasen	私は別に気になりません。	I'm not especially anxious.	1
raishuu kachou no soubetsukai wo hirakimasu	来週、課長の送別会を開きます。	The section chief's farewell party will be held next week.	1
houritsu ha watashi no senmon desu	法律は私の専門です。	My specialty is law.	1
kanojo ha fasshon no senmonka da	彼女はファッションの専門家だ。	She's a fashion expert.	1
gairaigo ha ippanni katakana de kakaremasu	外来語は一般にカタカナで書かれます。	In general, loan words are written in katakana.	1
kore ha totemo jitsuyouteki na saito da ne	これはとても実用的なサイトだね。	This is a very practical site.	1
keizaiteki na kouka ha hakari shiremasen	経済的な効果は計り知れません。	The economic effects are immeasurable.	1
kare ha geijutsuteki na sainou ni afurete iru ne	彼は芸術的な才能にあふれているね。	He is full of artistic talent.	1
gakuseitachi ha jishuteki ni benkyoukai wo hiraita wa yo	学生たちは自主的に勉強会を開いたわよ。	Students held an independent study meeting.	1
kanojo ha gouriteki na kangaekata wo suru hito desu	彼女は合理的な考え方をする人です。	She is a person who thinks logically.	1
kare ha keishikiteki na shitsumon wo shita dake datta	彼は形式的な質問をしただけだった。	He only asked formal questions.	1
kare no hatsumeihin ha mina jitsuyouteki da yo	彼の発明品はみな実用的だよ。	All his inventions are practical.	1
kare ha e wo honkakuteki ni benkyou shite iru n da	彼は絵を本格的に勉強しているんだ。	He studies painting seriously.	1
kare ga zenmenteki ni kyouryoku shite kureru sou desu	彼が全面的に協力してくれるそうです。	I hear that he'll cooperate completely.	1
kare ha ronriteki na hito desu	彼は論理的な人です。	He's a logical person.	1
kare ha sugoku chiteki na hito desu	彼はすごく知的な人です。	He's an extremely intellectual person.	1
yatto mokutekichi ni tsuita yo	やっと目的地に着いたよ。	I finally arrived at the destination.	1
kono kuni ha bunkateki na jigyou ni chikara wo irete imasu	この国は文化的な事業に力を入れています。	This country is putting efforts into cultural projects.	1
ukkari mokutekichi wo toorisugita	うっかり目的地を通り過ぎた。	I inadvertently missed my destination.	1
kare ha totemo danseiteki na hito desu	彼はとても男性的な人です。	He's a very manly person.	1
watashi ha fudan ha teiishatsu to jiinzu wo kite imasu	私は普段はTシャツとジーンズを着ています。	I usually wear a T-shirt and jeans.	1
omoushikomi nasaru no deshitara kochira ni o narabi kudasai	お申し込みなさるのでしたら、こちらにお並びください。	Please line up here if you're applying.	1
kare ha nami no ningen de ha arimasen	彼は並みの人間ではありません。	He's not an average man.	1
danshi ha kotchi ni narande	男子はこっちに並んで。	Boys line up here.	1
kare ha kono kuni ni heiwa wo motarashita no yo	彼はこの国に平和をもたらしたのよ。	He brought peace to this country.	1
kono megane wo kakeru to heimen ga rittai ni miemasu	このメガネをかけると平面が立体に見えます。	When you wear these glasses, two-dimensional things look three-dimensional.	1
heikou ni sen wo hiite kudasai	平行に線を引いてください。	Please draw the lines parallel.	1
hiroi heiya ga ichimen yuki de masshiro deshita	広い平野が一面雪で真っ白でした。	The vast plains were pure-white with the snow.	1
kare ha heijitsu ga oyasumi desu	彼は平日がお休みです。	He has weekdays off.	1
suugaku ga heikinten ika datta	数学が平均点以下だった。	The math score was below average.	1
heikin de ichinichi ni 8 jikan gurai hataraite imasu	平均で一日に8時間ぐらい働いています。	I work for about eight hours a day on average.	1
ningen ha koutou na seibutsu to iwarete iru	人間は高等な生物と言われている。	It is said that humans are advanced creatures.	1
joutou na wain wo nonda no	上等なワインを飲んだの。	We drank good wine.	1
kare ni ha daigakusei to doutou no gakuryoku ga arimasu	彼には大学生と同等の学力があります。	He has the same academic ability as university students.	1
sono kodomo ha otona to taitou ni hanashite ita yo	その子供は大人と対等に話していたよ。	That kid was speaking with an adult as an equal.	1
sutoresu ga iroiro na byouki no moto ni natteiru no 。	ストレスがいろいろな病気の元になっているの。	Stress is the source of various diseases.	1
kore ha kodomo ni tokuyuu no byouki desu	これは子供に特有の病気です。	This illness is particular to children.	1
sono byoushitsu ha totemo hirokute kirei datta	その病室はとても広くてきれいだった。	The hospital room was very large and clean.	2
byounin ga deta no de densha ga sukoshi tomatta n da	病人が出たので電車が少し止まったんだ。	The train stopped for a while as someone was ill.	1
kare ha byouki de yowatte iru n da	彼は病気で弱っているんだ。	He has been getting weaker due to his illness.	1
koko ni sain shite kudasai	ここにサインしてください。	Please sign here.	1
kore ha isuramukyou no jiin desu	これはイスラム教の寺院です。	This is a mosque.	1
koko ha toritsu no byouin desu	ここは都立の病院です。	This is a metropolitan hospital.	1
kare ha igaku wo manande imasu	彼は医学を学んでいます。	He studies medicine.	1
musuko ni atarashii ha ga haemashita	息子に新しい歯が生えました。	My son has a new tooth coming in.	1
kare ha totemo yuumei na kagakusha da	彼はとても有名な科学者だ。	He is a very famous scientist.	1
kyou ha sankamoku no tesuto wo uketa yo	今日は3科目のテストを受けたよ。	I took exams for three subjects today.	1
ane ha daigaku de shizenkagaku wo manande imasu	姉は大学で自然科学を学んでいます。	My elder sister studies natural science at university.	1
hisshi no omoi de kare ni tanonda yo	必死の思いで彼に頼んだよ。	I asked him out of desperation.	1
sono jiko de sanjuunin no shisha ga deta no	その事故で30人の死者が出たの。	Thirty people died due to the accident.	1
kore ha hito no seishi ni kakawaru mondai de su	これは人の生死にかかわる問題です。	This is a matter of life and death.	1
sono sakka ha 35 sai to iu wakasa de byoushi shita	その作家は35歳という若さで病死した。	The writer died of an illness at the young age of 35.	1
shindara tengoku ni ikitai desu	死んだら天国に行きたいです。	I want to go to heaven when I die.	1
sono jiko de ha futari shibou shita no	その事故では2人死亡したの。	Two people died in that accident.	1
sakunen yuujin wo nakushimashita	昨年、友人を亡くしました。	I lost my friend last year.	1
hitode ga tarinakute isogashii	人手が足りなくて忙しい。	We're busy because we lack manpower.	1
kanojo ha tabou na hito desu	彼女は多忙な人です。	She's a busy person.	1
shirazushirazu no uchi ni tsukare ga tamatte ita yo	知らず知らずのうちに疲れがたまっていたよ。	I got tired little by little without being aware of it.	1
saikin tsukare ga tamatte imasu	最近疲れがたまっています。	My fatigue is building up these days.	1
tsukareta karada wo yasumete kudasai	疲れた体を休めてください。	Please rest your weary bones.	1
me ga tsukareta no de megusuri wo sashita yo	目が疲れたので目薬をさしたよ。	Because my eyes were tired, I put in some eye drops.	1
shi ha sakunen kara arukitabako wo kinjite iru no	市は昨年から歩きタバコを禁じているの。	Since last year, the city has banned smoking cigarettes while walking.	1
koko ha tachiirikinshi desu	ここは立ち入り禁止です。	This is a restricted area.	1
soko no sakayasan de biiru wo katte kite	そこの酒屋さんでビールを買って来て。	Go and buy some beer at that liquor store.	1
kare ha kinshu shite imasu	彼は禁酒しています。	He is on the wagon.	1
osake wo o tsugi shimashou	お酒をおつぎしましょう。	Let me pour you a drink.	1
miyage ni nihonshu wo moratta	土産に日本酒をもらった。	I was given sake as a souvenir.	1
minna kanari yotte ita no	みんなかなり酔っていたの。	Everyone got considerably drunk.	1
kaijou ha hito de ippai ni narimashita	会場は人で一杯になりました。	The hall was filled with people.	1
abunai no de kodomo kara raitaa wo toriagemashita	危ないので子供からライターを取り上げました。	The lighter was taken from the child because it was dangerous.	1
chichi no hyoujou ga kewashiku natta no	父の表情が険しくなったの。	My father's expression became grim.	1
kanojo ha wakasa wo tamotou to hisshi da	彼女は若さを保とうと必死だ。	She's desperately trying to retain her youth.	1
man'ichi no tame ni hoken ni haitta no	万一のために保険に入ったの。	I bought insurance for emergencies.	1
hoken gaisha ni toiawasemasu	保険会社に問い合わせます。	I'll inquire with my insurance company.	1
kono seihin no hoshou kikan ha 5 nen kan to natte orimasu	この製品の保証期間は5年間となっております。	The guarantee period of this product is five years.	1
kare ga watashi no hoshounin ni natte kuremashita	彼が私の保証人になってくれました。	He became my guarantor.	1
joukyaku ha zen'in seizon shite imasu	乗客は全員生存しています。	All passengers survived.	1
kare no namae wo gozonji desu ka	彼の名前をご存じですか。	Do you know his name?	1
deeta wo 30 pun oki ni hozon shite kudasai	データを30分おきに保存してください。	Please save data every 30 minutes.	1
kono seihin ha teion de hozon shite kudasai	この製品は低温で保存してください。	Please store this product at a low temperature.	1
katarogu wo mite chuumon shita n da	カタログを見て注文したんだ。	I looked at the catalog and placed an order.	1
minna no gurasu ni juusu wo sosoida yo	みんなのグラスにジュースを注いだよ。	I poured juice into everyone's glass.	1
watashi ha kare no iken wo ukeiremashita	私は彼の意見を受け入れました。	I accepted his opinion.	1
kare no ikou wo kiite mimashou	彼の意向を聞いてみましょう。	Let's ask what he intends to do.	1
anata no ito ha yoku wakarimashita	あなたの意図はよく分かりました。	I understood your intention well.	1
kono jigyou ni ha ooki na igi ga arimasu	この事業には大きな意義があります。	This project has enormous significance.	1
kappatsu na iken ga kawasareta no	活発な意見が交されたの。	A lively exchange of opinions took place.	1
kare ha kanojo ni koui wo motte imasu	彼は彼女に好意をもっています。	He has affections for her.	1
kare ha tokidoki ijiwaru na shitsumon wo suru 。	彼は時々意地悪な質問をする。	He sometimes raises nasty questions.	1
kare no iken ha mottomo desu	彼の意見はもっともです。	His opinion is quite right.	1
minna no iken ga matomarimashita	みんなの意見がまとまりました。	Everyone's opinions were brought together.	1
kare no iken ni ha doui dekimasen	彼の意見には同意できません。	I can't agree with his opinion.	1
sonna koto wo shite mo muimi yo	そんなことをしても無意味よ。	It's meaningless to do such a thing.	1
tounin ha igai ni heiki nayou ne 。	当人は意外に平気なようね。	The person concerned seems to be unexpectedly cool.	1
ano ko ha namaiki da to omoimasu	あの子は生意気だと思います。	That kid is quite cheeky, I think.	1
kare no igai na men wo mita	彼の意外な面を見た。	I saw an unexpected side of him.	1
kono bun ha imi ga wakarimasen	この文は意味が分かりません。	I don't understand the meaning of this sentence.	1
reshiito de kaimono no kingaku wo tashikameta yo	レシートで買い物の金額を確かめたよ。	I confirmed the cost of the shopping with the receipt.	1
shiai no daihyou menbaa ga kakutei shita no	試合の代表メンバーが確定したの。	The game's team members have been decided.	1
intaanetto de shiken no kaitou wo kakunin shita n da	インターネットで試験の解答を確認したんだ。	I checked the answers to the exam on the Internet.	1
kono kusuri ha mada ninka sarete imasen	この薬はまだ認可されていません。	This drug has yet to be approved.	1
chichi ga kanojo to no kekkon wo mitomete kuremashita	父が彼女との結婚を認めてくれました。	My father gave me permission to marry her.	1
sagyou no kouritsu wo ageru ni ha dou shitara ii desu ka	作業の効率を上げるにはどうしたらいいですか。	How should we increase efficiency at work?	1
tenki yohou ha ataru kakuritsu ga takaku narimashita ne	天気予報は当たる確率が高くなりましたね。	The chance that the weather forecast is right has increased.	1
keisotsu na hatsugen ha shinai you ki wo tsukenasai	軽率な発言はしないよう気をつけなさい。	Take care not to make flippant remarks.	1
sotchoku na goiken arigatou gozaimashita	率直なご意見ありがとうございました。	Thank you for your straightforward opinion.	1
kono houhou da to nouritsu ga ii desu ne	この方法だと能率がいいですね。	Using this method is more efficient.	1
kazoku de hanashiau kikai wo mochimashita	家族で話し合う機会を持ちました。	I set up an opportunity to have a discussion with the family.	1
haikingu ha shizen ni shitashimu ii kikai desu yo	ハイキングは自然に親しむ良い機会ですよ。	Hiking is a good chance to get close to nature.	1
aserazu ni jiki wo matsu beki desu	あせらずに時機を待つべきです。	You should wait patiently for the right opportunity.	1
kinai ni nimotsu wo mochikonda no	機内に荷物を持ち込んだの。	We carried our luggage onto the plane.	1
yousuruni jiki wo matsubeki da	要するに時機を待つべきだ。	In short, we should wait for the right opportunity.	1
koko no paneru de kikai zentai wo seigyo dekimasu	ここのパネルで機械全体を制御できます。	The entire machine can be controlled with the panel here.	1
kore ha kikai no naibu no mondai desu	これは機械の内部の問題です。	This is a problem with the internal parts of the machine.	1
kikai wo bunkai shite mita no	機械を分解してみたの。	I tried to take the machine apart.	1
watashi ga suki na gakki ha gitaa desu	私が好きな楽器はギターです。	My favorite instrument is the guitar.	1
shokki wo zenbu atarashiku shimashita	食器を全部新しくしました。	I replaced all the tableware.	1
kare ha kanari kiyou na hito desu	彼はかなり器用な人です。	He is very good with his hands.	1
juwaki wo totte moraemasu ka	受話器を取ってもらえますか。	Could you pick up the receiver?	1
kono utsuwa ha joutou ne	この器は上等ね。	This dish is really top quality.	1
taiikukan de kikai wo tsukatte undou shita no	体育館で器械を使って運動したの。	I did exercise with machines in the gym.	1
terebi mo shuzai ni kita hodo yuumei na resutoran desu	テレビも取材に来たほど有名なレストランです。	The restaurant is so famous that the TV news ran a story on it.	1
kyou ha karada no guai ga warui desu	今日は体の具合が悪いです。	I feel unwell today.	1
heya no kagu wo ugokashimashita	部屋の家具を動かしました。	I moved the furniture in the room.	1
amagu no youi wo wasurenai you ni	雨具の用意を忘れないように。	Don't forget to prepare your rainwear.	1
joukyaku no ichi nin no guai ga waruku natta no 。	乗客の一人の具合が悪くなったの。	The condition of one passenger got worse.	1
suugaku ha ronri ni motozuku gakumon desu	数学は論理に基づく学問です。	Mathematics is a field of study based on logic.	1
shinjukueki made junkyuu de itta no yo	新宿駅まで準急で行ったのよ。	I went to Tokyo Station by the local express.	1
tousha ha juunenmae ni setsuritsu sareta no yo	当社は10年前に設立されたのよ。	Our company was established ten years ago.	1
kore ha supootsu shisetsuyou no kigu desu	これはスポーツ施設用の器具です。	This is equipment for the sports facility.	1
kono seihin wo shiyou suru mae ni setsumeisho wo oyomi kudasai	この製品を使用する前に、説明書をお読みください。	Please read the manual before using this product.	1
kono shinbun no shasetsu ha omoshiroi ne	この新聞の社説は面白いね。	The editorial in this newspaper is interesting.	1
nanika no setsumei wo suru toki ha jitsubutsu wo tsukau to wakari yasui no	何かの説明をする時は実物を使うとわかりやすいの。	When you explain something, it's easier to understand if you use the real thing.	1
sore ha saishin no gakusetsu ne	それは最新の学説ね。	It is the latest theory.	1
setsumeisho ha temoto ni arimasu ka	説明書は手元にありますか。	Do you have the manual at hand?	1
setsumeisho wo hitotoori yonda no	説明書を一通り読んだの。	I glanced over the manual.	1
ekimae ni kouritsu no toshokan ga aru yo	駅前に公立の図書館があるよ。	There is a public library opposite the station.	1
kanojo ha kono shousetsu no shujinkou no moderu desu	彼女はこの小説の主人公のモデルです。	She's the model for the heroine of this novel.	1
kare no yarikata ha fukouhei desu	彼のやり方は不公平です。	His way of doing things is unfair.	1
shujinkou ga warumono wo yattsuketa	主人公が悪者をやっつけた。	The hero finished off the villain.	1
kouen de shitai ga mitsukatta no	公園で死体が見つかったの。	A corpse was found in the park.	1
asu ha ensoku de doubutsuen ni ikimasu	明日は遠足で動物園に行きます。	Tomorrow we're going to the zoo on a school trip.	1
kono yuuenchi no chiketto ha sanzen'en desu	この遊園地のチケットは3000円です。	The tickets for this amusement park are 3000 yen.	1
kouen no benchi de hon wo yonde imasu	公園のベンチで本を読んでいます。	I'm reading a book on the park bench.	1
kyou mo yuuenchi ha taihen na hitode datta yo	今日も遊園地は大変な人出だったよ。	The amusement park was very crowded too today.	1
natsumatsuri de hanabi wo uchiagemasu	夏祭りで花火を打ち上げます。	Fireworks are set off at the summer festival.	1
uchi no kaisha ha saijitsu ha yasumi desu	うちの会社は祭日は休みです。	At our company, we get national holidays off.	1
kanojo ha kokusaiteki ni yuumei na kashu desu	彼女は国際的に有名な歌手です。	She is an internationally famous singer.	1
kono daigaku mo kokusaika shite kita na	この大学も国際化してきたな。	This university has internationalized.	1
kare ha moderu to kousai shite ita n da	彼はモデルと交際していたんだ。	He was going out with a model.	1
kono sai hakkiri itte okimasu	この際はっきり言っておきます。	It's a good opportunity to speak frankly.	1
hikouki no zaseki ha yuttari shite ita yo	飛行機の座席はゆったりしていたよ。	The airplane seat was spacious.	1
kare ha douro ni tobidashita no	彼は道路に飛び出したの。	He ran out into the road.	1
jiko genba no joukuu wo herikoputaa ga tonde imasu	事故現場の上空をヘリコプターが飛んでいます。	There's a helicopter flying over the accident site.	1
kodomo ga kamihikouki wo tobashite imasu	子供が紙飛行機を飛ばしています。	The child is flying a paper airplane.	1
ooki na oto ni bikkuri shite tobiagarimashita	大きな音にびっくりして飛び上がりました。	I jumped in surprise at the loud noise.	1
tsubame ga tonde imasu ne	つばめが飛んでいますね。	The swallows are flying.	1
hae ga urusaku ton deiru ne 。	はえがうるさく飛んでいるね。	An annoying fly is flying about.	1
kono furaito no hikou jikan ha yaku 3 jikan desu	このフライトの飛行時間は約3時間です。	The flight time is about three hours.	1
kare ha tonde kita booru wo yoketa no	彼は飛んできたボールをよけたの。	He dodged the ball that flew towards him.	1
kodomo ga mizutamari wo pyonto tobikoeta ne	子供が水たまりをぴょんと飛びこえたね。	The child jumped over the puddle.	1
kaigi de koukuu no anzen ni tsuite hanashiatta no	会議で航空の安全について話し合ったの。	Airline safety was discussed at the conference.	1
kyonen ha koukuuki no jiko ga ookatta	去年は航空機の事故が多かった。	There were a lot of aircraft accidents last year.	1
denwa de koukuuken wo yoyaku shimashita	電話で航空券を予約しました。	I booked an airline ticket by phone.	1
fune kara zaimoku ga orosarete imasu ne	船から材木が降ろされていますね。	Timber is being unloaded from the ship.	1
fune ga nagai koukai ni noridashita no	船が長い航海に乗り出したの。	The ship set out on a long sea voyage.	1
watashi ga kono fune no senchou desu	私がこの船の船長です。	I'm captain of this ship.	1
kono shima ha hatsuden wo suiryoku ni tayotte iru n da	この島は発電を水力に頼っているんだ。	This island relies on hydroelectric energy to generate power.	1
taifuu ga sono hantou wo tsuuka shita no	台風がその半島を通過したの。	The typhoon passed over the peninsula.	1
watashitachi ha hawai no mauitou ni ryokou shita no	私たちはハワイのマウイ島に旅行したの。	We traveled to Maui island in Hawaii.	1
kono furui jiin ha ima de mo kanzen na katachi wo tamotte iru n da	この古い寺院は今でも完全な形を保っているんだ。	This old Buddhist temple still maintains its complete form.	1
kono deeta ha mada fukanzen ne	このデータはまだ不完全ね。	This data is still unfinished.	1
atarashii daihyou chiimu ga kessei saremashita	新しい代表チームが結成されました。	The new representative team was formed.	1
watashi ha kare no iken ni sansei da	私は彼の意見に賛成だ。	I agree with his opinion.	1
musume ga kotoshi seijin shimasu	娘が今年成人します。	My daughter comes of age this year.	1
shingatasha ni kenkyuu no seika ga han'ei sarete imasu	新型車に研究の成果が反映されています。	The results of our research are reflected in the new model.	1
kono biru ha kansei made ni 2 nen wo youshita	このビルは完成までに2年を要した。	The building needed two years to be completed.	1
boku ha muron kimi ni sansei da	ぼくは無論きみに賛成だ。	Of course, I agree with you.	1
miseinen ha osake wo nomemasen	未成年はお酒を飲めません。	Minors can't drink alcohol.	1
watashi ha kare no seikou wo kakushin shite imasu	私は彼の成功を確信しています。	I am convinced of his success.	1
sono shujutsu no seikouritsu ha 90% da sou desu	その手術の成功率は90%だそうです。	Apparently, the success rate of the operation is 90 %.	1
kare ha seikou suru ni chigainai wa	彼は成功するに違いないわ。	He will certainly succeed.	1
sekaijuu de shinrin ga ushinawarete imasu	世界中で森林が失われています。	Forests are being lost all over the world.	1
ichido no shippai de akirameteha ikenai yo	一度の失敗であきらめてはいけないよ。	You must not give up after one setback.	1
jibun no shippai wo tanin no sei ni suru na	自分の失敗を他人のせいにするな。	Don't blame others for your failure.	1
kono setto de shouhai ga kimarimasu	このセットで勝敗が決まります。	Victory or defeat will be decided in this set.	1
kare ha jigyou ni shippai shita no	彼は事業に失敗したの。	He failed in that business.	1
kanojo ha shippai kara tachinaotta yo	彼女は失敗から立ち直ったよ。	She recovered from the failure.	1
gensoku to shite kyanseru dekimasen	原則としてキャンセルできません。	As a general rule, cancellations can't be accepted.	1
natsuyasumi wo kougen de sugoshimashita	夏休みを高原で過ごしました。	I spent the summer vacation in the highlands.	1
kono futa ha suraido shimasu	このふたはスライドします。	This cover slides aside.	1
kengakusha ni kikai no ugoku genri wo setsumei shimashita	見学者に機械の動く原理を説明しました。	I explained the mechanism of the machine to the visitor.	1
genshiryoku no anzen na riyou ni tsuite kangaemashou	原子力の安全な利用について考えましょう。	Let's think about the safe use of nuclear power.	1
shoka no kougen ha kimochi ga ii desu ne	初夏の高原は気持ちがいいですね。	Being up on the high plateaus in early summer feels good.	1
mouichido genten ni kaette kangaemashou	もう一度原点に返って考えましょう。	Let's go back to the beginning and think again.	1
watashitachi ha nohara de hana wo tsunda no	私たちは野原で花をつんだの。	We picked flowers in the field.	1
kuroobaa no hara de pikunikku wo shita yo	クローバーの原でピクニックをしたよ。	We had a picnic in a clover field.	1
sore ha kansetsuteki na gen'in no hitotsu desu	それは間接的な原因の一つです。	It's one of the indirect causes.	1
watashitachi ha gan no youin wo kenkyuu shite imasu	私たちはがんの要因を研究しています。	We're researching the contributing factors of cancer.	1
sono byouki ha gen'in fumei to iwareteiru n da yo	その病気は原因不明と言われているんだよ。	The cause of this illness is said to be unknown.	1
shouken wo utte shikin ni shiyou to omou no	証券を売って資金にしようと思うの。	I'm thinking of selling some securities and converting them to funds.	1
toshokan de shiryou wo karite kimashita	図書館で資料を借りて来ました。	I borrowed some materials from the library.	1
nihongo wo oshieru shikaku wo toritai desu	日本語を教える資格を取りたいです。	I want to get a license to teach Japanese.	1
sono kuni ha shidaini shihonshugi ni natta wa ne	その国は次第に資本主義になったわね。	The country gradually became capitalist.	1
shiryou ni misupurinto ga arimashita	資料にミスプリントがありました。	There was a misprint in the materials.	1
kagiri aru shigen wo taisetsu ni shiyou	限りある資源を大切にしよう。	Let's take good care of limited resources.	1
shigen ha mugen de ha arimasen	資源は無限ではありません。	Resources are not infinite.	1
daikin ha genkin de onegai shimasu	代金は現金でお願いします。	Please pay the price in cash.	1
isshou no onegai ga arimasu	一生のお願いがあります。	I have a once-in-a-lifetime favor.	1
kyou daigaku ni gansho wo okurimashita	今日大学に願書を送りました。	Today I sent an application form to the college.	1
nantoka onegai shimasu	何とかお願いします。	I beg you to take care of it.	1
sekai no heiwa ga watashi tachi no negai desu	世界の平和が私たちの願いです。	Our wish is for world peace.	1
otesuu desu ga yoroshiku onegai shimasu	お手数ですがよろしくお願いします。	Sorry to trouble you, but please take care of it.	1
shachou ni hitokoto onegai shita no	社長に一言お願いしたの。	I asked the president to deliver a brief speech.	1
watashi ha kare no setsu ga tadashii to omou	私は彼の説が正しいと思う。	I think that his theory is correct.	1
tadashii kotae ha kousha desu	正しい答は後者です。	The right answer is the latter.	1
sono ie no shoumen ni ha ooki na barukonii ga aru no	その家の正面には大きなバルコニーがあるの。	There is a large balcony at the front of the house.	1
hiruyasumi ha shougo kara desu	昼休みは正午からです。	The lunch break is from noon.	1
kono yo ni seigi ha nai no darou ka	この世に正義はないのだろうか。	Is there no justice in this world?	1
jukensei ha seimon kara haitte kudasai	受験生は正門から入って下さい。	Test-takers must enter from the front gate.	1
juumonchuu kyuumon seikai shimashita	10問中9問正解しました。	Nine out of ten questions were answered correctly.	1
seihoukei no kami wo youi shimashou	正方形の紙を用意しましょう。	Prepare a square of paper.	1
kare ha kichinto seiza shite matte ita ne	彼はきちんと正座して待っていたね。	He waited while sitting properly on the floor, Japanese style.	1
kore ha seitou na youkyuu desu	これは正当な要求です。	This is a fair claim.	1
shiken de fusei ga mitsukatta yo	試験で不正が見つかったよ。	Cheating was discovered in the examination.	1
dousei no tomodachi yori isei no tomodachi no hou ga ooi yo	同性の友達より異性の友達のほうが多いよ。	I have more friends of the opposite sex than I do of the same sex.	1
kotoshi no natsu ha ijou na atsusa desu ne	今年の夏は異常な暑さですね。	This summer is exceptionally hot.	1
ongaku ha watashi no nichijou no ichibu desu	音楽は私の日常の一部です。	Music is a part of my daily life.	1
kare ha ishiki wo ushinaimashita	彼は意識を失いました。	He lost consciousness.	1
sonna no joushiki da yo	そんなの常識だよ。	That is common sense.	1
musuko ha mou isei wo ishiki shite iru	息子はもう異性を意識している。	My son is already aware of the opposite sex.	1
watashi ha kabu no chishiki ga nai ni hitoshii desu	私は株の知識がないに等しいです。	I have almost no knowledge of stocks.	1
kare ha hijoushiki na jikan ni denwa shite kita no	彼は非常識な時間に電話してきたの。	He called me at an unreasonable hour.	1
biru no hijouguchi wo kakunin shita no	ビルの非常口を確認したの。	I checked the building's fire exit.	1
kare ha hijou ni moteru ne	彼は非常にもてるね。	He's very popular.	1
kuruma no enjin ga choushi warui	車のエンジンが調子悪い。	The car engine is in a bad condition.	1
kongetsu ha eakon no uriage ga kouchou desu	今月はエアコンの売り上げが好調です。	Sales of air conditioners are good this month.	1
mazu daiichi ni shikkari shitashirabe wo shinasai	まず第一に、しっかり下調べをしなさい。	First of all, be sure to make a careful preliminary investigation.	1
saikin shanai nettowaaku no choushi ga warui	最近、社内ネットワークの調子が悪い。	The office's intranet doesn't work well recently.	1
kyou ha doumo karada no choushi ga warui	今日はどうも体の調子が悪い。	I don't feel very well today for some reason.	1
karada no choushi ga totemo ii desu	体の調子がとても良いです。	I'm in good physical condition.	1
saikin taichou ga sukoshi fuantei desu	最近、体調が少し不安定です。	Recently, my physical condition is a little unstable.	1
kyou ha taichou ga warui desu	今日は体調が悪いです。	I feel sick today.	1
kono kyoku ha tanchou de tsumaranai na	この曲は単調でつまらないな。	This tune is monotonous and boring.	1
gasu gaisha ga meetaa wo shirabe ni kita zo	ガス会社がメーターを調べにきたぞ。	The gas company came to examine the meter.	1
kuruma ha seibi ni dashite imasu	車は整備に出しています。	I've put my car in for maintenance.	1
furui fuku wo seiri shimashita	古い服を整理しました。	I sorted out the old clothes.	1
ima sukejuuru no chousei wo shite imasu	今、スケジュールの調整をしています。	I'm adjusting the schedule now.	1
paateii no junbi ga totonoimashita	パーティーの準備が整いました。	The preparations for the party are all in order.	1
kore kara ha keihi wo setsuyaku shimashou	これからは経費を節約しましょう。	From now on let's save on expenses.	1
denki ya mizu wo setsuyaku shimashou	電気や水を節約しましょう。	Let's save electricity and water.	1
aki ha kouraku ni ii kisetsu desu ne	秋は行楽にいい季節ですね。	Autumn is a good season for excursions.	1
koko de heya no ondo ga chousetsu dekimasu	ここで部屋の温度が調節できます。	You can adjust the room temperature here.	1
ima ha ta ni mizu wo ireru kisetsu desu	今は田に水を入れる季節です。	It's the season now when rice fields are filled with water.	1
watashi ha kyou me no kensa wo ukemasu	私は今日、目の検査を受けます。	I will have an eye examination today.	1
asu byouin ni kensa ni iku no de sukoshi fuan desu	明日、病院に検査に行くので少し不安です。	I'm a bit worried since I have to go to the hospital for tests tomorrow.	1
byouin de daiben no kensa wo shita	病院で大便の検査をした。	I had a stool examination at the hospital.	1
kadai ha 7 gatsu 5 ka made ni teishutsu shite kudasai	課題は7月5日までに提出してください。	Please submit your assignment by July 5.	1
motto an wo dashiaimashou	もっと案を出し合いましょう。	Let's share more ideas.	1
kare ha angai ii hito kamo shirenai	彼は案外いい人かも知れない。	He may unexpectedly turn out to be a good person.	1
kanojo ha unazuite doui wo shimeshita no	彼女はうなずいて同意を示したの。	She showed agreement with a nod.	1
kanojo ha yoi hannou wo shimeshita wa	彼女は良い反応を示したわ。	She reacted well.	1
watashi ha asa hayaku touhyou wo sumasemashita	私は朝早く投票を済ませました。	I finished voting early in the morning.	1
yakusho de juuminhyou wo moratte kita	役所で住民票をもらってきた。	I went to get a resident's card at the public office.	1
watashi ha chichi wo mokuhyou ni shite imasu	私は父を目標にしています。	I take my father as a role model.	1
nyuusu de ha hyoujungo ga tsukawareru no	ニュースでは標準語が使われるの。	Standard language is used in news broadcasts.	1
kare ha kongetsu no uriage mokuhyou wo tassei shita	彼は今月の売上目標を達成した。	He achieved the sales target this month.	1
kanojo ni ha meikaku na mokuhyou ga aru ne	彼女には明確な目標があるね。	She has a clear aim.	1
kaisha no honnen no mokuhyou ga happyou sareta yo	会社の本年の目標が発表されたよ。	The company's goal this year was announced.	1
kokuren no honbu ha nyuuyooku ni arimasu	国連の本部はニューヨークにあります。	The headquarters of the United Nations is in New York.	1
kondo no renkyuu ha jikka ni kaerimasu	今度の連休は実家に帰ります。	I'll go back to my parents' house for the next consecutive holidays.	1
kanojo ha watashi no tsure desu	彼女は私の連れです。	She's with me.	1
renraku ga ari shidai shuppatsu shimasu	連絡があり次第出発します。	I will depart once I am told.	1
shigoto ga owattara renraku shimasu	仕事が終わったら連絡します。	I'll contact you when I finish the job.	1
kare no renrakusaki wo houbou ni toiawaseta n da	彼の連絡先を方々に問い合わせたんだ。	I inquired everywhere for his contact information.	1
yasumu toki ha maemotte renraku kudasai	休む時は前もって連絡ください。	If you're going to take time off, please give me advance notice.	1
gakkou kara fubo ni renraku ga atta n da	学校から父母に連絡があったんだ。	My parents were contacted by the school.	1
konpyuutaa wo nettowaaku ni setsuzoku shimashita	コンピューターをネットワークに接続しました。	The computer was connected with the network.	1
zenkai no tsuzuki kara hajimemasu	前回の続きから始めます。	We will start where we left off last time.	1
kare ha sarani shitsumon wo tsuzuketa no	彼は更に質問を続けたの。	He kept raising more questions.	1
sono shi no jinkou ha heritsuzukete iru no	その市の人口は減り続けているの。	The population of the city keeps decreasing.	1
toukyou no chika ha agaritsuzukete iru n da	東京の地価は上がり続けているんだ。	The price of land in Tokyo keeps going up.	1
nyuukoku tetsuzuki ga owarimashita	入国手続きが終わりました。	The immigration procedures are finished.	1
okyakusan ga zokuzoku to yattekimashita yo	お客さんが続々とやって来ましたよ。	The guests came one after another.	1
hanashi no tsuzuki ha denwa de shimashou	話の続きは電話でしましょう。	Let's continue this conversation on the phone.	1
kare ha shigoto ga nagatsuzuki shimasen	彼は仕事が長続きしません。	He can't keep a job for long.	1
kare ha aikawarazu isogashii desu ne	彼は相変わらず忙しいですね。	He is busy as usual.	1
ichipondo ha 454 guramu ni soutou shimasu	1ポンドは454グラムに相当します。	One pound is equivalent to 454 grams.	1
aite chiimu no riido de zenhan ga owatta yo	相手チームのリードで前半が終わったよ。	The first half ended with the opposing team in the lead.	1
omoikitte kare ni soudan shimasu	思い切って彼に相談します。	I'll take the plunge and ask him for advice.	1
buchou ni shigoto no soudan wo shita n da	部長に仕事の相談をしたんだ。	I consulted the manager about my job.	1
touji nisso kaidan ga hirakareta	当時、日ソ会談が開かれた。	At the time, talks were held between Japan and the Soviet Union.	1
chizu ni ha iroiro na kigou ga tsukawarete iru no ne	地図にはいろいろな記号が使われているのね。	A variety of symbols are used on maps.	1
kochira ni onamae wo go kinyuu kudasai	こちらにお名前をご記入ください。	Please fill in your name here.	1
koko ni seinengappi wo kinyuu shite kudasai	ここに生年月日を記入してください。	Please fill in your date of birth here.	1
shiken no mae ni eibun wo anki shita n da	試験の前に英文を暗記したんだ。	I memorized the English text before the examination.	1
koko ni seinengappi wo kinyuu shite kudasai	ここに生年月日を記入してください。	Please fill in your date of birth here.	1
kare ha shinbun kisha wo hete sakka ni narimashita	彼は新聞記者を経て作家になりました。	He became a writer after being a journalist.	1
hisshini tango wo anki shita yo	必死に単語を暗記したよ。	I struggled to memorize the words.	1
touji no koto ha shikkari kioku shite iru yo	当時のことはしっかり記憶しているよ。	I clearly remember what happened at that time.	1
hito no kioku ha futashika yo	人の記憶は不確かよ。	Human memories are unreliable.	1
kore ha ima made de saitei no kiroku da	これは今までで最低の記録だ。	This is the worst record so far.	1
intabyuu ha kono rokuonteepu ni haitte imasu	インタビューはこの録音テープに入っています。	The interview is recorded on this tape.	1
kare ha yoku masukomi ni mo toujou suru ne	彼はよくマスコミにも登場するね。	He often appears in the media.	1
natsuyasumi ni ha kazoku de tozan wo shimasu	夏休みには家族で登山をします。	I'm going mountain climbing with my family during summer vacation.	1
seitotachi ha asa 8 jigoro toukou shimasu	生徒たちは朝8時ごろ登校します。	Pupils arrive at school around 8 AM.	1
ashita ha tomodachi to yamanobori ni ikimasu	明日は友達と山登りに行きます。	I'm going mountain climbing with my friend tomorrow.	1
zei ni kansuru atarashii houritsu ga sadamerareta zo	税に関する新しい法律が定められたぞ。	A new law concerning taxes was established.	1
shakaikagaku no bunya ni kanshin ga arimasu	社会科学の分野に関心があります。	I'm interested in the field of social sciences.	1
taifuu de koutsuu kikan ga sutoppu shite iru	台風で交通機関がストップしている。	Transportation has stopped because of the typhoon.	1
watashi ha issai sono mondai to ha kankei ga arimasen	私は一切その問題とは関係がありません。	I have absolutely nothing to do with that issue.	2
kanojo ha kaijou seiri no kakari datta no	彼女は会場整理の係だったの。	She was in charge of the hall arrangement.	1
mondai wo kaiketsu dekinai no ga genjou desu	問題を解決できないのが現状です。	The current situation is that we can't solve the problem.	1
joukyou ha masumasu waruku natta ne	状況はますます悪くなったね。	The situation has gotten worse and worse.	1
sono kaisha no keiei no jittai wo chousachuu da	その会社の経営の実態を調査中だ。	The state of that company's management is being investigated.	1
ano otoko no taido ni minna akirete ta yo	あの男の態度にみんなあきれてたよ。	Everyone was tired of the man's attitude.	1
hijou jitai desu	非常事態です。	We're in a state of emergency!	1
kare no taido ha dokoka fushizen datta na	彼の態度はどこか不自然だったな。	His behavior was somewhat unnatural.	1
nenkin mondai ha gyousei no saidai no kadai no hitotsu yo	年金問題は行政の最大の課題のひとつよ。	The pension problem is one of the current administration's biggest issues.	1
kare ha seiji ni kanshin ga tsuyoi ne	彼は政治に関心が強いね。	He has a strong interest in politics.	1
ookiku nattara seijika ni naritai desu	大きくなったら政治家になりたいです。	I want to become a politician when I grow up.	1
seiji ha kokumin shutai de aru beki desu	政治は国民主体であるべきです。	The government should be the agent of the people.	1
kare ha jinmin no tame no seiji wo okonatta	彼は人民のための政治を行った。	He engaged in politics for the people's benefit.	1
seiji no taisei wo kaeru hitsuyou ga arimasu	政治の体制を変える必要があります。	It's necessary to change the political system.	1
kanojo ha seiji ni mukanshin desu	彼女は政治に無関心です。	She's indifferent to politics.	1
kanojo ha seiji ni tsuite muchi deshita	彼女は政治について無知でした。	She was ignorant about politics.	1
seifu ha gaikou ni chikara wo irete iru no	政府は外交に力を入れているの。	The government is making efforts in diplomacy.	1
kanojo ha furitsu daigaku ni kayotte imasu	彼女は府立大学に通っています。	She goes to the prefectural university.	1
kare ha mokuteki no tame ni ha shudan wo erabanakatta wa ne	彼は目的のためには手段を選ばなかったわね。	He used every trick in the book to achieve his aims.	1
atarashii shichou ga erabaremashita	新しい市長が選ばれました。	A new mayor was chosen.	1
sono senshu ha kon shiizun mo kouchou da ne 。	その選手は今シーズンも好調だね。	That player is good this season as well.	1
sono senshu ha jishutoreeningu wo hajimeta no	その選手は自主トレーニングを始めたの。	Those players started training independently.	1
sono senshu ha nishumoku de medaru wo totta wa	その選手は2種目でメダルを取ったわ。	The athlete won medals in two events.	1
chichi ha wakai koro ragubii no senshu deshita	父は若いころラグビーの選手でした。	When he was young, my father was a rugby player.	1
senshu no nyuujou desu	選手の入場です。	The athletes will march in.	1
sono senshu ha hansoku de makemashita	その選手は反則で負けました。	The athlete lost because of a foul.	1
kare no e ga konkuuru ni nyuusen shita	彼の絵がコンクールに入選した。	His painting won a prize at the contest.	2
karera ha kyoukai de shiki wo agemashita	彼らは教会で式を挙げました。	They had a wedding ceremony in the church.	1
kare ha senkyo ni tousen shimashita	彼は選挙に当選しました。	He won the election.	1
kono 5 shurui kara sentaku dekimasu	この5種類から選択できます。	You can select one from these five types.	1
nihon no kikou ha ondan desu	日本の気候は温暖です。	The climate in Japan is temperate.	1
natsu ha suibun wo juubun ni oginaimashou	夏は水分を十分に補いましょう。	Make sure you take enough liquids in the summer.	1
ano toshi ha orinpikku no yuuryoku na kouhochi desu	あの都市はオリンピックの有力な候補地です。	That city is a strong candidate to host the Olympics.	1
shushou ha kokka no riidaa da	首相は国家のリーダーだ。	The Prime Minister is the leader of the nation.	1
tekubi no kansetsu wo hinetchatta	手首の関節をひねっちゃった。	I have twisted my wrist joint.	1
kare ha shiyounin wo kubi ni shita yo	彼は使用人を首にしたよ。	He fired the servant.	1
kare ha ashikubi wo itamete imasu	彼は足首を痛めています。	He has hurt his ankle.	1
tekubi no kansetsu wo hinetchatta	手首の関節をひねっちゃった。	I have twisted my wrist joint.	1
kare ha kubi ni kamera wo burasagete iru ne	彼は首にカメラをぶら下げているね。	He has a camera around his neck.	1
toukyou de gokakoku no shunoukaidan ga hirakarete imasu	東京で五カ国の首脳会談が開かれています。	A five-country summit is being held in Tokyo.	1
shinyuu ni nayami wo uchiaketa no	親友に悩みを打ち明けたの。	I confessed my concerns to my best friend.	1
kare ga sorehodo nayande ita to ha shiranakatta	彼がそれほど悩んでいたとは知らなかった。	I didn't know he was so worried.	1
kare ha juken no koto de nayande imasu	彼は受験のことで悩んでいます。	He's worried about entrance examinations.	2
kare ha ikka no okashira datta no	彼は一家のお頭だったの。	He was the head of the family.	1
kyou ha zutsuu ga shimasu	今日は頭痛がします。	I have a headache today.	1
sentou no hito ha purakaado wo motte kudasai	先頭の人はプラカードを持ってください。	People at the front, please hold up a placard.	1
atama ga itakute tamaranai	頭が痛くてたまらない。	I have an unbearable headache.	1
ano hito no kao ni ha jishin ga afurete iru ne	あの人の顔には自信があふれているね。	That person's face is brimming with confidence.	1
kare ha kaoiro ga yoku arimasen ne 。	彼は顔色がよくありませんね。	His face looks pale.	1
ichidou kao wo miawasemashita	一同顔を見合わせました。	We all looked at each other.	1
kanojo ha aojiroi kao wo shite iru ne	彼女は青白い顔をしているね。	Her face is pale.	1
aitsu ha zurugashikoi kao wo shite iru ne	あいつはずるがしこい顔をしているね。	That person has a sly look on his face.	1
kanojo ha heiki na kao wo shite ita	彼女は平気な顔をしていた。	She looked as if nothing had happened.	1
chikaku koutsuu hou ga kaisei saremasu	近く交通法が改正されます。	Traffic regulations will soon be revised.	1
kare ha warui shuukan wo aratameyou to shite iru wa ne	彼は悪い習慣を改めようとしているわね。	He's trying to change his bad habits.	1
aratamete anata no goiken wo kikase te kudasai	改めてあなたのご意見を聞かせて下さい。	Please let me hear your opinion again.	1
nengou ga aratamarimashita	年号が改まりました。	The name of the era has changed.	1
seimei ha umi kara hajimatta to iwarete iru	生命は海から始まったと言われている。	It is said that life started in the sea.	1
inochi yori taisetsu na mono ha nai yo	命より大切なものは無いよ。	There is nothing more important than life.	1
kare ha amerika ryoujikan ni dekaketa yo	彼はアメリカ領事館に出かけたよ。	He went out to the American consulate.	1
ryoushuusho wo kudasai	領収書をください。	Please give me a receipt.	1
kono kikai no shikumi ha fukuzatsu da	この機械の仕組みは複雑だ。	The mechanism of this machine is complex.	1
kare ha ichinen nikumi no seito desu	彼は1年2組の生徒です。	He's a student in first grade, second class.	1
kono purojiekuto de watashi ha kare to kunde iru n da	このプロジェクトで私は彼と組んでいるんだ。	I am pairing up with him for this project.	1
iroiro na hana wo kumiawase hanataba wo tsukurimashita	いろいろな花を組み合わせ花束を作りました。	I put many kinds of flowers together to make a bouquet.	1
kyanpeen ni atarashii ibento wo kumikomimashita	キャンペーンに新しいイベントを組み込みました。	We introduced a new event into the campaign.	1
kuizu bangumi wo miru no ga suki desu	クイズ番組を見るのが好きです。	I like to watch quiz shows.	1
kanojo ha supeingo ni torikunde imasu	彼女はスペイン語に取り組んでいます。	She's working on her Spanish.	1
suki na bangumi wo rokuga shita no	好きな番組を録画したの。	I recorded my favorite program.	2
rajio bangumi ni rikuesuto wo okutta no	ラジオ番組にリクエストを送ったの。	I sent a request to the radio show.	1
sono machi ha orimonogyou de yuumei desu	その町は織物業で有名です。	The town is famous for the textile industry.	1
arata na keikaku ga susunde imasu	新たな計画が進んでいます。	A new plan is in progress.	1
oote cheenten ga shinshutsu shite iru	大手チェーン店が進出している。	That major store chain is expanding.	1
gakkai ha yotei doori ni shinkou shite imasu	学会は予定通りに進行しています。	The academic conference is proceeding as scheduled.	1
kagaku gijutsu ha mezamashiku shinpo shite iru no	科学技術は目覚しく進歩しているの。	Science and technology have advanced remarkably.	1
kono michi wo massugu susumu to kokudou ni demasu	この道をまっすぐ進むと国道に出ます。	If you carry straight on this road you will come out at the national highway.	1
kaikaishiki de senshutachi ga koushin shimashita	開会式で選手たちが行進しました。	Players paraded at the opening ceremony.	1
kare ha yamamichi wo dondon susunde itta no	彼は山道をどんどん進んで行ったの。	He made quick progress along the mountain path.	1
taifuu ha hokusei ni susunde imasu	台風は北西に進んでいます。	The typhoon is advancing toward the northwest.	1
koko kara nansei ni susumu to mura ga arimasu	ここから南西に進むと村があります。	There's a village if you continue southwest from here.	1
paateii ni iku no ha nantonaku ki ga susumanai na	パーティーに行くのは何となく気が進まないな。	Somehow I don't feel like going to the party.	1
sono kaisha ha risaikuru wo suishin shite iru ne	その会社はリサイクルを推進しているね。	The company is promoting recycling.	1
dejikame shijou ha kyuusoku ni kakudai shite iru	デジカメ市場は急速に拡大している。	The digital camera market has expanded rapidly.	1
kanojo ha kakei wo makasarete iru no	彼女は家計を任されているの。	She's in charge of the family budget.	1
kanojo ha kaikei shunin desu	彼女は会計主任です。	She is an account manager.	1
chichioya ni ha ikka wo sasaeru sekinin ga aru	父親には一家を支える責任がある。	My father has the responsibility to support the family.	1
kare ha shikkari to sekinin wo hatashimashita	彼はしっかりと責任を果たしました。	He fulfilled his responsibilities diligently.	1
watashi ha 3 nensei no kurasu wo tannin shite imasu	私は3年生のクラスを担任しています。	I'm in charge of the third-grade class.	1
shachou no jinin ga kimarimashita	社長の辞任が決まりました。	The president's resignation has been agreed upon.	1
kare ha oseji wo iu no ga umai	彼はお世辞を言うのが上手い。	He is good at flattery.	1
eiwa jisho wo yoku tsukaimasu	英和辞書をよく使います。	I often use an English-Japanese dictionary.	1
denshi jisho ha totemo benri desu	電子辞書はとても便利です。	Electronic dictionaries are very useful.	1
watashi ha waei jisho wo yoku tsukaimasu	私は和英辞書をよく使います。	I often use a Japanese-English dictionary.	1
iinkai ha sono mondai ni tsuite kyougi shimashita wa	委員会はその問題について協議しましたわ。	The committee discussed the issue.	1
ashita iinkai ga hirakaremasu	明日、委員会が開かれます。	The committee meeting will be held tomorrow.	1
kare ha iin ni erabaremashita	彼は委員に選ばれました。	He was elected to the committee.	1
kare ha oote no meekaa ni tsutomete imasu	彼は大手のメーカーに勤めています。	He works for a big manufacturing company.	1
chichi ha izen kokutetsu ni tsutomete imashita	父は以前、国鉄に勤めていました。	My father used to work for Japan National Railways.	1
kare ha shiten ni tenkin shita yo	彼は支店に転勤したよ。	He was transferred to one of the branches.	1
obasan、konnichiha。	おばさん、こんにちは。	Good afternoon (addressed to a familiar middle-aged woman).	1
ani ha shousha ni tsutomete imasu	兄は商社に勤めています。	My elder brother works for a trading company.	1
maiasa shichi ji go fun ni shukkin shimasu	毎朝7時5分に出勤します。	I go to work at 7:05 every morning.	1
kare ha unsou gaisha ni tsutomete iru no	彼は運送会社に勤めているの。	He works for a transportation company.	1
kare ha kinben na hito desu	彼は勤勉な人です。	He is a diligent person.	1
watashi ha tsuukin ni jieiaaru wo tsukau n da	私は通勤にJRを使うんだ。	I commute by JR.	1
kongetsu ha shukkin nissuu ga ooi desu	今月は出勤日数が多いです。	I'm working many days this month.	1
watashi no tsutomesaki ni gorenraku kudasai	私の勤め先にご連絡ください。	Please contact my office.	1
raigetsu de tsutome wo yamemasu	来月で勤めをやめます。	I'll quit my job next month.	1
moshikashitara rainen tenkin ni naru kamo shirenai	もしかしたら来年転勤になるかも知れない。	It's possible that I might be transferred next year.	1
watashi no ichinichi no kinmujikan ha hachijikan desu	私の一日の勤務時間は8時間です。	I work 8 hours a day.	1
jimu no keiken ga sannen arimasu	事務の経験が3年あります。	I have three years experience in clerical work.	1
watashi no chichi ha koumuin desu	私の父は公務員です。	My father is a civil servant.	1
atarashii jimuin ga hairimashita	新しい事務員が入りました。	A new clerk joined the office.	1
kare ha saigo made jibun no ninmu wo hatashita	彼は最後まで自分の任務を果たした。	He fulfilled his duties right to the end.	1
kaisha ha juugyouin no kazu wo fuyasu yotei da	会社は従業員の数を増やす予定だ。	The company plans to increase the number of employees.	1
juugyouin ha asu kara sutoraiki desu	従業員は明日からストライキです。	Employees will go on strike from tomorrow.	1
watashi ha ryoushin ni shitagatte koudou shimasu	私は良心に従って行動します。	I behave according to my conscience.	1
kokumin ha hou ni shitagawanakereba naranai yo	国民は法に従わなければならないよ。	Citizens must observe the law.	1
atarashii shain wo yatoimashita	新しい社員を雇いました。	We employed a new staff member.	1
kare ha eigyou de jisseki wo ageta n da	彼は営業で実績を上げたんだ。	He achieved good results working in sales.	1
anata no seiseki ga sagatta no ha atarimae desu	あなたの成績が下がったのは当たり前です。	No wonder your grades dropped.	1
kanojo no seiseki ha jou no ge desu	彼女の成績は上の下です。	Her grades are ranked at the bottom of the top group.	1
kare ha toppu no seiseki de goukaku shimashita	彼はトップの成績で合格しました。	He passed with the best score.	1
kare ha toppu ni tsugu kouseiseki deshita	彼はトップに次ぐ好成績でした。	His excellent results were next to the top.	1
kotoshi no oubo sakuhin ha suijun ga takakatta ne	今年の応募作品は水準が高かったね。	The standard of entries this year was high.	1
kyuujin ni tasuu no oubo ga atta	求人に多数の応募があった。	There were a lot of applications for the job opening.	1
sono shigoto ni tasuu no oubo ga atta yo	その仕事に多数の応募があったよ。	There were a lot of applications for the job.	1
oubo sakuhin no daishou ha toimasen	応募作品の大小は問いません。	Submitted works of all sizes accepted.	1
shikaku wo yuusuru hito nomi oubo dekimasu	資格を有する人のみ応募できます。	Only qualified individuals may apply.	1
benkyou ni shuuchuu shinasai	勉強に集中しなさい。	Concentrate on studying.	1
shichi ji go fun ni eki de shuugou shimashou	7時5分に駅で集合しましょう。	Let's meet at the station at 7:05	1
kyou ha kumiai no atsumari ga aru wa	今日は組合の集まりがあるわ。	There is a union meeting today.	1
koudo na gijutsu wo motsu jinzai wo atsumemashita	高度な技術を持つ人材を集めました。	We've attracted highly-skilled personnel.	1
sono marason taikai ni ha takusan no kuniguni kara senshu ga atsumatta yo	そのマラソン大会にはたくさんの国々から選手が集まったよ。	A lot of athletes from many countries gathered for the marathon.	1
ame de atsumari ga warui desu ne	雨で集まりが悪いですね。	Not many people are showing up because of the rain.	1
sono toshi ni ha samazama na jinshu ga atsumatte iru wa	その都市には様々な人種が集まっているわ。	There are a lot of different ethnic groups in this city.	1
watashi no kaisha de shain wo boshuu shite imasu	私の会社で社員を募集しています。	My company is recruiting new staff.	1
shuugoujikan wo 30 pun hayamemashita	集合時間を30分早めました。	I pushed forward the meeting time by 30 minutes.	1
ima kara touan wo atsumemasu	今から答案を集めます。	I'll collect the answer sheets now.	1
kosuto ga konnani takakute ha saisan ga toremasen	コストがこんなに高くては採算が取れません。	When the costs are so high, profit can't be made.	1
sensei ha shiken no saiten ga owatta you ne	先生は試験の採点が終わったようね。	It seems that the teacher has finished marking the examination.	1
kono yama de ha kinoko ga toremasu yo	この山ではきのこが採れますよ	You can collect mushrooms on this mountain.	1
kare no kaisha ha denryoku wo kyoukyuu shite imasu	彼の会社は電力を供給しています。	His company supplies electricity.	1
gekkyuu ha maitsuki nijuugonichi ni shikyuu saremasu	月給は毎月25日に支給されます。	The salary is paid on the 25th of every month.	1
kono shigoto ha jikyuu sen'en desu	この仕事は時給1000円です。	This work pays 1000 yen per hour.	1
daigaku sotsugyou ha issakunen desu	大学卒業は一昨年です。	I graduated from university two years ago.	1
3 gatsu ni daigaku wo sotsugyou no mikomi desu	3月に大学を卒業の見込みです。	I expect to graduate from university in March.	1
ronbun wo shiagenai to sotsugyou dekimasen yo	論文を仕上げないと卒業できませんよ。	You can't graduate if you don't finish your thesis.	1
imouto ha tandai wo sotsugyou shimashita	妹は短大を卒業しました。	My little sister graduated from junior college.	1
sotsugyoushiki ni hanataba wo moraimashita	卒業式に花束をもらいました。	I got a bouquet of flowers at my graduation ceremony.	1
kare ha shinshushou ni shuunin shimashita ne	彼は新首相に就任しましたね。	He assumed his post as the new Prime Minister.	1
kotoshi kara atarashii shigoto ni tsukimasu	今年から新しい仕事に就きます。	I'll start a new job this year.	1
koko ha shokuin senyou no deiriguchi desu	ここは職員専用の出入り口です。	This is an entrance for staff only.	1
anata no shokugyou wo oshiete kudasai	あなたの職業を教えてください。	Please tell me your occupation.	1
watashi ha shitetsu no shokuin desu	私は私鉄の職員です。	I'm an employee of a private railway company.	1
kare ha na no tootta kaisha ni shuushoku shimashita	彼は名の通った会社に就職しました。	He found employment in a well-known company.	1
kare no shokuba ha tonai ni arimasu	彼の職場は都内にあります。	His office is in the Tokyo metropolitan area.	1
shikaku ga aru to shuushoku ni yuuri desu	資格があると就職に有利です。	It's advantageous to have qualifications when looking for work.	1
kanojo ha to no shokuin desu	彼女は都の職員です。	She's an official of the metropolitan government.	1
shokuba de no danjo fubyoudou ha yoku mirareru ne	職場での男女不平等はよく見られるね。	You can often find gender inequality in the workplace.	1
watashi ha kongetsu ippai de taishoku shimasu	私は今月一杯で退職します。	I retire at the end of this month.	1
otouto ha koukou wo taigaku shimashita	弟は高校を退学しました。	My little brother withdrew from high school.	1
guai ga warukatta no de shigoto wo soutai shimashita	具合が悪かったので仕事を早退しました。	I left work earlier than usual because I was unwell.	1
kare ni ha rikutsu ga tsuujinai	彼には理屈が通じない。	He doesn't understand logics.	1
kouchou no taikutsu na hanashi ga tsuzuita n da yo	校長の退屈な話が続いたんだよ。	The principal's boring talk carried on.	1
ano kaisha to no keiyaku ga seiritsu shimashita	あの会社との契約が成立しました。	We concluded a contract with that company.	1
kare ha sono kaisha to koyou keiyaku wo musunda no	彼はその会社と雇用契約を結んだの。	He signed a contract of employment with the company.	1
shachou mizukara ga sono kaisha to koushou shita yo	社長自らがその会社と交渉したよ。	The president himself negotiated with the company.	1
koushou ga seiritsu suru to iu zentei de hanashi wo susumemasu	交渉が成立するという前提で話を進めます。	We're proceeding with talks under the assumption we'll complete the deal.	1
nikokukan de jouyaku ga musubaremashita	2国間で条約が結ばれました。	A treaty was concluded between the two countries.	1
sono jiken ha shidaini wasurerarete itta no sa	その事件は次第に忘れられていったのさ。	The incident was gradually forgotten.	1
saikin jiken no shinsou ga akiraka ni natta yo	最近、事件の真相が明らかになったよ。	Recently the truth of the case has been revealed.	1
senjitsu no ken ha dou narimashita ka	先日の件はどうなりましたか。	What happened about that matter the other day?	1
saikin ha akushitsu na jiken ga ooi desu ne	最近は悪質な事件が多いですね。	There have been a lot of malicious incidents recently.	1
sono jiken ni tsuite ha toukyoku ga chousa shite imasu	その事件については当局が調査しています。	The authorities concerned are investigating the incident.	1
sono ken ha owatta to ninshiki shite imasu	その件は終わったと認識しています。	My understanding is that the matter is over.	1
kare ha oubo no jouken wo mitashite inai	彼は応募の条件を満たしていない。	He doesn't meet the application requirements.	1
kare ha kono jiken to mukankei desu	彼はこの事件と無関係です。	He has nothing to do with this incident.	1
sono jiken ni tsuite shinbun ni tousho shita n da	その事件について新聞に投書したんだ。	I wrote in to the newspaper regarding that incident.	1
kono ken no tantousha ha mitei desu	この件の担当者は未定です。	It's not yet decided who the person in charge of this matter will be.	1
youken wo memo shite okimashita	用件をメモしておきました。	I made a note of the matter.	1
kono hon wo sankou ni shite kudasai	この本を参考にして下さい。	Please refer to this book.	1
kare ha sangiin giin desu	彼は参議院議員です。	He is a member of the House of Councilors.	1
kazoku de otera ni omairi ni ikimashita	家族でお寺にお参りに行きました。	We payed a visit to the temple with the family.	1
kono sankousho ha totemo yaku ni tatsu yo	この参考書はとても役に立つよ。	This reference book is very useful.	1
saa mairimashou ka	さあ、参りましょうか。	Well, shall we go?	1
kare ha mijime na kimochi ni natta no	彼は惨めな気持ちになったの。	He began to feel miserable.	1
watashitachi no chiimu ni kare ga kuwawatta	私たちのチームに彼が加わった。	He joined our team.	1
natsuyasumi ni ha kurabu no gasshuku ni sanka shimasu	夏休みにはクラブの合宿に参加します。	I attend my club's training camp during summer vacations.	1
sorehasazogakkarishitakotodeshou。	それはさぞがっかりしたことでしょう。	That must have been disappointing.	1
iikagen na koto wo itte ha ikemasen	いい加減なことを言ってはいけません。	You shouldn't say thoughtless things.	1
kanojo ha demo ni sanka shita yo	彼女はデモに参加したよ。	She participated in the demonstration.	1
anata ha hoken ni kanyuu shite imasu ka	あなたは保険に加入していますか。	Have you taken out insurance?	1
kare ha purojiekuto he no sanka wo moushideta yo	彼はプロジェクトへの参加を申し出たよ。	He offered to join the project.	1
sankasha no ninzuu wo oshiete kudasai	参加者の人数を教えてください。	Please tell me the number of participants.	1
chounaikai no rekurieeshon ni sanka shita no	町内会のレクリエーションに参加したの。	I took part in the recreational activities organized by the neighborhood association.	1
saru mono ha owazu	去る者は追わず。	Do not chase after one who leaves.	1
kare ha ie kara oidasareta	彼は家から追い出された。	He was kicked out from his home.	1
patokaa ga baiku wo oikakete ru zo	パトカーがバイクを追いかけてるぞ。	The police car is chasing the motorbike.	1
oodaa wo tsuika shimashita	オーダーを追加しました。	I made an additional order.	1
zennen ni kurabete rieki ga agarimashita	前年に比べて利益が上がりました。	Profits went up compared with the previous year.	1
aiteiigyoukai ha josei no hiritsu ga hikui	IT業界は女性の比率が低い。	The ratio of women in the IT industry is low.	1
kanojo ha futari no kao wo mikurabeta no	彼女は二人の顔を見比べたの。	She looked alternately at the two of them, reading their faces.	1
kyonen no uriage to hikaku shimashou	去年の売り上げと比較しましょう。	Let's compare it with last year's sales.	1
uketori ni hanko wo onegai shimasu	受け取りに判子をお願いします。	Please stamp your seal on the receipt.	1
hanketsu ga kudasareta	判決が下された。	Judgment was passed.	1
koko ni hanko wo oshite kudasai	ここに判子を押してください。	Please put your personal seal here.	1
hyouban no ii resutoran ni ikimashita	評判の良いレストランに行きました。	We went to a restaurant with a good reputation.	1
ano ko ha kanji no ii ko desu	あの子は感じの良い子です。	That child is very likable.	1
kanjou to ha fukuzatsu na mono desu	感情とは複雑なものです。	Emotions are complex things.	1
kandou suru eiga deshita	感動する映画でした。	It was a moving film.	1
kodomo ga arukihajimeta toki kodomo no seichou wo jikkan shita	子供が歩き始めたとき、子供の成長を実感した。	I got a real sense of my kid's growth when he started walking.	1
kare ha kanjou wo komete sono uta wo utatta no	彼は感情を込めてその歌を歌ったの。	He sang the song with feeling.	1
hito ni ha shisou no jiyuu ga aru	人には思想の自由がある。	People have freedom of thought.	1
gokansou wo okikase kudasai	ご感想をお聞かせ下さい。	Please tell me your ideas.	1
kare ha kuusou ni fukette iru no	彼は空想にふけっているの。	He's indulging himself in daydreams.	1
kare no yosou ha ooatari deshita	彼の予想は大当たりでした。	His prediction was spot on.	1
watashi no yosou ga atatta	私の予想が当たった。	My forecast proved right.	1
kare ha takai risou wo motte iru no	彼は高い理想を持っているの。	He has high ideals.	1
soutei gai no mondai ga shoujita no。	想定外の問題が生じた の。	An unexpected problem arose.	1
kono sofuto de gazou wo gousei dekimasu	このソフトで画像を合成できます。	Images can be synthesized with this software.	1
kono firumu wo genzou shite kudasai	このフィルムを現像してください。	Please develop this film.	1
sonna koto ha souzou dekinai yo	そんなことは想像できないよ。	I can't imagine such a thing.	1
terebi de asu no kishou jouhou wo kakunin shita yo	テレビで明日の気象情報を確認したよ。	I checked tomorrow's weather forecast on the TV.	1
zou ni notte mitai desu	象に乗ってみたいです。	I want to ride on the elephant.	1
kare ha chuushouteki na e ga suki da ne	彼は抽象的な絵が好きだね。	He likes abstract pictures.	1
tousha no seihin ha sannenkan no hoshoutsuki desu	当社の製品は3年間の保障つきです。	Our company's products come with a three-year guarantee.	1
konpyuuta no denshi kairo ga koshou shita	コンピュータの電子回路が故障した。	The computer's electric circuits have broken down.	1
kono mondai ha haadouea no koshou ga gen'in desu	この問題はハードウェアの故障が原因です。	This problem is caused by a hardware malfunction.	1
watashi ga anata no anzen wo hoshou shimasu	私があなたの安全を保障します。	I guarantee your safety.	1
kuruma no mootaa wo shuuri shita ze	車のモーターを修理したぜ！	I repaired the car's motor.	1
te no kizu ga akka shita	手の傷が悪化した。	The wound in my hand has gotten worse.	1
ashi no kizu ga itamimasu	足の傷が痛みます。	The wound in my foot hurts.	1
sono jiko de ooku no hito ga fushou shita no	その事故で多くの人が負傷したの。	A lot of people were injured in the accident.	1
watashi ha muishiki ni kare wo kizutsukete shimatta	私は無意識に彼を傷つけてしまった。	Unintentionally, I ended up hurting him.	1
shiai no aite to yunifoomu wo koukan shita yo	試合の相手とユニフォームを交換したよ。	We exchanged uniforms with the opposing team at the match.	1
meido ga shiitsu wo koukan shite kureta ne	メイドがシーツを交換してくれたね。	The maid changed the sheets.	1
shoukaki wo koukan shimashita	消火器を交換しました。	The fire extinguisher was replaced.	1
hiragana wo katakana ni henkan shimashita	ひらがなをカタカナに変換しました。	I converted hiragana into katakana.	1
kuruma no taiya wo kaeta	車のタイヤを換えた。	I changed the tires on the car.	1
ie made koutai de nimotsu wo mochimashita	家まで交替で荷物を持ちました。	We took turns carrying the luggage to the house.	1
kuruma no buhin wo torikaeta n da	車の部品を取り替えたんだ。	I changed some parts of the car.	1
mizugi ni kigaemashita	水着に着替えました。	I changed into a swimsuit.	1
shiitsu wo torikaemashita	シーツを取り替えました。	I changed the sheets.	1
okane ga nai nara watashi ga tatekaete okimasu	お金がないなら私が立て替えておきます。	I'll pay for you for the time being if you have no money.	1
tabisaki de omoigakenai sainan ni aimashita	旅先で思いがけない災難にあいました。	We encountered an unexpected misfortune on the trip.	1
suigai de takusan no hito ga ie wo ushinatta no	水害でたくさんの人が家を失ったの。	A great number of people lost their homes due to flood damage.	1
kono zairyou ha yuugai da yo	この材料は有害だよ。	This material is hazardous.	1
hisaichi de ha inryousui ga fusoku shite iru no	被災地では飲料水が不足しているの。	Drinking water is lacking in the disaster area.	1
hon ni kabaa wo kabuseta no 。	本にカバーを被せたの。	I put a cover on the book.	1
kare no ie ha taifuu no higai ni atta no	彼の家は台風の被害にあったの。	His house was damaged in the typhoon.	1
hisaichi ni busshi wo okutta yo	被災地に物資を送ったよ。	We sent supplies to the disaster area.	1
kono hon ha peeji ga tokorodokoro yaburete iru ne	この本はページが所々破れているね。	The pages are torn here and there in this book.	1
shizen no hakai ga susunde iru no yo	自然の破壊が進んでいるのよ。	The destruction of nature is advancing.	1
kudaranaioshaberihayamenasai。	くだらないおしゃべりはやめなさい。	Stop chattering.	1
taionkei ga kowarete shimatta	体温計が壊れてしまった。	The clinical thermometer has broken.	1
kanojo ha toorigakari no hito ni sukuwareta yo	彼女は通りがかりの人に救われたよ。	She was saved by a passing stranger.	1
musume no sonzai ga watashi no sukui deshita	娘の存在が私の救いでした。	My daughter's existence saved me.	1
puuru de otoko no ko ga kyuujo saremashita	プールで男の子が救助されました。	A boy was rescued in the swimming pool.	1
kare no tasuke ha hontou ni arigatai na	彼の助けは本当に有り難いな。	His help is really welcome.	1
mohaya kare no tasuke ha hitsuyou ja nai no	もはや彼の助けは必要じゃないの。	His help is no longer needed.	1
kare ha shiitoberuto wo shite ita no de tasukatta n da	彼はシートベルトをしていたので助かったんだ。	He survived because he was wearing a seat belt.	1
kare no shien ga nakattara dou natte ita ka	彼の支援がなかったらどうなっていたか。	What would have happened without his support?	1
sono kuni ni ha busshi no enjo ga hitsuyou desu	その国には物資の援助が必要です。	That country needs substantial aid.	1
sono kuni no seifu ha kakkoku ni shien wo yousei shita no yo	その国の政府は各国に支援を要請したのよ。	The government of that country requested support from all nations.	1
yukimichi de hade ni koronde shimatta no	雪道で派手に転んでしまったの。	I slipped spectacularly on the snowy road.	1
hashutsujo ni dare mo inai na	派出所にだれもいないな。	There's no one in the police box.	1
ojiichan ni okozukai wo moratta yo	おじいちゃんにお小遣いをもらったよ。	I got pocket money from grandpa.	1
kare ha igirisu ni haken saremashita	彼はイギリスに派遣されました。	He was sent to England.	1
kono sentaa de koujou zentai wo kanri shite imasu	このセンターで工場全体を管理しています。	The entire factory is run from this center.	1
kare ha ooki na ayamachi wo okashite iru	彼は大きな過ちを犯している。	He is making a big mistake.	1
keisatsu ha hannin wo tokutei shita rashii yo	警察は犯人を特定したらしいよ。	The police seem to have determined the criminal.	1
aitsu ga hannin desu	あいつが犯人です。	That guy's the criminal.	1
hannin ha pisutoru wo motte iru wa	犯人はピストルを持っているわ。	The criminal has a pistol.	1
kare ga hannin na no ha meihaku desu	彼が犯人なのは明白です。	It's clear that he's the perpetrator.	1
saikin hanzai ga hette imasu	最近犯罪が減っています。	Crime has been decreasing lately.	1
kare no tsumi ha omoi na	彼の罪は重いな。	His crime is serious.	1
goutou ga kamera ni utsutte imashita	強盗がカメラに写っていました。	The burglar was caught on camera.	1
sakuya jitensha no tounan ni atta yo	昨夜、自転車の盗難にあったよ。	My bicycle was stolen last night.	1
sono otoko ha kanojo no baggu wo ubatta zo	その男は彼女のバッグを奪ったぞ。	That man stole her bag.	1
hannin ha keisatsu ni tsukamaru mae ni jisatsu shimashita	犯人は警察に捕まる前に自殺しました。	The criminal committed suicide before he was caught by the police.	1
kanojo ha tsuini tsukamarimashita	彼女はついに捕まりました。	She was finally caught.	1
hannin ha kokugai ni nigeta you desu	犯人は国外に逃げたようです。	The criminal seems to have escaped abroad.	1
tora ga ori kara nigedashimashita	トラがおりから逃げ出しました。	The tiger escaped from the cage.	1
shippai shita toki no nigemichi wo kangaeta no	失敗した時の逃げ道を考えたの。	I considered my escape route if I failed.	1
karera ha tsugi no shiai no tame ni sakusen wo tateta no yo	彼らは次の試合のために作戦を立てたのよ。	They determined the strategy for the next game.	1
kono shousetsu no shudai ha hansen desu	この小説の主題は反戦です。	The main theme of this novel is opposition to war.	1
senzen no seikatsu ha ima to mattaku chigaimashita	戦前の生活は今と全く違いました。	Life before the World War II is quite different from that of now.	1
utagassen ha aka gumi no kachi deshita ne	歌合戦は赤組の勝ちでしたね。	The red team won the singing contest.	1
kare ha saigo made tatakatta yo	彼は最後まで戦ったよ。	He fought to the very end.	1
kare ha atarashii koto ni chousen shite iru	彼は新しいことに挑戦している。	He's trying out new challenges.	1
haisen no gen'in ha nan darou	敗戦の原因は何だろう。	I wonder what caused the defeat.	1
nagai tatakai ga owatta	長い戦いが終わった。	The long battle came to an end.	1
watashi no chiimu ha 1 kaisen de yabureta yo	私のチームは1回戦で敗れたよ。	My team lost in the first round.	1
taisen de ooku no hito ga nakunarimashita	大戦で多くの人が亡くなりました。	A lot of people died in the world wars.	1
senkyo de ha mittsu no seitou ga arasotte imasu	選挙では3つの政党が争っています。	Three political parties are competing in the election.	1
sono nikoku ha shigen wo megutte arasotte imasu	その2国は資源をめぐって争っています。	The two countries are competing for resources.	1
kare ha kojin kyougi no supootsu ga suki desu	彼は個人競技のスポーツが好きです。	He likes individual sports.	1
kousoku douro ha kon deta yo 。	高速道路は混んでたよ。	There was a lot of traffic on the expressway.	1
kyou ha depaato ga konzatsu shite ita yo	今日はデパートが混雑していたよ。	The department store was crowded today.	1
futatsu no yakuhin wo 1 tai 3 no wariai de mazeta n da	二つの薬品を1対3の割合で混ぜたんだ。	I mixed the two chemicals at a ratio of 1 to 3.	1
karee ni yooguruto wo irete yoku mazete kudasai	カレーにヨーグルトを入れて、よく混ぜてください。	Please put the yogurt in the curry, and mix it well.	1
sengo no nihon ha konran shite imashita	戦後の日本は混乱していました。	Japan was in a state of confusion after World War II.	1
saikin kare ha seikatsu no rizumu ga midarete imasu	最近彼は生活のリズムが乱れています。	His daily routine has been disrupted lately.	1
moji no ookisa ha touitsu shite kudasai	文字の大きさは統一してください。	Please standardize the size of the characters.	1
kore ha sakunen no uriage no toukei desu	これは昨年の売り上げの統計です。	These are the statistics for last year's sales.	1
raigetsu no soukai ha toukyou de okonawaremasu	来月の総会は東京で行われます。	The general meeting next month is to be held in Tokyo.	1
zen'in no iken wo sougou shite mimashou	全員の意見を総合してみましょう。	Let's put all the opinions together.	1
sankasha no sousuu ha 705 nin deshita	参加者の総数は705人でした。	The total number of attendees was 705.	1
keisatsu ga sono otoko wo sagashite iru no	警察がその男を捜しているの。	The police are searching for the man.	1
sono satsujin jiken no sousa ha 2 nenkan tsuzukimashita	その殺人事件の捜査は2年間続きました。	The investigation of the murder case continued for two years.	1
shousuu ha kirisutete keisan shite kudasai	小数は切り捨てて計算して下さい。	Please round down the decimal and then calculate.	1
gomi wo nokorazu hirotta yo	ゴミを残らず拾ったよ。	I picked up all the garbage.	1
sakuin ha taitei hon no ushiro ni tsuite imasu yo	索引はたいてい本の後ろについていますよ。	The index is usually found in the end of the book.	1
kore ha jinkou no mizuumi desu	これは人工の湖です。	This is an artificial lake.	1
mizuumi ni tsuru ga imasu yo	湖にツルがいますよ。	There's a crane on the lake.	1
mizuumi de sukeeto wo shita	湖でスケートをした。	We went skating on the lake.	1
kaeru ga ike ni tobikonda ne	カエルが池に飛び込んだね。	The frog jumped into the pond.	1
kanojo ha ibunka ni taisuru rikai wo fukameta ne	彼女は異文化に対する理解を深めたね。	She deepend her understanding of different cultures.	1
kare ha itsumo monogoto wo fukaku kangaeru no	彼はいつも物事を深く考えるの。	He always thinks deeply about things.	1
kare ha chuuibukai hito desu	彼は注意深い人です。	He's a cautious person.	1
watashi no hanashi wo ochitsuite kiite kudasai	私の話を落ち着いて聞いてください。	Calm down and listen to me.	1
kaabu wo magaru toki ha supiido wo otoshimashou	カーブを曲がるときはスピードを落としましょう。	You should slow down when driving around a bend.	1
otouto ha ochitsuki ga tarimasen	弟は落ち着きが足りません。	My little brother is too restless.	1
seiseki ga ochite gakkari shita	成績が落ちてがっかりした。	I was disappointed bacause my grades fell.	1
kongakki ha seiseki ga gakunto ochite shimatta	今学期は成績ががくんと落ちてしまった。	My grades fell sharply this semester.	1
tsugi no danraku wo yonde kudasai	次の段落を読んでください。	Please read the following paragraph.	1
machigai wo miotoshita no	間違いを見落としたの。	I failed to notice a mistake.	1
kono tesuto ni shippai shitara rakudai desu	このテストに失敗したら落第です。	You're going to flunk if you fail this test.	1
maamaa ochitsuite kudasai	まあまあ、落ち着いてください。	Now, now, please settle down.	1
nitchuu ha zutto umi de oyoide imashita	日中はずっと海で泳いでいました。	I swam in the sea all day long.	1
mizuumi no suimen ni chiisaku nami ga tatte iru na	湖の水面に小さく波が立っているな。	There are a lot of small waves on the surface of the lake.	1
motto hoka no machi to no kouryuu wo fukamemashou	もっと他の町との交流を深めましょう。	Let's strengthen our ties with other towns.	1
kare ha ichiryuu no senshu desu	彼は一流の選手です。	He is a top-ranked player.	1
koko de futatsu no kairyuu ga deatte iru	ここで2つの海流が出合っている。	Two sea currents converge here.	1
kare ha sanryuu daigaku wo deta ga ima ha shachou da yo	彼は三流大学を出たが、今は社長だよ。	Even though he went to a third-rate college he is now the company president.	1
ogawa ga sarasara nagarete imasu	小川がさらさら流れています。	The stream flows smoothly.	1
kawa no jouryuu ha nagare ga hayai yo	川の上流は流れが速いよ。	The river flows fast upstream.	1
kyou ha ryuutsuu no shikumi wo benkyou shimashou	今日は流通の仕組みを勉強しましょう。	Let's study the distribution mechanism today.	1
sono futatsu no machi no chuukan ni ha kawa ga nagarete iru no	そのふたつの町の中間には川が流れているの。	A river flows between the two towns.	1
kawa no chuuryuu atari ni sono mura ha aru yo	川の中流あたりにその村はあるよ。	That village is near the middle reaches of the river.	1
kare ha madamada niryuu no geinin da ne	彼はまだまだ二流の芸人だね。	He's still a second-class artist.	1
kono fuku ha ima no hayari desu	この服は今の流行です。	These clothes are the latest fashion.	1
kono sutairu ha kotoshi no ryuukou desu	このスタイルは今年の流行です。	This style is in fashion this year.	1
kouzui de takusan no ie ga nagasareta no	洪水でたくさんの家が流されたの。	A lot of houses were washed away in the flood.	1
kanojo ha taichou wo kuzushite imasu	彼女は体調を崩しています。	She is under the weather.	1
ima ha hotondo no toire ga suisen desu yo	今はほとんどのトイレが水洗ですよ。	Most toilets nowadays flush.	1
watashi ha araimono wo shita ato te ni kuriimu wo nurimasu	私は洗い物をしたあと、手にクリームをぬります。	I put on hand cream after doing the dishes.	1
haha ha daidokoro de araimono wo shite imasu	母は台所で洗い物をしています。	Mother is doing the dishes in the kitchen.	1
kare ha kao wo jabujabu aratta no	彼は顔をじゃぶじゃぶ洗ったの。	He washed his face vigorously.	1
senmen yougu wo wasureta	洗面用具を忘れた。	I forgot my toiletries.	1
senmenki de hankachi wo aratta no	洗面器でハンカチを洗ったの。	I washed my handkerchief in a washbowl.	1
sekiyu ha iroiro na seihin no genryou ni narimasu	石油はいろいろな製品の原料になります。	Petroleum is the raw material for various products.	1
gomaabura no kawari ni oriibuyu wo tsukaimashou	ごま油の代わりにオリーブ油を使いましょう。	Let's use olive oil instead of sesame.	1
jitensha ni abura wo sashita no 。	自転車に油をさしたの。	I applied oil to the bicycle.	1
mizu to abura ha mazarimasen	水と油は混ざりません。	Water and oil don't mix.	1
kanojo ha sofaa ni karada wo shizumeta n da	彼女はソファーに体を沈めたんだ。	She sank down into the sofa.	1
shizunda fune wo hikiageta n da	沈んだ船を引き上げたんだ。	The sunken ship was salvaged.	1
chiheisen ni yuuhi ga shizumu tokoro datta no	地平線に夕日が沈むところだったの。	The sun was setting on the horizon.	1
yuuhi ga nishi no sora ni shizunda ne	夕日が西の空に沈んだね。	The evening sun sunk in the western sky.	1
fune ha chinbotsu shimashita	船は沈没しました。	The ship sank.	1
shourai ha pairotto ni naritai desu 。	将来はパイロットになりたいです。	I want to become a pilot in the future.	1
kanojo ga shourai daitouryou ni naru koto ha kakujitsu desu	彼女が将来、大統領になることは確実です。	It is certain that she will become the president in the future.	1
shourai ha puro no kameraman ni naritai desu	将来はプロのカメラマンになりたいです。	I want to be a professional photographer in the future.	1
shourai ha kiraku na seikatsu ga shitai desu	将来は気楽な生活がしたいです。	I want to have an easy life in the future.	1
heiwa ha jinrui no eien no teema desu	平和は人類の永遠のテーマです。	Peace is an eternal issue for human beings.	1
kare ha eikyuu ni kaeranu hito to natta no yo	彼は永久に帰らぬ人となったのよ。	He passed away.	1
hisashiburi ni zensokuryoku de hashirimashita	久しぶりに全速力で走りました。	I ran at full speed for the first time in a long time.	1
koori ha mizu ni ukimasu	氷は水に浮きます。	Ice floats on water.	1
samenai uchi ni douzo oagari kudasai	冷めないうちにどうぞお上がり下さい。	Please eat it while it is still hot.	1
hiete yubi no kankaku ga nai	冷えて指の感覚がない。	I am so cold I can't feel my fingers.	1
seken no hannou ha tsumetakatta yo	世間の反応は冷たかったよ。	The reaction of the public was cold.	1
kitakaze ga tsumetai desu	北風が冷たいです。	The north wind is cold.	1
ocha ga totemo atsukatta no de samashite kara nonda no	お茶がとても熱かったので冷ましてから飲んだの。	As the tea was very hot, I let it cool and then drank it.	1
asu kara kyuu ni hiekomu sou desu	明日から急に冷え込むそうです。	I hear it will suddenly get cold from tomorrow.	1
tomodachi ha sono kappuru wo hiyakashita n da	友達はそのカップルを冷やかしたんだ。	My friend teased the couple.	1
ike ga kachikachi ni kootte imasu	池がかちかちに凍っています。	The pond is frozen solid.	1
nokotta karee wo reitou shimashita	残ったカレーを冷凍しました。	I froze the left-over curry.	1
kuruma wo shako ni irete okimashita	車を車庫に入れておきました。	I put the car in the garage.	1
raishuu naizou wo kensa shimasu	来週、内臓を検査します。	Next week I'll have an internal medical examination.	1
kyou ha kaisei desu ne	今日は快晴ですね。	Today's weather is fine.	1
kono baai hoken ga tekiyou saremasu ka	この場合、保険が適用されますか。	In this case, does insurance apply?	1
kare ha kono shigoto ni tekishiteimasu	彼はこの仕事に適しています。	He's suitable for this work.	1
sono shitsumon no tekitou na kotae ga mitsukarimasen	その質問の適当な答えが見つかりません。	I could not find an appropriate answer to the question.	1
goshiteki itadaki arigatou gozaimasu	ご指摘いただきありがとうございます。	Thank you very much for pointing it out.	1
nihon no natsu ha shitsudo ga takai desu	日本の夏は湿度が高いです。	Humidity is high during summers in Japan.	1
ame no hi ga tsuzuite ie no naka ga shimeppoi na	雨の日が続いて家の中が湿っぽいな。	When it rains for days, the whole house becomes damp.	1
kono heya ha kurakute shikke ga ooi ne	この部屋は暗くて湿気が多いね。	This room is dark and damp.	1
sono kawa no mizu ha osen sarete imasu	その川の水は汚染されています。	That river's water is polluted.	1
kanojo ha hoo wo akaku someta wa	彼女はほおを赤く染めたわ。	Her cheeks flushed pink.	1
sono seido ha haishi saremashita	その制度は廃止されました。	The system was abolished.	1
soto ha ichimen no yukigeshiki datta ne	外は一面の雪景色だったね。	It was a snowy landscape outside.	1
kotoshi ha hikakuteki keiki ga ii	今年は比較的景気がいい。	Business is comparatively good this year.	1
watashi ha yama no fuukei ga suki desu	私は山の風景が好きです。	I like mountain scenery.	1
ima ano kuni ha fukeiki rashii yo	今、あの国は不景気らしいよ。	Apparently, that country is in recession now.	1
mado ni dansei no kage ga utsutte imasu	窓に男性の影が映っています。	There's a man's shadow reflected in the window.	1
endaka no eikyou de kaigai seihin ga yasuku kaemasu yo	円高の影響で海外製品が安く買えますよ。	Overseas products can be bought more cheaply because of the strong yen.	1
shijou ni ha infureeshon no eikyou ga dete iru ne	市場にはインフレーションの影響が出ているね。	The market showed the impact of inflation.	1
fukyou no eikyou de shigoto ga sukunai ne	不況の影響で仕事が少ないね。	There's little work due to the recession.	1
kankyou mondai ni kansuru kiji wo yonda no	環境問題に関する記事を読んだの。	I read an article on environmental issues.	1
koko ha kosodate ni saiteki na kankyou desu	ここは子育てに最適な環境です。	This is the best environment for bringing up children.	1
ano yama no sugu chikaku ga kokkyou desu	あの山のすぐ近くが国境です。	The border is right near those mountains.	1
futatsu no shi no sakai ni kawa ga nagarete iru no	2つの市の境に川が流れているの。	A river flows along the boundary of the two cities.	1
kare ha donna kankyou ni mo tekiou dekimasu	彼はどんな環境にも適応できます。	He can adjust to any environment.	1
hana no seichou wo kansatsu shite nikki wo kakinasai	花の成長を観察して日記を書きなさい。	Observe the growth of the flower and record it in your diary.	1
kare ha jibun no joukyou wo kyakkanteki ni mite mita no ne	彼は自分の状況を客観的に見てみたのね。	He tried to look at his situation objectively.	1
shukan dake de monogoto wo mite ha ikenai	主観だけで物事を見てはいけない。	You shouldn't look at things merely subjectively.	1
sore ha shukanteki na iken da	それは主観的な意見だ。	That is a subjective opinion.	1
ashita ha shinai wo kankou suru yotei desu 。	明日は市内を観光する予定です。	I am scheduled to go sightseeing in the city tomorrow.	1
kyouto de mikkakan kankou shimashita	京都で3日間観光しました。	I went sightseeing for three days in Kyoto.	1
daiyamondo ga kirarito hikatta	ダイヤモンドがきらりと光った。	The diamond gleamed.	1
kono shima ha kankou de naritatte imasu	この島は観光で成り立っています。	This island is built on sightseeing.	1
kono heya ha nikkou ga yoku ataru ne	この部屋は日光がよく当たるね。	This room gets quite a lot of sunshine.	1
sore ha kare no suisoku ni suginai	それは彼の推測にすぎない。	It is no more than his guess.	1
kono doa no takasa wo hakatte kudasai	このドアの高さを測ってください。	Please measure the height of this door.	1
watashi ha maiasa taijuu wo hakatte imasu	私は毎朝体重を測っています。	I weigh myself every morning.	1
kono kawa no kakou ha taiheiyou ni sosoide imasu	この川の河口は太平洋に注いでいます。	The mouth of this river flows into the Pacific Ocean.	1
saikin uesuto ga futoku natta na	最近ウエストが太くなったな。	My waist has gotten bigger lately.	1
suiheisen ni taiyou ga shizunde itta	水平線に太陽が沈んでいった。	The sun was setting on the horizon.	1
koko de ha taiyou enerugii wo tsukatte hatsuden shite imasu	ここでは太陽エネルギーを使って発電しています。	We generate electricity with solar energy here.	1
kanojo ha totemo youki desu	彼女はとても陽気です。	She's very cheerful.	1
uchuu ha yuugen da to omoimasu ka	宇宙は有限だと思いますか。	Do you think that space is finite?	1
sensei ga hoshi no kansoku ni tsurete itte kuremashita	先生が星の観測に連れて行ってくれました。	The teacher took us to observe the stars.	1
uchuu ni ha musuu no hoshi ga arimasu	宇宙には無数の星があります。	There are an infinite number of stars in space.	1
eisei ga uchiageraremashita ne	衛星が打ち上げられましたね。	The satellite was launched.	1
kono resutoran ha eiseiteki de anshin desu	このレストランは衛生的で安心です。	This restaurant is clean and safe.	1
kare ha yakyuubu no ichiin desu	彼は野球部の一員です。	He is a member of the baseball club.	1
yakyuubu ha guraundo de renshuu shite imasu	野球部はグラウンドで練習しています。	The baseball club is practicing at the field.	1
kare ha kyuugi ga daisuki desu	彼は球技が大好きです。	He loves ball games.	1
terebi de nichibei yakyuu wo yatte imasu yo	テレビで日米野球をやっていますよ。	A Japan vs. U.S. baseball game is being shown on television.	1
saikin no puroyakyuu ha omoshiroku natte kita ne	最近のプロ野球は面白くなってきたね。	Recently professional baseball is getting interesting.	1
denkyuu ga kireta no de koukan shimashou	電球が切れたので交換しましょう。	The bulb has blown so shall I change it?	1
kumo no aida kara taiyou ga arawaremashita	雲の間から太陽が現れました。	The sun appeared between the clouds.	1
kumo hitotsu nai aozora desu ne	雲一つない青空ですね。	It is a cloudless blue sky.	1
sora ga tachimachi kumotte kita ne	空がたちまち曇ってきたね。	The sky suddenly clouded over.	1
kare ha jishin de oya wo ushinaimashita	彼は地震で親を失いました。	He lost his parents due to the earthquake.	1
jishin no ato machi ha daikonran datta yo	地震の後、町は大混乱だったよ。	After the earthquake, the town was in pandemonium.	1
jishin ha shizen saigai no hitotsu desu	地震は自然災害のひとつです。	Earthquakes are one type of natural disaster.	1
kesa no jishin ha shindo san deshita yo	今朝の地震は震度3でしたよ。	The earthquake this morning had a seismic intensity of three.	1
kare ha buruburu furuete ita yo	彼はぶるぶる震えていたよ。	He was shivering.	1
jishin de densha ga dassen shita yo	地震で電車が脱線したよ。	The train was derailed due to the earthquake.	1
kare ha jibun no jinsei wo furikaetta wa	彼は自分の人生を振り返ったわ。	He looked back on his life.	1
juunen buri no ooyuki desu	10年振りの大雪です。	This is the heaviest snow in ten years.	1
ofurikomi ha 3 ban no madoguchi desu	お振込みは3番の窓口です。	Bank transfers are at window number 3.	1
kare ha batto no furi ga ooki sugiru	彼はバットの振りが大きすぎる。	He swings the bat too wide.	1
kaze de densen ga yurete imasu ne	風で電線が揺れていますね。	The electric wires are shaking in the wind.	1
kono kusuri ha shinkei ni sayou shimasu	この薬は神経に作用します。	This medicine acts on the nerves.	1
kamisama ni onegai shimashita	神様にお願いしました。	I asked a favor to the gods.	1
kanojo no ie ha shintou desu	彼女の家は神道です。	Her family religion is Shinto.	1
kore ha gaibu ni ha himitsu desu	これは外部には秘密です。	This is confidential.	1
kare ha seishin no antei ga hitsuyou yo	彼は精神の安定が必要よ。	He needs mental stability.	1
kanojo ha ima seishin ga fuantei da	彼女は今、精神が不安定だ。	Now she is mentally unstable.	1
oriru eki de ryoukin wo seisan shite kudasai	降りる駅で料金を精算して下さい。	Please adjust the fare at the station where you get off.	1
genjitsu ha yosou yori kibishikatta	現実は予想より厳しかった。	The reality was harsher than we expected.	1
chichi no oshie ha jibun ni kibishiku desu	父の教えは「自分に厳しく」です。	My father told me to be strict with myself.	1
kotoshi mo zansho ga kibishikatta	今年も残暑が厳しかった。	The late-summer heat was harsh this year, too.	1
kare ha kichou na taiken wo shita wa ne	彼は貴重な体験をしたわね。	He had a valuable experience.	1
kichouhin ha jibun de motte ite kudasai	貴重品は自分で持っていてください。	Please take your valuables with you.	1
hoteru no kinko ni kichouhin wo ireta yo	ホテルの金庫に貴重品を入れたよ。	I put my valuables in the hotel safe.	1
sono jiko de toutoi inochi ga ushinawaremashita	その事故で貴い命が失われました。	A precious life was lost in the accident.	1
koko ni taiya no ato ga aru wa	ここにタイヤの跡があるわ。	There is a tire imprint here.	1
yuki no ue ni usagi no ashiato ga atta	雪の上にうさぎの足跡があった。	There were rabbits' footprints in the snow.	1
patokaa ga kuruma wo tsuiseki shite iru wa	パトカーが車を追跡しているわ。	The police vehicle is chasing a car.	1
kodomo ha koukishin de ippai da ne	子供は好奇心でいっぱいだね。	Children are full of curiosity.	1
kare no majikku ha marude kiseki desu	彼のマジックはまるで奇跡です。	His magic is like a miracle.	1
san ha kisuu desu	3は奇数です。	Three is an odd number.	1
kanojo ha otoshiyori no tame ni seki wo aketa n da	彼女はお年寄りのために席を空けたんだ。	She gave up her seat to the elderly person.	1
kare ni chikayoranai de	彼に近寄らないで。	Don't go near him!	1
kyou ha yorimichi shite kara kaerimasu	今日は寄り道してから帰ります。	I'll take a side trip on the way home today.	1
nyuuyooku ni ha geijutsuka ga yoriatsumatte iru no	ニューヨークには芸術家が寄り集まっているの。	New York is a place where artists meet and come together.	1
shinbunsha ni nanzen mo no meeru ga yoserareta yo	新聞社に何千ものメールが寄せられたよ。	The newspaper company received thousands of e-mails.	1
anata no keireki wo meeru de okutte kudasai	あなたの経歴をメールで送ってください。	Please send your resume by e-mail.	1
sono shoku ha daisotsu no gakureki ga hitsuyou da	その職は大卒の学歴が必要だ。	That job requires a college diploma.	1
sore ha rekishijou no ooki na kakumei desu	それは歴史上の大きな革命です。	That is a major revolution in history.	1
kodai no rekishi ni tsuite benkyou shimashita	古代の歴史について勉強しました。	I studied ancient history.	1
kyou ha rekishiteki na hi desu	今日は歴史的な日です。	It's a historical day today.	1
kare ha fuuki wo midashite iru	彼は風紀を乱している。	He's corrupting public morals.	1
kanojo ha kouka na houseki wo motte iru wa	彼女は高価な宝石を持っているわ。	She has expensive jewelry.	1
watashi ga ichiban suki na houseki ha daiyamondo nano	私が一番好きな宝石はダイヤモンドなの。	My favorite jewel is diamonds.	1
sono modan na gaikan no tatemono ga taishikan desu	そのモダンな外観の建物が大使館です。	That building with the modern exterior is the embassy.	1
ano tatemono ha modan da ne	あの建物はモダンだね。	That building is modern.	1
honne to tatemae ha chigau koto ga ooi yo	本音と建て前は違うことが多いよ。	What people really think and what they say are often different.	1
sono otera ha nagai nengetsu wo kakete taterareta	そのお寺は長い年月をかけて建てられた。	The temple was built over the course of many years.	1
karera ha ie wo kenchikuchuu desu	彼らは家を建築中です。	They are in the middle of building a house.	1
kare ha kyonen ie wo shinchiku shimashita	彼は去年、家を新築しました。	He built a new house last year.	1
kono tatemono ha kenchiku no kijun ni tasshiteinai yo 。	この建物は建築の基準に達していないよ。	This building doesn't meet the construction standards.	1
kare ha kenchikuka to iu yori mushiro geijutsuka ne	彼は建築家というよりむしろ芸術家ね。	He's an artist rather than an architect.	1
kare ha atarashii shousetsu no kousou wo nette iru no	彼は新しい小説の構想を練っているの。	He is developing a plot for his new novel.	1
kare ha ano toori ni mise wo kamaete iru no	彼はあの通りに店を構えているの。	He's set up his shop on that street.	1
kanojo ha kekkou megane ga niau ne	彼女は結構めがねが似合うね。	Glasses suit her well.	1
kodomo ni kamaisugite ha ikenai	子供に構い過ぎてはいけない。	You shouldn't bother yourself too much with your kids.	1
kurai ga agare ba sekinin mo fueru mono da	位が上がれば責任も増えるものだ。	As you rise up the ranks, responsibility increases too.	1
nihonjin no heikin shuunyuu ha dono kurai desu ka	日本人の平均収入はどの位ですか。	What is the national average income in Japan?	1
undoukai de ichii ni natta yo	運動会で一位になったよ。	We won the first place in the athletic meet.	1
kare ha chii wo akuyou shite imasu	彼は地位を悪用しています。	He is abusing his position.	1
meetoru ha nagasa no tan'i desu	メートルは長さの単位です。	The meter is a unit of length.	1
kanojo ha kaisha de takai chii ni tsuite iru yo	彼女は会社で高い地位に就いているよ。	She holds a high position in the company.	1
kodomo no jishusei ni juuten wo oite imasu	子供の自主性に重点を置いています。	I put an emphasis on children's autonomy.	1
posutaa no ichi ga sukoshi zurete iru yo	ポスターの位置が少しずれているよ。	The poster is slightly out of position.	1
sono jiken no chokugo sousa honbu ga setchi sareta	その事件の直後、捜査本部が設置された。	Immediately after the incident, investigation headquarters were set up.	1
kare ha sukoshi ma wo oite kara henji shita	彼は少し間を置いてから返事した。	He responded after a short pause.	1
karera ha nagai kyori wo arukitsuzuketa n da	彼らは長い距離を歩き続けたんだ。	They kept walking a long distance.	1
jimintou kara atarashii tou ga bunri shita ne	自民党から新しい党が分離したね。	A new party separated from the Liberal-Democratic Party.	1
jikka wo 4 nenkan hanarete imashita	実家を4年間離れていました。	I was away from my parents' house for 4 years.	1
kodomo no te wo hanasanaide kudasai	子供の手を離さないでください。	Don't let go of your child's hand.	1
taifuu de teiden shita yo	台風で停電したよ。	There was a blackout because of the typhoon.	1
deiriguchi ni kuruma wo tomenai de kudasai	出入り口に車を停めないでください。	Please don't stop the car by the entrance.	1
kesa teiden de densha ga futsuu ni natta yo	今朝、停電で電車が不通になったよ。	The train stopped because of a power failure this morning.	1
sensei no mawari ni atsumatte kudasai 。	先生の周りに集まってください。	Gather around me now.	1
atari wo mimawashita no	辺りを見回したの。	We looked around the area.	1
kono atari no yachin no souba ha ikura desu ka	この辺りの家賃の相場はいくらですか。	What is the going rate for rent around here?	1
kare ha shomotsu ni kakomarete seikatsu shite iru no	彼は書物に囲まれて生活しているの。	He lives surrounded by books.	1
shitte iru han'i de oshiete kudasai	知っている範囲で教えてください。	Please tell us as much as you know.	1
koko ha tonari no shi to no kyoukai desu	ここは隣の市との境界です。	Here is the border with the neighboring city.	1
ima sokode tonari no ojisan ni atta yo	今そこで隣のおじさんに会ったよ。	I just met the man next door.	1
koko kara saki ha tonari no kuni no ryoudo desu	ここから先は隣の国の領土です。	From here onwards is the territory of the neighboring country.	1
watashi ha tonari no mura kara kimashita	私は隣の村から来ました。	I come from the next village over.	1
kono machi ha yama to umi ga tonariatte imasu	この町は山と海が隣り合っています。	This town lies between the sea and the mountain.	1
tonari ni mokuzou no ie ga tatta ne	隣に木造の家が建ったね。	A wooden house was built next door.	1
aka ni kiiro wo awasuto naniiro ni narimasu ka	赤に黄色を合わすと何色になりますか。	What color do you get if you add yellow to red?	1
douro wo oudan suru toki ha chuui shite	道路を横断するときは注意して。	Be careful when crossing the road.	1
sayuu wo mitekara oudan hodou wo watarinasai	左右を見てから横断歩道を渡りなさい。	Look left and right before crossing the pedestrian crossing.	1
teiden no tame shigoto wo chuudan shimashita	停電のため仕事を中断しました。	We broke off our work due to the power failure.	1
jishin no tame ni 1 shuukan dansui shita no	地震のために1週間、断水したの。	The water supply was cut off for a week due to the earthquake.	1
sukoshi no yudan ga ooki na jiko ni tsunagarimasu	少しの油断が大きな事故につながります。	A little carelessness can cause a big accident.	1
mada gen'in ha dantei dekimasen	まだ原因は断定できません。	The cause has yet to be determined.	1
kare ha chichioya no mise wo tsuida no	彼は父親の店を継いだの。	He took over his father's shop.	1
kare ha habahiroi chishiki wo motte imasu	彼は幅広い知識を持っています。	His knowledge is profound.	1
sono kaisha ha oubei ni shinshutsu shite iru yo ne	その会社は欧米に進出しているよね。	That company has moved into Europe and the United States.	1
hokuou de ha shakai hoshou ga kakuritsu sarete imasu	北欧では社会保障が確立されています。	Social security has been established in Northern Europe.	1
konnichi no nihon no wakamono ha oubeika shite iru	今日の日本の若者は欧米化している。	Young people in Japan today are westernized.	1
yuurashia ha sekai de mottomo ookii tairiku desu	ユーラシアは世界で最も大きい大陸です。	Eurasia is the largest continent in the world.	1
hikouki ga buji chakuriku shita wa ne	飛行機が無事着陸したわね。	The airplane landed safely.	1
mamonaku hikouki ga ririku shimasu	まもなく飛行機が離陸します。	The airplane will take off soon.	1
kare ha chuugoku no nairiku wo ryokou shimashita	彼は中国の内陸を旅行しました。	He traveled through inland China.	1
ano doubutsu ha rikujou de seikatsu shite imasu	あの動物は陸上で生活しています。	That animal lives on land.	1
ano hikouki ha mamonaku chakuriku shimasu ne	あの飛行機は間も無く着陸しますね。	That airplane will land soon.	1
umigame ga riku ni agatte kita n da	ウミガメが陸に上がってきたんだ。	The sea turtles have come up to dry land.	1
kore ha kiwamete juuyou na mondai desu	これは極めて重要な問題です。	This is a vitally important question.	1
shoukyokuteki na hito ha seikou shinai yo	消極的な人は成功しないよ。	A passive person doesn't succeed.	1
nankyoku de pengin wo mimashita	南極でペンギンを見ました。	I saw some penguins at the South Pole.	1
hokkyoku ni pengin ha imasen	北極にペンギンはいません。	There are no penguins at the North Pole.	1
sore ha kyokutan na iken da ne	それは極端な意見だね。	That is an extreme opinion.	1
sono kamera ni ha saisentan no gijutsu ga tsukawarete imasu	そのカメラには最先端の技術が使われています。	State-of-the-art technology is used in that camera.	1
otoshiyori ga michibata ni shagande imasu ne	お年寄りが道端にしゃがんでいますね。	An old person is squatting down on the side of the road.	1
gaishou ha raishuu houbei no yotei desu	外相は来週訪米の予定です。	The Foreign Minister is scheduled to visit the United States next week.	1
souri ha yooroppa wo houmonchuu desu	総理はヨーロッパを訪問中です。	The prime minister is on a visit to Europe.	1
nyoubou ha jikka ni kaette imasu	女房は実家に帰っています。	My wife is back at her parents' home.	1
issho ni shokuji shiyou ka	一緒に食事しようか。	Do you want to eat together?	1
anata ga issho ni ite kureru to kokorozuyoi	あなたが一緒にいてくれると心強い。	I feel reassured when we are together.	1
kono hanashi ha kachou ni ha naisho desu yo	この話は課長には内緒ですよ。	You have to keep this secret from the section chief.	1
sono supootsu ha danjo issho ni shimasu	そのスポーツは男女一緒にします。	Men and women play that sport together.	1
kono toranku ha kamotsu de okurou	このトランクは貨物で送ろう。	Let's send this trunk by freight.	1
tomodachi to hyakkaten de kaimono wo shimashita	友達と百貨店で買い物をしました。	I went shopping at the department store with my friend.	1
nippon ha sekiyu no hotondo wo yunyuu shite imasu	日本は石油のほとんどを輸入しています。	Japan imports most of its oil.	1
gyuuniku no yunyuu ga kibishiku kisei sarete iru wa ne	牛肉の輸入が厳しく規制されているわね。	Beef imports are severely regulated.	1
kono shouhin ha torakku de yusou shimasu	この商品はトラックで輸送します。	These goods are transported by truck.	1
kanojo ha kusuriyubi ni yubiwa wo hamete imasu	彼女は薬指に指輪をはめています。	She wears a ring on her ring finger.	1
kanojo ha yubiwa wo takusan hamete imasu ne	彼女は指輪をたくさんはめていますね。	She wears a lot of rings.	1
keiki ga kaifuku shite kita ne	景気が回復してきたね。	Business is recovering.	1
karada ga sukkari kaifuku shita	体がすっかり回復した。	I've completely recovered.	1
onaji ayamachi wo kurikaesanai koto da	同じ過ちを繰り返さないことだ。	Do not repeat the same mistake.	1
ani ha taisou no senshu desu	兄は体操の選手です。	My big brother's a gymnast.	1
kono booto ha soujuu ga kantan desu	このボートは操縦が簡単です。	This boat is easy to operate.	1
sakubun ha tategaki de kaitekudasai	作文は縦書きで書いてください。	Please write the composition in vertical columns.	1
kono kokudou ha yoku juutai shimasu	この国道はよく渋滞します。	This national highway is often congested.	1
konkai ha chouki no taizai desu	今回は長期の滞在です。	This time I'll stay for a long time.	1
nippon de ha hokkaidou ni taizai shimashita	日本では北海道に滞在しました。	I stayed in Hokkaido when I was in Japan.	1
kono obi ha naga sugimasu	この帯は長過ぎます。	This sash is too long.	1
nippon ha ontai ni arimasu	日本は温帯にあります。	Japan is located in the temperate zone.	1
kono toshi ha kougyou chitai desu	この都市は工業地帯です。	This city is an industrial zone.	1
mise ni nettai no kudamono ga narande imasu yo	店に熱帯の果物が並んでいますよ。	There are some tropical fruits on display in the shop.	1
kono keitai denwa ha sousa ga kantan desu	この携帯電話は操作が簡単です。	This cellular phone is easy to operate.	1
kare ha kokuhi de ryuugaku shite imasu	彼は国費で留学しています。	He's studying abroad on a government-funded scholarship.	1
kare ha shihi de ryuugaku shita n da	彼は私費で留学したんだ。	He went to study abroad at his own expense.	1
watashi ha ryuugakusei toshite nippon ni nyuukoku shimashita	私は留学生として日本に入国しました。	I entered Japan as an international student.	1
shorui ha keishiki wo mamotte tsukutte kudasai	書類は形式を守って作ってください。	Please maintain the format of the documents.	1
kono houritsu ha shouhisha wo mamoru tame no mono desu	この法律は消費者を守るためのものです。	This law is used to defend the consumer.	1
chikyuu no shigen wo mamorimashou	地球の資源を守りましょう。	Let's protect the earth's resources.	1
kimari wo mamoru koto ha taisetsu desu	決まりを守ることは大切です。	It is important to keep the rules.	1
echiketto wo mamoru koto ha taisetsu desu	エチケットを守ることは大切です。	It is important to keep the rules of etiquette.	1
shokuji no manaa wo mamorimashou	食事のマナーを守りましょう。	We should observe table manners.	1
hitobito wo mamoru no ga watashi no tsutome desu	人々を守るのが私の務めです。	It's my duty to defend people.	1
watashi ha rusuban no mono desu	私は留守番の者です。	I'm looking after the house.	1
jitaku kara shokuba made ichijikan kakarimasu	自宅から職場まで1時間かかります。	It takes one hour from home to the office.	1
yoru no juuichiji ni kitaku shimashita	夜の11時に帰宅しました。	I came home at 11 o'clock in the evening.	1
sono juutakuchi ha benri na basho ni aru ne	その住宅地は便利な場所にあるね。	That residential area is conveniently located.	1
seitotachi ha barabara ni kitaku shita ne	生徒たちはばらばらに帰宅したね。	Students went home separately.	1
konohen ha juutaku ga tatekonde imasu	この辺は住宅が立て込んでいます。	This area is crowded with houses.	1
kitakuchuu yuudachi ni atta no	帰宅中、夕立にあったの。	I was caught in a shower while coming home.	1
tegami ni atena wo kakikonda yo	手紙に宛名を書き込んだよ。	I filled in the name of the addressee on the letter.	1
atesaki fumei de tegami ga modotte kita no	宛先不明で手紙が戻ってきたの。	The letter was returned as the addressee was unknown.	1
tadachini kaisha ni modotte kudasai	直ちに会社に戻ってください。	Please return to the office at once.	1
hanashi wo modoshimashou	話を戻しましょう。	Let's go back to what we were talking about.	1
midori wo torimodosu hitsuyou ga arimasu	緑を取り戻す必要があります。	We need to recover our green spaces.	1
hikouki no unchin ga haraimodosareta no	飛行機の運賃が払い戻されたの。	My airfare was reimbursed.	1
mura de ha saikin fushigi na genshou ga okite imasu	村では最近、不思議な現象が起きています。	A mysterious phenomenon occurred in the village recently.	1
sono satsujin jiken ha hakuchuu ni okotta n da	その殺人事件は白昼に起こったんだ。	The murder happened during daylight.	1
kare ha shouka furyou wo okoshita n da	彼は消化不良を起こしたんだ。	He had indigestion.	1
otouto ha youyaku beddo kara okiagatta。	弟はようやくベッドから起き上がった。	Finally my younger brother got out of bed.	1
kare ni fuun na dekigoto ga okotta no	彼に不運な出来事が起こったの。	He suffered an unfortunate incident.	1
sono jiko ha untenshu no fuchuui ga gen'in de okita no	その事故は運転手の不注意が原因で起きたの。	The accident happened due to the driver's carelessness.	1
tabeta chokugo ni nenai hou ga ii yo	食べた直後に寝ないほうがいいよ。	You should not sleep immediately after having eaten.	1
yuube ha rokuni nete inai	ゆうべはろくに寝ていない。	I barely slept last night.	1
itsumo 9 ji ni kodomo wo nekashimasu	いつも9時に子供を寝かします。	I always put our kid to bed at nine o'clock.	1
ukkari nesugoshite shimatta n da	うっかり寝過ごしてしまったんだ。	I accidentally overslept.	1
akachan wo beddo ni nekaseta	赤ちゃんをベッドに寝かせた。	I laid the baby down on the bed.	1
dote ni nekoronde sora wo nagamemashita	土手に寝転んで空をながめました。	I lay down on the bank and looked at the sky.	1
sukaato ni shiwa ga yotte iru yo	スカートにしわがよっているよ。	Your skirt is rumpled.	1
taifuu ga satte kaze ga shizumatta ne	台風が去って風が静まったね。	Because the typhoon has passed, the wind has dropped.	1
reisei ni hanashiaimashou	冷静に話し合いましょう。	Let's talk calmly.	1
kondo no kyuuka ni firipin ni ikimasu	今度の休暇にフィリピンに行きます。	I am going to the Philippines for my next vacation.	1
anata to mondou shite iru hima ha nai no	あなたと問答している暇はないの。	I have no time to argue with you.	1
watashitachi ha kyoutsuu no shumi wo motte imasu	私たちは共通の趣味を持っています。	We have a common hobby.	1
kare no shumi ha kitte shuushuu desu	彼の趣味は切手収集です。	His hobby is collecting stamps.	1
kanemouke ga kare no shumi da	金もうけが彼の趣味だ。	Moneymaking is his hobby.	1
watashi no shumi ha dokusho desu	私の趣味は読書です。	My hobby is reading.	1
ryousha ga gappei ni goui shimashita	両社が合併に合意しました。	The two companies agreed to the amalgamation.	1
gaika wo ryougae shimashita	外貨を両替しました。	I exchanged some foreign currency.	1
watashi ha ryoushin kara ooku wo osowarimashita	私は両親から多くを教わりました。	I learned a lot from my parents.	1
kore ha josei senyou no sharyou desu	これは女性専用の車両です。	This is a women-only carriage.	1
ryousha no iken wo kikimashou	両者の意見を聞きましょう。	Let's hear both parties' opinions.	1
uchi no ryoushin ha omiai kekkon deshita	うちの両親はお見合い結婚でした。	My parents had an arranged marriage.	1
benkyou to shigoto no ryouritsu ha muzukashii yo	勉強と仕事の両立は難しいよ。	It's difficult to manage both study and work.	1
kami no ryoumen ni ji ga kakarete ita yo	紙の両面に字が書かれていたよ。	There was writing on both sides of the paper.	1
katate unten ha abunaiyo	片手運転は危ないよ。	Single-handed driving is dangerous.	1
katahou no me ga kayui desu	片方の目がかゆいです。	One of my eyes is itchy.	1
kono michi ha katagawa tsuukou desu	この道は片側通行です。	This road is a one-way street.	1
kore ga tatemono no sokumen no shashin desu	これが建物の側面の写真です。	This is a side-view photograph of the building.	1
michi no ryougawa ni takusan omise ga arimasu yo	道の両側にたくさんお店がありますよ。	There are a lot of shops on both sides of the road.	1
hokousha ha michi no migigawa wo aruite kudasai	歩行者は道の右側を歩いてください。	Pedestrians must walk on the right side of the road.	1
hakusen no uchigawa ni sagatte omachi kudasai	白線の内側に下がってお待ちください。	Please stand behind the white lines as you wait.	1
tsuuro no migigawa ni toire ga arimasu yo	通路の右側にトイレがありますよ。	There's a restroom on the right side of the corridor.	1
uraguchi he omawari kudasai	裏口へお回りください。	Please go around to the back door.	1
shatsu wo uragaeshi ni kite iru yo	シャツを裏返しに着ているよ。	Your shirt is inside out.
shatsu wo uraomote ni kite imasu yo	シャツを裏表に着ていますよ。	You are wearing your shirt inside-out.	1
otouto ni ashi no ura wo kusugurareta	弟に足の裏をくすぐられた。	My younger brother tickled the sole of my foot.	0
yakan ha uraguchi kara haitte kudasai	夜間は裏口から入ってください。	Please enter from the back door at night.	1
ronbun no koumoku wo wakariyasuku seiri shita wa	論文の項目を分かりやすく整理したわ。	I arranged the items of the thesis in an approachable manner.
boshuu youkou wo yoku o yomi kudasai	募集要項をよくお読みください。	Please read the application guidelines carefully.	0
kare kara ii inshou wo uketa wa	彼から良い印象を受けたわ。	I got a good impression from him.	1
iro no kumiawase de inshou ga kawarimasu yo	色の組み合わせで印象が変わりますよ。	The image changes according to the combination of colors.	1
kono shuukanshi wo maishuu katte iru no	この週刊誌を毎週買っているの。	I buy this weekly magazine every week.	1
kono zasshi ha gekkan desu ka	この雑誌は月刊ですか。	Is this magazine monthly?	1
ototoi furuhon wo 3 satsu kaimashita	おととい古本を3冊買いました。	I bought three secondhand books the day before yesterday.	1
kono hon ha juugonenmae ni shuppan sareta	この本は15年前に出版された。	This book was published 15 years ago.
kanojo ha shuppansha de hataraite imasu	彼女は出版社で働いています。	She works for a publisher.
kare ha chiri ni kuwashii no	彼は地理に詳しいの。	He's knowledgeable in geography.	0
kuwashikuha chuu wo yonde kudasai	詳しくは注を読んでください。	For details, please read the notes.
kare ha shinkei ga komakai desu ne	彼は神経が細かいですね。	He is very sensitive.
shousai ha okigaru ni otoiawase kudasai	詳細はお気軽にお問い合わせ下さい。	Please do not hesitate to inquire for further details.
yomichi no hitoriaruki ha kokorobosoi ne	夜道の一人歩きは心細いね。	Walking alone at night makes one feel uneasy.
asu、 shousai wo tsuuchi shimasu	明日、詳細を通知します。	I'll notify you of the details tomorrow.
kami wo komakaku chigitte kudasai	紙を細かくちぎってください。	Please shred the paper.
shousai ha fakkusu de okurimasu	詳細はファックスで送ります。	I'll send the details by fax.	1
taikai no suroogan wo keiji shita yo	大会のスローガンを掲示したよ。	I posted the rally's slogan.
sensei no ronbun ga zasshi ni norimashita yo	先生の論文が雑誌に載りましたよ。	Our professor's paper was published in the journal.
ane ha nani ni taishite mo sekkyokuteki desu	姉は何に対しても積極的です。	My elder sister is positive about everything.	0
kono sankakukei no menseki wo dashinasai	この三角形の面積を出しなさい。	Figure out the dimensions of this triangle.
kuruma ni nimotsu wo tsunde kudasai	車に荷物を積んでください。	Please load the luggage into the car.
kono tochi no menseki ha dore kurai desu ka	この土地の面積はどれ位ですか。	What is the area of this land?
chiri mo tsumoreba yama to naru 。	ちりも積もれば山となる。	A penny saved is a penny earned.	1
kono tochi no menseki ha yaku 100 heihoumeetoru desu	この土地の面積は約100平方メートルです。	The area of this land is about 100 square meters.	1
anata ha iiwake ga oosugimasu	あなたは言い訳が多すぎます。	You give too many excuses.	1
doushitemo sono wake wo shiritai	どうしてもその訳を知りたい。	I really want to know about the circumstances.
kare no honyaku ha wakariyasui desu yo	彼の翻訳は分かりやすいですよ。	His translation is easy to understand.	1
watashi ha tsuuyaku desu	私は通訳です。	I'm an interpreter.
kare ni ha moushiwakenai koto wo shita	彼には申し訳ないことをした。	I did something inexcusable to him.
sonna wake de watashi ha shigoto wo yamemashita	そんな訳で、私は仕事を辞めました。	I quit my job for that reason.	1
moushiwake gozaimasen	申し訳ございません。	I'm very sorry.
kaitou ni ayamari ga mittsu arimasu yo	解答に誤りが3つ有りますよ。	There are three errors in the answer.
kare ha kikai no sousa wo ayamatta	彼は機械の操作を誤った。	He made a mistake operating the machine.
watashi no kimochi wo gokai shite iru n ja nai	私の気持ちを誤解しているんじゃない！	You have misunderstood my feelings, haven't you?	1
machigai wo teisei shimashita	間違いを訂正しました。	I corrected the mistakes.
kentou no kekka an wo shuusei shita yo	検討の結果、案を修正したよ。	We adjusted the plan as a result of our deliberations.	1
sono mondai ni tsuite kurasu de touron shimashita	その問題についてクラスで討論しました。	The problem was discussed in class.
maemuki ni kentou shimasu	前向きに検討します。	We'll give positive consideration to the matter.
kyabetsu no sengiri wo soeta yo	キャベツの千切りを添えたよ。	I garnished it with shredded cabbage.
anata no kitai ni soenakute sumimasen	あなたの期待に添えなくてすみません。	I'm sorry I couldn't fulfill your expectation.
juyou ga oosugi te seisan ga oitsukimasen	需要が多過ぎて生産が追い付きません。	There's a lot of demand and production can't keep up.
kibishii renshuu ga yoi seika ni musubitsukimashita	厳しい練習が良い成果に結び付きました。	Intense training leads to good results.
sumimasen igo ki wo tsukemasu	すみません、以後気を付けます。	Sorry, I'll be more careful from now on.	1
kare ha yatto mondaiten ni kizukimashita	彼はやっと問題点に気付きました。	He finally noticed the problem.	1
eisei ni ha juubun ki wo tsukemashou	衛生には十分気を付けましょう。	Let's take proper care of hygiene.
heya ni eakon wo toritsuketa n da	部屋にエアコンを取り付けたんだ。	The air conditioner was installed in the room.
gakuryoku wo tsukete sono daigaku ni susumitai	学力を付けてその大学に進みたい。	I want to improve my academic skills then go to that college.
machigai ni shirushi wo tsukete okimashita	間違いに印を付けておきました。	I marked the mistakes.
hodou ni atarashiku gaado ga tsukimashita ne	歩道に新しくガードが付きましたね。	They put a new guardrail on the pavement.	1
intoneeshon no chigai ni ki wo tsukete	イントネーションの違いに気を付けて。	Be careful about the difference in intonation.
eki de youyaku kare ni oitsukimashita	駅でようやく彼に追い付きました。	I finally caught up with him at the station.	1
kare ha meian wo omoitsuita no	彼は名案を思い付いたの。	He hit on a good idea.
kurai no de ashimoto ni ki wo tsukete kudasai	暗いので足下に気を付けてください。	Please watch your step in the dark.	1
anata wo kizutsukeru tsumori ha arimasendeshita	あなたを傷付けるつもりはありませんでした。	I didn't intend to hurt you.	1
korekara ha motto ki wo tsukemasu	これからはもっと気を付けます。	I will be more careful from now on.
kyou ha tsukiai de kaeri ga osoku narimasu	今日は付き合いで帰りが遅くなります。	I'm coming home late today so I can socialize with my colleagues.
jibun no kangae wo tsukekuwaemashita	自分の考えを付け加えました。	I added my own idea.
kanojo to 4 nen hodo tsukiatte imasu	彼女と4年ほど付き合っています。	I've been seeing her for 4 years now.
kongetsu no furoku ha anime no diibuiidii desu	今月の付録はアニメのDVDです。	The free gift this month is an anime DVD.
watashi ha kao wo mado ni chikazuketa n da	私は顔を窓に近付けたんだ。	I brought my face close to the window.
nanika tsuketasu koto ha arimasu ka	何か付け足すことはありますか。	Is there anything to add?
kyou no hizuke ha 6 gatsu 19 nichi desu	今日の日付けは6月19日です。	Today's date is June 19th.
aruminiumu ha kinzoku no isshu desu	アルミニウムは金属の一種です。	Aluminum is a kind of metal.
gakkou de ha ongakubu ni shozoku shite imashita	学校では音楽部に所属していました。	I belonged to the music club at school.
kono sofuto ni ha iroiro na tsuuru ga fuzoku shite imasu	このソフトには色々なツールが付属しています。	Various tools are included with this software.
kono batto ha kinzoku de dekite imasu	このバットは金属で出来ています。	This bat is made of metal.
watashi ha shimin ookesutora ni zokushite imasu	私は市民オーケストラに属しています。	I belong to the civic orchestra.
denchuu ni posutaa ga hatte atta	電柱にポスターが貼ってあった。	There was a poster pasted to the telegraph pole.
kare ha ookurashou ni kinmu shite iru n da yo	彼は大蔵省に勤務しているんだよ。	He works for the Ministry of Finance.
biza ni tsuite gaimushou ni toiawaseta	ビザについて外務省に問い合わせた。	I contacted the Ministry of Foreign Affairs to enquire about the visa.	1
raishuu kisei shimasu	来週、帰省します。	I will go home next week.	0
kare ha juubun hansei shite imasu	彼は十分反省しています。	He has repented enough.
jikan ga nai no de shousai ha habukimasu	時間がないので詳細は省きます。	I'll omit the details as there is no time.
chizunai no chiisai tatemono ha shouryaku shite arimasu	地図内の小さい建物は省略してあります。	Small buildings have been omitted from the map.
kokusairengou wo ryaku shite kokuren to iimasu	国際連合を略して国連といいます。	The UN is short for the United Nations.
aiteii ha nan no ryaku ka shitte imasu ka	「IT」は何の略か知っていますか。	Do you know what IT stands for?
intaanetto ha jouhou no gainen wo kaeta yo ne	インターネットは情報の概念を変えたよね。	The Internet changed the concept of information.
sotsugyou no kinen ni minna de ryokou shita yo	卒業の記念にみんなで旅行したよ。	We all went on a trip to celebrate our graduation.
jibun no shinnen ni shitagaitai to omoimasu	自分の信念に従いたいと思います。	I think I want to follow my own faith.
zannen nagara shiken ha fugoukaku deshita	残念ながら試験は不合格でした。	To our regret, he failed the examination.	1
daikin ni ha kitei no tesuuryou ga fukumaremasu	代金には規定の手数料が含まれます。	Our price includes a set handling fee.
kono seihin ha yuugai na kagakubusshitsu wo fukunde iru wa yo	この製品は有害な化学物質を含んでいるわよ。	This product contains a harmful chemical.	1
watashi wo fukumete 10 nin ga sanka shimashita	私を含めて10人が参加しました。	Ten people participated, myself included.	1
sono shokuhin ha yuugai busshitsu wo fukunde iru zo	その食品は有害物質を含んでいるぞ。	The food contains a poisonous substance.	1
susumi guai ha subete junchou desu	進み具合は全て順調です。	It is all progressing well.
shujutsu go no keika ha junchou desu	手術後の経過は順調です。	Progress after the operation is going well.
aiueo jun ni narabete kudasai	あいうえお順に並べて下さい。	Please line up in order of the Japanese syllabary.
kore wo junban doori ni narabe kaete kudasai	これを順番通りに並べ替えて下さい。	Please rearrange these in order.
kotoshi ha kyonen yori mo jun'i ga agarimashita	今年は去年よりも順位が上がりました。	Our rank went up this year more than it did last year.
namae ha gojuuonjun ni narande imasu	名前は五十音順に並んでいます。	The names are arranged in the order of the Japanese syllabary.	0
ie kara gakkou made no michijun wo oshiete kudasai	家から学校までの道順を教えてください。	Please tell me the route from your house to the school.	1
tadashii junjo de sousa shite kudasai	正しい順序で操作してください。	Please carry out the operations in the correct order.
eki ha gyakuhoukou desu	駅は逆方向です。	The station is in the opposite direction.
unmei ni ha sakaraenai yo	運命には逆らえないよ。	You can't go against fate.
oya ni sakarau no ha yokunai koto desu	親に逆らうのは良くない事です。	It is not a good thing to disobey your parents.
e wo sakasa ni shite mite goran	絵を逆さにしてみてごらん。	Try looking at the picture upside down.
sorejaa ue to shita ga sakasama da yo	それじゃあ上と下が逆さまだよ。	The way you have it is upside down.	0
ichiretsu ni narande zenshin shite kudasai	一列に並んで前進して下さい。	Please form a line and proceed forwards.
mise no mae ni nagai gyouretsu ga dekite imasu yo	店の前に長い行列ができていますよ。	There is a long line in front of the shop.
taiikukan ni itte seiretsu shinasai	体育館に行って整列しなさい。	Go to the gymnasium and line up.
ressha ga hoomu ni haitte kita	列車がホームに入ってきた。	The train has arrived at the platform.
tate 2 retsu ni narande kudasai	縦2列に並んでください。	Please line up in two rows lengthways.	1
nippon ha rettou desu	日本は列島です。	Japan is an archipelago.
sono mise ni nanjuunin mo gyouretsu shite ita yo	その店に何十人も行列していたよ。	Tens of people formed a line to the shop.
mise no mae ni nagai retsu ga dekite ita ne	店の前に長い列ができていたね。	A long line formed in front of the shop.	0
jitsurei wo tsukatte setsumei shite kudasai	実例を使って説明してください。	Please explain by using an actual example.
reigai ha mitomemasen	例外は認めません。	Exceptions are not allowed.
yourei wo tsukatte setsumei shite kudasai	用例を使って説明してください。	Please explain by using examples.	1
kare ha kanojo wo bara ni tatoeta n da	彼は彼女をバラに例えたんだ。	He compared her to a rose.
minna de reidai wo toite mimashou	みんなで例題を解いてみましょう。	Let's solve the example problem together.	1
reinen 8 gatsu ha ame ga sukunai ne	例年8月は雨が少ないね。	There's little rain in a typical August.
tatoe wo ageru to hanashi ga wakari yasuku naru	例えを上げると話が分かり易くなる。	It will be easier to understand if you give an example.
amari ha jikai tsukaimashou	余りは次回使いましょう。	Let's use the left-over portion next time.
katto natte yokei na koto wo itte shimatta na	かっとなって余計なことを言ってしまったな。	I lost my temper and said something I shouldn't have.
amatta kire de ningyou wo tsukurimashou	余ったきれで人形を作りましょう。	Let's make a doll from the excess cloth.
kare ni iiwake no yochi ha arimasen	彼に言い訳の余地はありません。	He doesn't have room for excuses.	1
yokei na koto wo itte ha dame yo	余計なことを言ってはだめよ。	Don't say things you don't need to say.
shokuji ha yobun ni youi shite arimasu	食事は余分に用意してあります。	I've prepared some extra portions for the meal.
tochuu de ainiku ame ga furidashita no	途中であいにく雨が降り出したの。	Unfortunately, it began to rain on the way.
kanojo ha tochuu de atomodori shimashita	彼女は途中で後戻りしました。	She turned back half-way through.	1
keshiki ga yokatta no de tochuu gesha shita yo	景色が良かったので途中下車したよ。	We stopped off on the way because the scenery was lovely.
tochuu de 30 pun hodo yasumimashou	途中で30分ほど休みましょう。	Let's take a rest on the way for about 30 minutes.
kono dougu no youto wo setsumei shimasu	この道具の用途を説明します。	I'll explain how to use this tool.
watashi ha chuuto saiyou de nyuusha shimashita	私は中途採用で入社しました。	I entered the company as a mid-career worker.
mazu ha shougai wo torinozoite kara keikaku wo susumeyou	まずは障害を取り除いてから計画を進めよう。	Let's get rid of the problem and then proceed with the plan.
iranai fairu ha sakujo shite kudasai	要らないファイルは削除して下さい。	Please delete unneeded files.	1
fuhitsuyou na fairu ha sakujo shite kudasai	不必要なファイルは削除してください。	Please delete any unwanted files.
sono koto ha sudeni minna shitte imasu	そのことは既にみんな知っています。	Everyone already knows that.	1
kare no taikei ja kisei no saizu ni awanai yo	彼の体型じゃ既製のサイズに合わないよ。	His figure does not suit ready-to-wear clothing sizes.
jitai ha shinkoku desu	事態は深刻です。	The situation is serious.
kore ha shinkoku na mondai de su	これは深刻な問題です。	This is a serious problem.	1
tadaima no jikoku ha rokuji sanjuugofun desu	ただ今の時刻は6時35分です。	The time just now is 6:35.	0
kare ha shotchuu chikoku shite iru na	彼はしょっちゅう遅刻しているな。	He is frequently late.
annojou kare ha chikoku shita na	案の定、彼は遅刻したな。	Just as I thought, he was late.	1
moushikomi no shimekiri ha itsu desu ka	申し込みの締め切りはいつですか。	When is the deadline for the application?
oubo uketsuke ha shimekirimashita	応募受付は締め切りました。	The deadline for receipt of applications is closed.
rebaa wo migi ni mawasu to shimarimasu	レバーを右に回すと締まります。	It will shut when the lever is turned to the right.
dounika shimekiri ni maniatta	どうにか締め切りに間に合った。	I managed somehow to meet the deadline.
keisatsu ga inshu unten wo torishimatte imasu yo	警察が飲酒運転を取り締まっていますよ。	The police are cracking down on drunk driving.
tabesugita no de beruto wo yurumeta no	食べ過ぎたのでベルトを緩めたの。	I loosened my belt because I ate too much.	1
kare ha ki ga yurunde imasu	彼は気が緩んでいます。	He's off-guard.
koko ha katsute goorudo rasshu de sakaeta machi da yo	ここはかつてゴールドラッシュで栄えた町だよ。	This town once prospered during the Gold Rush.	1
kanojo ha totemo kyouyou no aru hito desu ne	彼女はとても教養のある人ですね。	She is a well-educated person.	1
kanojo ha ima kyuuyouchuu desu	彼女は今、休養中です。	She is taking a rest now.
eiyou baransu no ii shokuji wo shiyou	栄養バランスの良い食事をしよう。	We should eat well-balanced meals.
watashi ha 3 nin no kodomo wo yashinatte imasu	私は3人の子供を養っています。	I'm feeding three children.	1
kare ha totemo hyoujou ga yutaka desu ne	彼はとても表情が豊かですね。	He's very expressive.
kare ha kokoro ga yutaka na hito desu	彼は心が豊かな人です。	He has a rich spirit.
kare no jinsei ha henka ni tonde iru na	彼の人生は変化に富んでいるな。	He has a wealth of life-changing experiences.	1
kono kudamono ha bitamin ga houfu desu	この果物はビタミンが豊富です。	This fruit is rich in vitamins.
shorui ha sei to fuku no nitsuu arimasu	書類は正と副の2通あります。	The document consists of the original and a copy.
kanojo ha arerugii ni kurushinde imasu	彼女はアレルギーに苦しんでいます。	She suffers from an allergy.
mise ni kujou no denwa wo kakemashita	店に苦情の電話をかけました。	I phoned the shop to complain.
watashi ha hitomae de hanasu koto ga kutsuu desu	私は人前で話すことが苦痛です。	It is painful for me to speak in front of other people.
tsuyoi hizashi ga senshutachi wo kurushimeta no	強い日差しが選手たちを苦しめたの。	The strong sunlight troubled the athletes.
aa urusai hito ha nigate desu	ああうるさい人は苦手です。	I don't like loud people like that.
seiyoujin ha seiza ga nigate yo	西洋人は正座が苦手よ。	Westerners are not good at sitting with their legs folded underneath them.
imouto ha bukiyou de ryouri mo nigate na no	妹は不器用で、料理も苦手なの。	My little sister is clumsy and not good at cooking.
kare no unten ha mechakucha desu	彼の運転は目茶苦茶です。	His driving is awful.
haha ha kurou shite watashitachi wo sodateta no	母は苦労して私たちを育てたの。	My mother had a hard time bringing us up.	1
roudou ha kokumin no gimu desu	労働は国民の義務です。	It's a citizen's duty to work.	1
karera ha roudou wo kyousei sareta n da	彼らは労働を強制されたんだ。	They were forced to work.
chichi ha nagai kinrou seikatsu wo okutta n desu	父は長い勤労生活を送ったんです。	My father had a long working career.	1
roudousha ga suto wo shita sou da yo	労働者がストをしたそうだよ。	I hear that the workers went on strike.	1
kanojo no jinsei ha kurou no renzoku deshita	彼女の人生は苦労の連続でした。	Her life was a series of hardships.
karera ha 1 nichi 7 jikan roudou shite iru	彼らは1日7時間労働している。	They've been working for seven hours a day.
shigoto ni ha jikan to rouryoku ga hitsuyou desu	仕事には時間と労力が必要です。	Working requires time and labor.
kare no byouki ha karou ni yoru mono desu	彼の病気は過労に因るものです。	His sickness is caused by overwork.
konnan ni atte mo akiramete ha ikenai yo	困難にあってもあきらめてはいけないよ。	You must not give up even if you encounter difficulties.
kare ha sekkachi de komarimasu	彼はせっかちで困ります。	His impatience troubles me.	0
hinpu no kakusa ga ookiku natte iru na	貧富の格差が大きくなっているな。	The gap between rich and poor is growing.	1
kare ha mukashi ha binbou datta	彼は昔は貧乏だった。	He used to be poor.
kanojo ha mada shigoto no keiken ga toboshii。	彼女はまだ仕事の経験が乏しい。	She still lacks work experience.
binbounin ga ooganemochi ni naru koto mo aru sa	貧乏人が大金持ちになることもあるさ。	Occasionally, poor people can become millionaires.	1
sono chiimu ha shubi ga amai ne	そのチームは守備が甘いね。	The team's defense is soft.	1
kanojo no shinsetsu ni amaemashita	彼女の親切に甘えました。	I depended on her kindness.
kodomo wo amayakashiteha ikenai no	子供を甘やかしてはいけないの。	You must not spoil children.	1
kono toumorokoshi ha amaku te oishii	このとうもろこしは甘くておいしい。	This corn is sweet and delicious.
koshou wo iresugite suupu ga karai	こしょうを入れ過ぎてスープが辛い。	I put in too much pepper and now the soup is spicy.
kono shigoto ha tsurai desu	この仕事は辛いです。	This work is harsh.	1
kouun ni mo chiketto wo te ni iremashita	幸運にもチケットを手に入れました。	Fortunately, I got a ticket.	1
chabashira ga tatte nandaka sukoshi shiawase na kibun desu	茶柱が立って何だか少し幸せな気分です。	I saw tea leaves floating upright, so now I feel happy somehow.	1
kare hodo fushiawase na hito ha inai na	彼ほど不幸せな人はいないな。	There's no one less happy than he.
kanojo ha koufuku na hibi wo sugoshite iru wa	彼女は幸福な日々を過ごしているわ。	She's leading a happy life.
fukushiyosan ha sakugen sarenai koto ni kimatta no yo	福祉予算は削減されないことに決まったのよ。	They decided not to reduce the social welfare budget.	1
ane ha fukushi no benkyou wo shite imasu	姉は福祉の勉強をしています。	My big sister studies welfare.
kaisui kara shio wo tsukurimasu	海水から塩を作ります。	Salt is made from seawater.	1
shio koshou ha yoku tsukawareru choumiryou desu	塩、コショウはよく使われる調味料です。	Salt and pepper are commonly used seasonings.
sabaku de ha hotondo ame ga furanai no yo	砂漠ではほとんど雨が降らないのよ。	It hardly rains in the desert.
kare ha zenkou seito no mohan desu	彼は全校生徒の模範です。	He's a role model for all the students in our school.
chuusei no noumin ha mazushikatta	中世の農民は貧しかった。	The farmers in the Middle Ages were poor.
kare ha nouka ni umaremashita	彼は農家に生まれました。	He was born into a farming family.
watashi ha nouson de sodachimashita	私は農村で育ちました。	I grew up in a farming village.
kono nouyaku ha hito ni ha mugai desu	この農薬は人には無害です。	This agricultural chemical is harmless to humans.
karera ha gyogyou wo itonan deiru n da 。	彼らは漁業を営んでいるんだ。	They are engaged in a fishing business.
soto ha mou usuguraku narimashita yo	外はもう薄暗くなりましたよ。	It is already getting dark outside.
suupu wo sukoshi usumemashou ka	スープを少し薄めましょうか。	Shall I water down the soup a little?	1
kodomotachi ha fuyu de mo usugi de tooshimasu	子供たちは冬でも薄着で通します。	The kids are dressed lightly even through the winter.
kono hon ha usukute perapera desu ne	この本は薄くてぺらぺらですね。	This book is thin and flimsy.
fudan kara atsugi shinai you ni shite imasu	普段から厚着しないようにしています。	I usually try not to wear heavy clothes.
takai yama ha kiatsu ga hikui ne	高い山は気圧が低いね。	In high mountains the atmospheric pressure is low.
kono atsusa ha koukiatsu no sei desu	この暑さは高気圧のせいです。	This heat is due to high atmospheric pressure.	1
teikiatsu ga chikazuite imasu	低気圧が近づいています。	A low-pressure front is approaching.
kore wo shukushou shite insatsu shite kudasai	これを縮小して印刷してください。	Please reduce and print this.
kare ha taimu wo 1 byou chijimeta no	彼はタイムを1秒縮めたの。	He reduced the time by one second.	1
kono fuku no chijimi guai ha hidoi	この服の縮み具合はひどい。	These clothes have shrunk terribly.
kono fuku no chijimi guai ha hidoi	この服の縮み具合はひどい。	These clothes have shrunk terribly.
kono shashin wo hikinobashite kudasai	この写真を引き伸ばしてください。	Please enlarge this photograph.	1
tsuishin oniisan ha ogenki desu ka	追伸、お兄さんはお元気ですか。	P.S. How is your older brother?
kono kaisha no uriage ha sakunen no ni bai ne	この会社の売り上げは昨年の2倍ね。	Sales of the company have doubled from last year.
izen no shuunyuu ha ima no bai ha atta	以前の収入は今の倍はあった。	My previous income was twice what it is now.
kono nimotsu ha juuryou chouka desu	この荷物は重量超過です。	This luggage is overweight.	1
raigetsu tonari no shuu ni hikkoshimasu	来月、隣の州に引っ越します。	I will move to the neighboring state next month.
hikkoshite kankyou ga kawarimashita	引っ越して環境が変わりました。	My environment changed since I moved to a new location.
toutou hikkoshi no hi ga kimashita	とうとう引っ越しの日がきました。	At last, moving day has come.	1
yuubinkyoku ni hikkoshi no todoke wo dashita yo	郵便局に引っ越しの届けを出したよ。	I submitted the change of address notification to the post office.
norikoshi wo kikai de seisan shita no	乗り越しを機械で精算したの。	I paid the excess fare at the machine.	0
riree de kare ha futari oinuita ne	リレーで彼は2人追い抜いたね。	He overtook two people in the relay.
kare ha guruupu kara nukemashita	彼はグループから抜けました。	He left the group.	1
tonneru wo nukeru to umi ga mieta yo	トンネルを抜けると海が見えたよ。	When we came out of the tunnel, we could see the sea.
wain no koruku wo nukimashita	ワインのコルクを抜きました。	I uncorked the wine.	1
kare ha kachou ni shoushin shimashita	彼は課長に昇進しました。	He was promoted to section chief.
asahi ga noborimashita yo	朝日が昇りましたよ。	The morning sun rose.
bukka ha ichidanto joushou shisou da ne	物価は一段と上昇しそうだね。	It seems prices are going up even further.
taiyou ha higashi kara noborimasu	太陽は東から昇ります。	The sun rises in the east.
kodomo ga fuusen wo fukuramasete iru ne	子供が風船を膨らませているね。	The child is blowing up a balloon.
chiimu zen'in ni nafuda ga kubararemashita	チーム全員に名札が配られました。	The name tags were distributed to the whole team.
kare ha kaban kara satsu no taba wo toridashita n da 。	彼はカバンから札の束を取り出したんだ。	He took a bundle of cash out of his bag.
kaisatsu de sanji ni aou	改札で3時に会おう。	Let's meet at the ticket gate at 3 o'clock.
mise no soto ni mada eigyou chuu no fuda ga deteiru yo	店の外にまだ営業中の札がでているよ。	"The ""open for business"" sign is still posted outside the store."
seitotachi ha kounai de ha nafuda wo tsukemasu	生徒たちは校内では名札をつけます。	Students wear name tags in school.
kono ba de orei wo iwasete kudasai	この場でお礼を言わせてください。	Please let me take this opportunity to offer my gratitude.
sensei ni orei no tegami wo kakimashita	先生にお礼の手紙を書きました。	I wrote a thank-you letter to my teacher.
kazoku ni kansha shite imasu	家族に感謝しています。	I am grateful to my family.	1
sensei ni gessha wo watashimashita ka	先生に月謝を渡しましたか。	Did you give the monthly fee to the teacher?
kyou ha hisashiburi ni hi ga sashite ru ne	今日は久しぶりに日が射してるね。	The sun is shining today for the first time in a long time.	1
kuruma no raito ga hansha shite imasu ne	車のライトが反射していますね。	Car lights are being reflected.
puroguramu no katei ni mondai ga aru no	プログラムの過程に問題があるの。	There is a problem in the programming process.
zenbu de rokujikan no koutei desu	全部で6時間の行程です。	It is a six-hour journey in all.
shiken no nittei ga happyou saremashita	試験の日程が発表されました。	The examination schedule was announced.	1
sugureta jinzai no kakuho ha juuyou desu	優れた人材の確保は重要です。	Securing excellent talent is important.	0
kare ha hijouni sugureta senshu desu	彼は非常に優れた選手です。	He is an excellent athlete.
watashi ha zensha no hou ga sugurete iru to omoimasu	私は前者の方が優れていると思います。	I think that the former is excellent.
kono kontesuto ni yuushou suru to kuruma ga moraeru n da	このコンテストに優勝すると車がもらえるんだ。	If you win this contest you can get a car.
watashitachi no chiimu ga yuushou shimashita	私たちのチームが優勝しました。	Our team won the championship.
zasshi ni sono joyuu no taidan ga notte ita yo	雑誌にその女優の対談が載っていたよ。	There was an interview with that actress in a magazine.
kare ha meshita no mono ni mo yasashii n da	彼は目下の者にも優しいんだ。	He's kind to his juniors too.
kare ha mikake ni yorazu yasashii ne	彼は見かけによらず優しいね。	He's kind despite his appearance.
kare ha totemo yuushuu na seito desu	彼はとても優秀な生徒です。	He's a very exceptional student.	1
watashi no hisho ha totemo yuushuu desu	私の秘書はとても優秀です。	My secretary is quite exceptional.
kare ha yuushuu na buka wo motte iru wa ne	彼は優秀な部下を持っているわね。	He has outstanding people working for him.
mizuumi no mizu ha sukitootte ita yo	湖の水は透き通っていたよ。	The water of the lake was transparent.
yuujin no gouin na sasoi wo kotowaremasen deshita	友人の強引な誘いを断れませんでした。	I was not able to decline my friend's persistent invitation.	1
kare ha seito no shidou ga jouzu ne	彼は生徒の指導が上手ね。	He's good at instructing the students.
atarashii koochi no shidou ha kibishikatta	新しいコーチの指導は厳しかった。	The new coach's training was harsh.	1
handoutai ha samazama na seihin ni tsukawarete iru yo	半導体は様々な製品に使われているよ。	Semiconductors are used in many products.
sensei ha watashitachi wo michibiite kuremasu	先生は私たちを導いてくれます。	The teacher guides us.
watashi ha kare no youbou ni oujimashita	私は彼の要望に応じました。	I responded to his demand.
kare ha honsha de hataraku koto wo kibou shite imasu	彼は本社で働くことを希望しています。	He hopes to work at the the head office.
kanojo ha kekkon seikatsu ni shitsubou shite ita no	彼女は結婚生活に失望していたの。	She found married life disappointing.
kare ha watashi to no kekkon wo nozonde imasu	彼は私との結婚を望んでいます。	He wants to marry me.	1
yoru ha 10 ji made ni neru no ga nozomashii no	夜は10時までに寝るのが望ましいの。	It's recommended to go to sleep by ten o'clock at night.	1
okyakusama no youbou wo kikasete kudasai	お客様の要望を聞かせてください。	What would you like to request?	1
kare ha yuubou na shain desu	彼は有望な社員です。	He's a promising employee.	1
kare ha yokubou ga tsuyoi hito desu	彼は欲望が強い人です。	He's a person with strong desires.
sono kuni no hitobito ha heiwa wo machinozonde iru no	その国の人々は平和を待ち望んでいるの。	The citizens of that country are hoping for peace.
kare ha ishi no tsuyoi hito desu	彼は意志の強い人です。	He is a strong-willed man.
watashi ha isha wo kokorozashite imasu	私は医者を志しています。	I am determined to become a doctor.	1
daiichi shibou no daigaku ni ukarimashita	第一志望の大学に受かりました。	I passed the entrance exam for my first-choice college.
zen'in de gijutsu no koujou ni tsutomete imasu	全員で技術の向上に努めています。	We all work together to improve our skills.
watashitachi ha kougai wo herasu you doryoku shite imasu	私たちは公害を減らすよう努力しています。	We are making an effort to decrease pollution.	1
ii seiseki ga toreru you ni tsutomemasu	良い成績が取れるように努めます。	I make efforts to get good grades.
doryoku to kekka ga hirei shite inai no	努力と結果が比例していないの。	The effort and its result are not proportional.	1
sono teido no doryoku de ha fujuubun desu	その程度の努力では不十分です。	That amount of effort is insufficient.	1
yatto doryoku ga minorimashita	やっと努力が実りました。	My effort has finally paid off.
hibi no doryoku ga taisetsu desu	日々の努力が大切です。	It's important to make efforts every day.
kanojo ha kankan ni okotte imasu	彼女はかんかんに怒っています。	She is inflamed with rage.	1
kore ha isshu dokutoku no aji ga suru ne	これは一種独特の味がするね。	This has an unusual sort of taste.
senjitsu kaisha kara dokuritsu shimashita	先日会社から独立しました。	I created my own company the other day.
kare no fuku no sensu ha dokutoku yo ne	彼の服のセンスは独特よね。	His sense of style is unique.	1
kare ha butsubutsu to hitorigoto wo itta n da	彼はぶつぶつと独り言を言ったんだ。	He grumbled to himself.
kanojo ha itsumo hitorigoto wo iu n da	彼女はいつも独り言を言うんだ。	She always talks to herself.
kare no jinseiron ha dokutoku da na	彼の人生論は独特だな。	His philosophy of life is unique.
keisatsu no shirabe de josei no mimoto ga wakarimashita	警察の調べで女性の身元がわかりました。	An investigation by the police uncovered the woman's identity.	1
kanai ha kyuushuu shusshin desu	家内は九州出身です。	My wife is from Kyushu.	1
dokushinsha paateii wo kikaku shita	独身者パーティーを企画した。	I made plans for a singles' party.
igai ni mo kare ha dokushin desu	意外にも彼は独身です。	Surprisingly, he is single.
shinchou ha dore kurai arimasu ka	身長はどれくらいありますか。	How tall are you?
watashi ha shinshin tomoni tsukarete imashita	私は心身共に疲れていました。	I was mentally and physically tired.
ryokouchuu ha mi no anzen ga daiichi desu	旅行中は身の安全が第一です。	Personal safety is paramount while traveling.
korekara shinchou to taijuu wo sokutei shimasu	これから身長と体重を測定します。	Now your height and weight will be measured.	1
kaban no nakami wo misete kudasai	かばんの中身を見せてください。	Please show me the contents of the bag.
watashi ni totte doubutsu ha mijika na sonzai desu	私にとって動物は身近な存在です。	I feel very close to animals.	1
minomawari no osewa ha watashi ga shimasu 。	身の回りのお世話は私がします。	I'll take care of things for you.
minari no ii hito ga haitte kita	身なりのいい人が入ってきた。	A well-dressed person came in.	1
uchi no ko no shinchou ha kurasu de chuu kurai desu	うちの子の身長はクラスで中くらいです。	My child is of average height in class.
kare ha miburi wo majiete setsumei shite kureta no	彼は身振りを交えて説明してくれたの。	He explained it to me while gesturing.
ani to no shinchou no sa ga chijimatta	兄との身長の差が縮まった。	The difference in height between me and my big brother has decreased.	1
watakushi ha hokkaidou no shusshin desu	私は北海道の出身です。	I'm from Hokkaido.
kono 2 sha ga shijou wo dokusen shite imasu	この2社が市場を独占しています。	These two companies monopolize the market.	1
shouko wo mitsukeru made taiho ha dekimasen	証拠を見つけるまで逮捕はできません。	It is not possible to make an arrest until evidence is found.
fuyou ni natta pasokon wo shobun shita n da	不要になったパソコンを処分したんだ。	I disposed of the unneeded personal computer.
ano ikka ha naka ga ii	あの一家は仲がいい。	That family is very close.
kare ha nakama wo uragitta no	彼は仲間を裏切ったの。	He betrayed his friends.
nakama to chikyuu no mirai ni tsuite ronjita no	仲間と地球の未来について論じたの。	I discussed the future of the earth with my friends.
ano 3 ningumi ha nakayoshi desu ne	あの3人組は仲良しですね。	Those three are good friends.
kenka shita tomodachi to nakanaori shimashita	けんかした友達と仲直りしました。	I made up with the friend I had a fight with.	1
anatatachi ha naka ga ii desu ne	あなたたちは仲がいいですね。	You get on well together, don't you?	1
kare ni ha nakama ga takusan iru	彼には仲間がたくさんいる。	He has a lot of peers.
seishiki na shoutaijou wo uketorimashita	正式な招待状を受け取りました。	I received a formal invitation.	1
motto shoumei wo akaruku shite kudasai	もっと照明を明るくしてください。	Please turn up the lighting more.
hizashi ga tsuyoku teritsukemasu ne	日差しが強く照りつけますね。	The sun is shining strongly.	1
iroiro kufuu shite shigoto wo yaritogeta sa	いろいろ工夫して仕事をやりとげたさ。	I made various adjustments and carried out the work.
sumisufujin ga irasshaimashita	スミス夫人がいらっしゃいました。	Mrs. Smith came.	0
shufu no omo na shigoto ha kaji yo	主婦の主な仕事は家事よ。	A housewife's main task is housework.
imoutofuufu ha shinkon desu	妹夫婦は新婚です。	My younger sister and her husband are the newlyweds.	1
saikin sanfujinka no fusoku ga mondai ni natte iru ne	最近、産婦人科の不足が問題になっているね。	Recently, shortages of obstetrics and gynecology specialists have become a problem.
fujinfuku uriba ha 5 kai de gozaimasu	婦人服売り場は5階でございます。	The ladies' clothing department is on the fifth floor.	1
watashitachi fuufu ha kaji wo buntan shite imasu	私たち夫婦は家事を分担しています。	We share the housework in my marriage.
ano fuufu ha watashitachi no nakoudo desu	あの夫婦は私たちの仲人です。	That couple is our go-between.	1
raishuu tsuma no jikka wo houmon shimasu	来週、妻の実家を訪問します。	Next week we'll visit my wife's family home.
kinou no yoru shachougofusai to shokuji wo shimashita	昨日の夜、社長ご夫妻と食事をしました。	I had dinner with the president and his wife last night.
tsuma no fuzaichuu otto ha mainichi gaishoku shita n da	妻の不在中、夫は毎日外食したんだ。	The husband dined out every day during his wife's absence.	1
shachou no okusama ha kirei na kata desu	社長の奥様はきれいな方です。	The president's wife is a beautiful woman.
futari no jitsuryoku ha gokaku desu	二人の実力は互角です。	Their abilities are evenly matched.
otagai wo shinrai suru koto ga daiji desu	お互いを信頼することが大事です。	It is important to trust each other.
danjo kougo ni narande kudasai	男女交互に並んでください。	Please make a line of boy girl boy girl.
chiimu no naka de ha sougo no shinrai ga taisetsu desu	チームの中では相互の信頼が大切です。	Mutual trust within the team is important.
tagai no hanashi wo yoku kikinasai	互いの話をよく聞きなさい。	Listen carefully to each other.
sono mondai ni taisuru saku wo minna de kangaeta no	その問題に対する策を皆で考えたの。	We all thought about measures to address the problem.
minna no kao to namae wo ichidoni ha oboeraremasen	皆の顔と名前を一度には覚えられません。	I can't remember everyone's name and face at once.
minna de atatakaku mimamorimashou	皆で暖かく見守りましょう。	I hope all of us will kindly watch over them.
kare ha wagakuni wo daihyou suru sakka desu	彼は我が国を代表する作家です。	He's a writer who's representative of our country.
zehi wagaya ni asobi ni kite kudasai 。	ぜひ我が家に遊びに来てください。	Please come and visit me at home.	1
kono hon no sakusha ha dare desu ka	この本の作者は誰ですか。	Who is the author of this book?
koukyou no norimono ha dare de mo riyou dekimasu	公共の乗り物は誰でも利用できます。	Public transport is available to everyone.
dare mo kare no kurushimi wo rikai shite inakatta na	誰も彼の苦しみを理解していなかったな。	No one recognized his suffering.
kono kyoku ha dare ga sakkyoku shita no desu ka	この曲は誰が作曲したのですか。	Who composed this tune?	1
kare ni ha dare mo ga shitashimi wo kanjimasu	彼には誰もが親しみを感じます。	Everyone feels close to him. .
dareka ga garagara to ugai wo shite iru ne	誰かがガラガラとうがいをしているね。	Someone is gargling loudly.
misu ha dare ni de mo arimasu	ミスは誰にでもあります。	Everyone makes mistakes.
kono jitensha no mochinushi ha dare desu ka	この自転車の持ち主は誰ですか。	Who is the owner of this bicycle?
soubetsu no ji ha dare ni tanomimashou ka	送別の辞は誰に頼みましょうか。	Whom shall we ask to give a farewell speech?	1
kono hyou ha nenrei kubun goto no jinkou wo arawashite imasu	この表は年齢区分ごとの人口を表しています。	This table shows the population divided into age groups.
kare ha kourei wo riyuu ni shachou wo yameta yo	彼は高齢を理由に社長を辞めたよ。	He gave up the company presidency due to age.	1
oubosha no nenrei ha toimasen	応募者の年齢は問いません。	Applicants of all ages are accepted.	1
kanojo no nenrei ha 27 desu	彼女の年齢は27です。	She's 27 years old.
koko ha geijutsu wo aisuru kuni desu	ここは芸術を愛する国です。	This is a country where art is loved.
kodomo ha takusan no aijou ga hitsuyou desu	子供はたくさんの愛情が必要です。	Children need plenty of love.
kanojo ha musume ni kawairashii fuku wo tsukurimashita ne	彼女は娘に可愛らしい服を作りましたね。	She made her daughter some lovely clothes.
futari no ai ha masumasu fukamatteiru ne	二人の愛はますます深まっているね。	Their love has become deeper and deeper.
kono burando no maaku ha kawaii desu ne	このブランドのマークは可愛いですね。	This brand logo is cute.
ai ga nakereba jinsei ha munashii yo	愛がなければ人生はむなしいよ。	Life is empty without love.	1
kodomo ha oya no ai wo motomemasu	子供は親の愛を求めます。	Children need their parents' love.
kanojo ha koi wo shite kirei ni natta ne	彼女は恋をしてきれいになったね。	She fell in love and became beautiful.	1
kare ha saikin shitsuren shita rashii no	彼は最近、失恋したらしいの。	I hear he had a broken heart recently.
koisuru kimochi wo uta ni shimashita	恋する気持ちを歌にしました。	I expressed my feelings of love in my song.
kare ha mada shitsuren wo hikizutte imasu	彼はまだ失恋を引きずっています。	He's still dragging along the emotional baggage of a romantic breakup.
kanojo ha ren'ai ni akogareru toshi goro desu	彼女は恋愛にあこがれる年ごろです。	She's at that age when girls yearn for romance.
watashi no hatsukoi ha shougakusei no toki desu	私の初恋は小学生の時です。	My first love was when I was at elementary school.
mittsu no machi ga tougou sarete atarashii shi ga tanjou shita no yo	三つの町が統合されて新しい市が誕生したのよ。	Three towns were merged and a new city was created.
sengetsu musume ga tanjou shimashita	先月、娘が誕生しました。	My daughter was born last month.	1
kanojo no tanjoubi paateii wo hisoka ni keikaku shite imasu	彼女の誕生日パーティーを密かに計画しています。	We're secretly planning a birthday party for her.
kokkai no kaiki ga enchou sareta wa ne	国会の会期が延長されたわね。	The session of the Diet has been extended.
undoukai ha ame de enki saremashita	運動会は雨で延期されました。	The athletic meet was postponed due to rain.	1
kaigi ha shiasatte ni enki sareta	会議は明々後日に延期された。	The meeting was postponed to three days from today.
kouji no yotei ga 1 kagetsu nobite shimatta	工事の予定が1ヶ月延びてしまった。	The construction schedule has been postponed for one month.
shuppatsu wo isshuukan nobashita no	出発を一週間延ばしたの。	I delayed my departure for a week.
kazoku de kare no goukaku wo iwatta yo	家族で彼の合格を祝ったよ。	His whole family celebrated him having passed the exam.	1
mina ga kawarugawaru karera wo shukufuku shita yo	皆が代わる代わる彼らを祝福したよ。	Everyone congratulated them by turns.
kare ha tanjun na hito desu	彼は単純な人です。	He's an uncomplicated person.
kodomo no junsui na kokoro wo kizutsukete ha ikemasen	子供の純粋な心を傷付けてはいけません。	You shouldn't hurt children's pure hearts.
kanojo ha zutto joyuu ni naru no ga yume deshita	彼女はずっと女優になるのが夢でした。	It has always been her dream to become an actress.
kanojotachi ha oshaberi ni muchuu desu	彼女たちはおしゃべりに夢中です。	Those women are absorbed in their conversation.
uchi no ko ha sono hon ni muchuu desu	うちの子はその本に夢中です。	Our child is fascinated by that book.	1
mouichido shinchou ni minaoshimashou	もう一度慎重に見直しましょう。	Let's carefully review it again.
kanojo ha nakigao ni natta no	彼女は泣き顔になったの。	She looked like she was about to cry.	1
kanojo ha namida wo nagashita n da	彼女は涙を流したんだ。	She shed tears.
akachan no egao ga kawaii	赤ちゃんの笑顔が可愛いい。	The baby's smile is cute.
kare ha karakara to waraimashita	彼はからからと笑いました。	He laughed loudly.
kanojo ha itsu made mo geragera waratte ita na	彼女はいつまでもげらげら笑っていたな。	She kept on laughing aloud.
kare ha warai no tensai da ne	彼は笑いの天才だね。	He's a comic genius.	1
shinsetsu ha kanarazushimo yorokobareru wake de ha nai	親切は必ずしも喜ばれるわけではない。	Kindness does not please people all the time.
watashitachi ha banzai wo shite yorokobi wo arawashimashita	私たちは万歳をして喜びを表しました。	We expressed our joy by throwing our arms in the air.	1
otouto ha atarashii jitensha ni ooyorokobi desu	弟は新しい自転車に大喜びです。	My little brother is overjoyed with his new bike.
watashi ha hito wo yorokobasu no ga daisuki desu	私は人を喜ばすのが大好きです。	I love to make other people happy.	1
watashi no shoushin wo mina ga yorokonde kureta no	私の昇進を皆が喜んでくれたの。	Everyone was pleased with my promotion.
machigaeru koto ha haji de ha arimasen	間違えることは恥ではありません。	There's no shame in making a mistake.
benron taikai de yuushou shita koto ga arimasu	弁論大会で優勝したことがあります。	I've won a speech contest before.
minna de kankyou wo hogo shimashou	みんなで環境を保護しましょう。	Let's all protect the environment.	1
yuujin ga watashi wo bengo shite kuremashita	友人が私を弁護してくれました。	My friend defended me.	1
watashi ha kono ko no hogosha desu	私はこの子の保護者です。	I'm this child's guardian.	1
kaikeishi ni shikin unyou ni tsuite soudan shita yo	会計士に資金運用について相談したよ。	I consulted an accountant about managing my assets.	1
okujou kara fujisan ga miemashita	屋上から富士山が見えました。	Mt. Fuji could be seen from the rooftop.
kare ha tsuini bengoshi no shikaku wo totta yo	彼はついに弁護士の資格を取ったよ。	He finally passed the bar examination.
kare to watashi ha itoko doushi desu	彼と私はいとこ同士です。	He and I are cousins.
chichi ha bengoshi desu	父は弁護士です。	My father's a lawyer.
kare ha bengoshi bajji wo tsukete ita yo	彼は弁護士バッジを付けていたよ。	He was wearing a lawyer's badge.
kono byouin ha nijuuyojikan kango desu	この病院は24時間看護です。	This hospital has around-the-clock care.
kanojo ha hitobanjuu kare wo kanbyou shita no	彼女は一晩中彼を看病したの。	She nursed him all night long.
kare tomodachi no iken wo hitei shita	彼、友達の意見を否定した。	He disagreed with his friend's opinion.
nihon no furui ryourihou ni tsuite no kijutsu wo yonda n da	日本の古い料理法についての記述を読んだんだ。	I read a description of ancient Japanese cooking methods.
saiban no yousu ha terebi de chuukei sareta wa yo	裁判の様子はテレビで中継されたわよ。	Scenes of the trial were broadcast on television.
karera ha saibansho no mae de shirase wo matte imasu	彼らは裁判所の前で知らせを待っています。	They are waiting for information in front of the courthouse.
ano hito ha nipponginkou no sousai desu	あの人は日本銀行の総裁です。	That person is the president of the Bank of Japan.
kanojo no uttae ha mitomerareta wa	彼女の訴えは認められたわ。	Her complaint was admitted.	1
sotsugyou go no shinro wo mayotte imasu	卒業後の進路を迷っています。	I'm having trouble deciding what path I'll take after graduation.
fuku wo kau no ni arekore mayoimashita	服を買うのにあれこれ迷いました。	When I was buying clothes, I couldn't decide between different things.	0
dono saakuru ni hairu ka mayotchatta	どのサークルに入るか迷っちゃった。	I wasn't sure which club to join.
mura no hitotachi ha meishin wo shinjite imasu	村の人たちは迷信を信じています。	The people in the village believe in superstition.	1
uchi no ko ga maigo ni narimashita	うちの子が迷子になりました。	Our child has gotten lost.
shitsukoi meiwaku meeru ni komatte iru	しつこい迷惑メールに困っている。	I am having trouble with persistent junk mail.
koko ha kiken kuiki yo	ここは危険区域よ。	This is a danger zone.
sono toshi kono chiiki de ha oomizu ga arimashita	その年、この地域では大水がありました。	In that year there was a flood in this area.	1
koko kara ha michi no ryouiki desu	ここからは未知の領域です。	It's an unknown area from here on.	0
jibun jishin wo utagatte ha ikemasen	自分自身を疑ってはいけません。	Don't doubt yourself.
kare ha nusumi no utagai wo kakerareta no	彼は盗みの疑いをかけられたの。	He was suspected of the theft.	0
naze anata ha watashi wo utagau no desu ka	なぜあなたは私を疑うのですか。	Why do you doubt me?
utagawashii basho ha zenbu shirabeyou	疑わしい場所は全部調べよう。	Let's search in all the suspicious places.
uchuu no nazo ha kagiri naku ookii no	宇宙の謎は限りなく大きいの。	The mystery of space is infinitely deep.
nazo no buttai ga sora wo tonde imasu	謎の物体が空を飛んでいます。	A mysterious object is flying in the sky.	1
piramiddo ni ha nazo ga ooi n da	ピラミッドには謎が多いんだ。	There are a lot of mysteries about the pyramids.	0
kare no seichou ha ichijirushii desu	彼の成長は著しいです。	His progress is remarkable.
kono hon de ha shizen no taisetsusa ga yoku arawasarete iru yo	この本では自然の大切さがよく著されているよ。	The importance of nature is well written in this book.
kono hon no chosha ha igirisujin desu	この本の著者はイギリス人です。	The author of this book is British.
kare no atarashii chosho ga shuppan sareta ne	彼の新しい著書が出版されたね。	His new book was published.
watashitachi ni ha shiru kenri ga arimasu	私たちには知る権利があります。	We have the right to know.
kare ha kono kuni de ooki na kenryoku wo motte iru wa	彼はこの国で大きな権力を持っているわ。	He has a lot of power in this country.	1
subete no hito ni jinken ga aru	全ての人に人権がある。	All people have human rights.	1
sono kenryokusha ni yoru shihai ha gojuunen ijou tsuzuita n desu	その権力者による支配は50年以上続いたんです。	The potentate continued to rule for over 50 years.
genron no jiyuu ha kokumin no kenri desu	言論の自由は国民の権利です。	Freedom of speech is the right of the people.
kare ha shiai no tochuu de kiken shita zo	彼は試合の途中で棄権したぞ。	He sat out during the game.
tanin no kenri wo okashiteha narimasen	他人の権利を侵してはなりません。	You shouldn't infringe on other people's rights.
karera ga utte ita no ha nisemono da	彼らが売っていたのは偽物だ。	What they were selling was a fake.	1
kare no koui ha minna no gokai wo maneita wa	彼の行為はみんなの誤解を招いたわ。	His actions ended up misleading everyone.
okurimono ni tegaki no kaado wo soemashita	贈り物に手書きのカードを添えました。	I attached a hand-written card to the gift.
oiwai ni bara no hanataba wo okurimashita	お祝いにばらの花束を贈りました。	I gave her a bouquet of roses to celebrate the occasion.
kono dezain ha kazukazu no shou wo ukete imasu	このデザインは数々の賞を受けています。	This design has received a lot of prizes.
kare ha kujibiki de ittou shou wo ateta yo	彼はくじ引きで一等賞を当てたよ。	He won the first prize in the lottery.
shoukin wo morattara kouhei ni wakemashou	賞金をもらったら公平に分けましょう。	If we win the prize, let's share it equally.
paateii no bingo no shouhin ha nani ga iidarou	パーティーのビンゴの賞品は何がいいだろう。	What might be a good prize for bingo at the party?	1
ano kashu ha 3 bumon de shou wo totta no	あの歌手は3部門で賞を取ったの。	That singer took the prize in three categories.	0
nihonjin ga nooberushou wo totta yo	日本人がノーベル賞を取ったよ。	A Japanese person won the Nobel prize.
yatou ga yotou wo kibishiku hinan shite imashita ne	野党が与党を厳しく非難していましたね。	The opposition party was severely criticizing the ruling party.
kare ni ha raku na shigoto ga ataerareta yo	彼には楽な仕事が与えられたよ。	He was given an easy job.	1
kuni no zaisei ha totemo kurushii joutai da na	国の財政はとても苦しい状態だな。	The country's finances are in a very tight condition.
kare ha kabu de zaisan no hanbun wo ushinatta no	彼は株で財産の半分を失ったの。	He lost half his assets in the stock market.
kono tatemono ha kuni no bunkazai desu	この建物は国の文化財です。	This building is a national cultural asset.	1
shiryou ha joshu ni azukete oite kudasai	資料は助手に預けておいてください。	Please hand the materials to my assistant.
yokin ni ha risoku ga tsukimasu	預金には利息がつきます。	Savings gain interest.
watashi ha kono ginkou ni yokin shite imasu	私はこの銀行に預金しています。	I've deposited money in this bank.
kare ha kinyuu kankei no kaisha de hataraite imasu	彼は金融関係の会社で働いています。	He works at a financial company.
densha ha gofun kankaku de kimasu yo	電車は5分間隔で来ますよ。	The train comes every five minutes.
konsaato ha yoru shichi ji go fun ni shuuryou shimashita	コンサートは夜7時5分に終了しました。	The concert ended at 7:05 pm.
shigoto ha subete kanryou shimashita	仕事は全て完了しました。	I completed all the work.
ichinensei no katei wo shuuryou shita no	一年生の課程を修了したの。	He completed the first-year curriculum.
sengetsu sono koosu wo shuuryou shimashita	先月、そのコースを修了しました。	I finished the course last month.
kore ha seifu no shounin wo uketa shikaku desu	これは政府の承認を受けた資格です。	This is a qualification approved by the government	1
sono koto ha shouchi shite orimasu	そのことは承知しております。	I know that.	1
jidoushazei wo osameta yo	自動車税を納めたよ。	I paid my car tax.
kare ha kabushiki no baibai de tagaku no rieki wo eta no sa	彼は株式の売買で多額の利益を得たのさ。	He gained a large profit through buying and selling stocks.
nantoka oya wo settoku shite miru yo	なんとか親を説得してみるよ。	I will try my best to persuade my parents.
koko ni kyonen no shotoku wo go kinyuu kudasai	ここに去年の所得をご記入ください。	Please fill in last year's income here.
kare ha kokumin no shiji wo eta no yo	彼は国民の支持を得たのよ。	He won the people's support.
kare no tokui na gakka ha suugaku desu	彼の得意な学科は数学です。	Math is his strong subject.	1
kare ha taikin wo emashita yo	彼は大金を得ましたよ。	He obtained a lot of money.	1
watashi ha ryokou kara ooku no chishiki wo eta	私は旅行から多くの知識を得た。	I gained a lot of knowledge from traveling.
kare no setsumei de nattoku dekimashita	彼の説明で納得できました。	I was able to accept his explanation.	1
sono eiga ha yoi hihyou wo ete iru n da	その映画はよい批評を得ているんだ。	The movie received critical acclaim.
watashi ha suugaku ga futokui desu	私は数学が不得意です。	I'm not good at math.
netto de toku suru jouhou wo mitsuketa yo	ネットで得する情報を見つけたよ。	I found good deals on the internet.
kono kuruma wo ima kau to o toku desu yo	この車を今買うとお得ですよ。	There's a special offer on this car if you buy it now.	1
pachinko de 5000 en son shimashita	パチンコで5000円損しました。	I lost 5,000 yen at pachinko.
machi ha taifuu de ookina songai wo uketa n da	町は台風で大きな損害を受けたんだ。	The town sustained a lot of damages because of the typhoon.
wazawaza itte son shita	わざわざ行って損した。	I wasted my time going to all that trouble.
kare ha shigoto ni iyoku wo moyashite imasu	彼は仕事に意欲を燃やしています。	He is very motivated to work.
kuruma kara nenryou ga morete imasu yo	車から燃料がもれていますよ。	Fuel is leaking from the car.	1
furui tegami wo moyashita n da	古い手紙を燃やしたんだ。	I burned some old letters.	1
umi de hiyake shita n da	海で日焼けしたんだ。	I got sunburnt at the seaside.
kare ha yakiniku ga daisuki desu	彼は焼き肉が大好きです。	He loves beef barbecue.
kyou ha yuuyake ga kirei desu	今日は夕焼けがきれいです。	The sunset glow is beautiful today.	1
omatsuri de yakisoba wo tabeta yo	お祭りで焼きそばを食べたよ。	I ate pan-fried noodles at the festival.
fuyu ha kuuki ga kansou shimasu ne	冬は空気が乾燥しますね。	The air in winter is dry.	1
ano kaisha no kanbu ha minna totemo yuushuu da ne	あの会社の幹部は皆とても優秀だね。	That company's executives are all exceptional people.
shinkansen no saikou jisoku ha sanbyakukiro desu	新幹線の最高時速は300キロです。	The highest speed of the shinkansen bullet train is 300 km/h.
shinkansen no sokudo ha dore kurai desu ka	新幹線の速度はどれくらいですか。	How fast is the speed of the Shinkansen?
kono ki no miki ha totemo futoi yo	この木の幹はとても太いよ。	The trunk of this tree is very thick.
kare no kongetsu no gyouseki ha subarashii desu	彼の今月の業績は素晴らしいです。	His performance this month was amazing.
watashitachi ha sanso nashi de ha ikite ikenai	私たちは酸素無しでは生きていけない。	We can't live without oxygen.
kanojo ha totemo sunao de kawaii desu ne	彼女はとても素直で可愛いですね。	She is very honest and cute.
mizu ha suiso to sanso de dekite imasu	水は水素と酸素でできています。	Water is made of hydrogen and oxygen.	1
kare ha subayaku atari wo mimawashita no	彼は素早くあたりを見回したの。	He quickly looked around.
kare no supiichi ha subarashikatta 。	彼のスピーチは素晴らしかった。	His speech was excellent.
kono kusuri no kikime ha subarashii no	この薬の効き目は素晴らしいの。	This medicine is so effective.
kare ha sunao na kokoro wo motte iru	彼は素直な心を持っている。	He has a good heart.	1
